# This file uses centimeters as units for non-parametric coordinates.

mtllib fingermodell.mtl
g default
v -1.280574 -0.344173 0.999995
v -1.254953 -0.439791 0.900000
v -1.182382 -0.420346 0.900000
v -1.109810 -0.400900 0.900000
v -1.135398 -0.305406 0.999994
v -1.207987 -0.324786 0.999994
v -1.108968 -0.305406 1.163280
v -1.059182 -0.305406 1.321022
v -0.987089 -0.305406 1.469896
v -1.112386 -0.344173 1.542236
v -1.195192 -0.344173 1.370517
v -1.251669 -0.344173 1.188433
v -0.831253 -0.828960 0.999987
v -0.902095 -0.760674 0.900000
v -0.955221 -0.813800 0.900000
v -1.008347 -0.866926 0.900000
v -0.937648 -0.935708 0.999991
v -0.884443 -0.882341 0.999989
v -0.934418 -0.930112 1.048686
v -0.929927 -0.922334 1.096980
v -0.924188 -0.912395 1.144743
v -0.820740 -0.810751 1.107297
v -0.825058 -0.818230 1.071859
v -0.828565 -0.824304 1.036064
v -0.344173 1.280574 0.999995
v -0.439791 1.254953 0.900000
v -0.420346 1.182382 0.900000
v -0.400900 1.109810 0.900000
v -0.305406 1.135398 0.999994
v -0.324786 1.207987 0.999994
v -0.305406 1.105797 1.176298
v -0.305406 1.048992 1.345806
v -0.305406 0.966381 1.504346
v -0.305406 0.859997 1.648019
v -0.305406 0.732456 1.773290
v -0.305406 0.586896 1.877077
v -0.305406 0.426898 1.956828
v -0.305406 0.256398 2.010580
v -0.344173 0.288943 2.151551
v -0.344173 0.482562 2.090380
v -0.344173 0.664121 1.999460
v -0.344173 0.829084 1.881065
v -0.344173 0.973328 1.738154
v -0.344173 1.093249 1.574297
v -0.344173 1.185849 1.393590
v -0.344173 1.248816 1.200548
v -1.135398 0.305406 0.999994
v -1.109810 0.400900 0.900000
v -1.182382 0.420346 0.900000
v -1.254953 0.439791 0.900000
v -1.280574 0.344173 0.999995
v -1.207987 0.324786 0.999994
v -1.251669 0.344173 1.188433
v -1.195192 0.344173 1.370517
v -1.112386 0.344173 1.542236
v -0.987089 0.305406 1.469896
v -1.059182 0.305406 1.321022
v -1.108968 0.305406 1.163280
v 1.280019 -0.341602 0.999991
v 1.306717 -0.246606 0.900000
v 1.234146 -0.227161 0.900000
v 1.161574 -0.207715 0.900000
v 1.134558 -0.302384 0.999988
v 1.207286 -0.322002 0.999990
v 1.110408 -0.288441 1.134892
v 1.067267 -0.263534 1.263326
v 1.006324 -0.228348 1.381752
v 0.929257 -0.183854 1.486908
v 1.037239 -0.201433 1.589212
v 1.129936 -0.254951 1.462151
v 1.202598 -0.296903 1.318757
v 1.253115 -0.326069 1.163198
v 0.305406 1.135398 0.999994
v 0.400900 1.109810 0.900000
v 0.420346 1.182382 0.900000
v 0.439791 1.254953 0.900000
v 0.344173 1.280574 0.999995
v 0.324786 1.207987 0.999994
v 0.344173 1.248816 1.200548
v 0.344173 1.185849 1.393590
v 0.344173 1.093249 1.574297
v 0.344173 0.973328 1.738154
v 0.344173 0.829084 1.881065
v 0.344173 0.664121 1.999460
v 0.344173 0.482562 2.090380
v 0.344173 0.288943 2.151551
v 0.305406 0.256398 2.010580
v 0.305406 0.426898 1.956828
v 0.305406 0.586896 1.877077
v 0.305406 0.732456 1.773290
v 0.305406 0.859997 1.648019
v 0.305406 0.966381 1.504346
v 0.305406 1.048992 1.345806
v 0.305406 1.105797 1.176298
v -0.341523 -1.279881 0.999991
v -0.246606 -1.306717 0.900000
v -0.227161 -1.234146 0.900000
v -0.207715 -1.161574 0.900000
v -0.302274 -1.134366 0.999987
v -0.321908 -1.207121 0.999989
v -0.299585 -1.129710 1.036064
v -0.296079 -1.123636 1.071859
v -0.291761 -1.116158 1.107297
v -0.328063 -1.256568 1.144743
v -0.333801 -1.266508 1.096980
v -0.338292 -1.274286 1.048686
v 0.829151 -0.831364 0.999988
v 0.760674 -0.902095 0.900000
v 0.813800 -0.955221 0.900000
v 0.866926 -1.008347 0.900000
v 0.935845 -0.937728 0.999991
v 0.882505 -0.884539 0.999990
v 0.908942 -0.922195 1.163198
v 0.858425 -0.893029 1.318757
v 0.785762 -0.851077 1.462151
v 0.693065 -0.797559 1.589212
v 0.623851 -0.712833 1.486908
v 0.700918 -0.757328 1.381752
v 0.761861 -0.792513 1.263326
v 0.805001 -0.817421 1.134892
v 0.623071 -0.007077 1.840461
v 0.526327 -0.064026 1.926574
v 0.634654 -0.081661 2.029205
v 0.731052 -0.024656 1.942765
v 0.467276 -0.189460 1.938152
v 0.397716 -0.309943 1.938152
v 0.318611 -0.423799 1.926574
v 0.388048 -0.508796 2.029205
v 0.482589 -0.374033 2.043699
v 0.565216 -0.230918 2.043699
v 0.515274 -0.512572 1.717010
v 0.539829 -0.522601 1.691542
v 0.568446 -0.526592 1.667087
v 0.599288 -0.523764 1.645309
v 0.630006 -0.514665 1.627253
v 0.660157 -0.499340 1.612776
v 0.689235 -0.477705 1.601847
v 0.714928 -0.450713 1.595288
v 0.735667 -0.420452 1.593116
v 0.751289 -0.387218 1.595219
v 0.761610 -0.351376 1.601685
v 0.765657 -0.315308 1.612481
v 0.763780 -0.281478 1.626794
v 0.756280 -0.250221 1.644693
v 0.743319 -0.221988 1.666328
v 0.725574 -0.199117 1.690687
v 0.704621 -0.182832 1.716120
v 0.680781 -0.173256 1.742409
v 0.654216 -0.170547 1.769214
v 0.626494 -0.175292 1.794555
v 0.599337 -0.186537 1.816676
v 0.572758 -0.203943 1.835219
v 0.546780 -0.227348 1.849747
v 0.523082 -0.255464 1.858729
v 0.502966 -0.286102 1.861817
v 0.486558 -0.318865 1.858986
v 0.474127 -0.353515 1.850231
v 0.466954 -0.387798 1.835865
v 0.465318 -0.419583 1.817418
v 0.469337 -0.448739 1.795362
v 0.479262 -0.475102 1.770067
v 0.495014 -0.496727 1.743290
v 0.872005 -0.325604 1.508200
v 0.801176 -0.462559 1.515339
v 0.717984 -0.592376 1.508200
v 0.317665 -0.536057 1.840461
v 0.386879 -0.620782 1.942765
v 0.799147 -0.661811 1.613207
v 0.892899 -0.515516 1.621252
v 0.972719 -0.361176 1.613207
v 0.573827 -0.380648 1.964039
v 0.592365 -0.343092 1.967733
v 0.615824 -0.308361 1.963878
v 0.643824 -0.277420 1.952454
v 0.674261 -0.253211 1.934347
v 0.705060 -0.237129 1.911564
v 0.736980 -0.229093 1.884045
v 0.767915 -0.230487 1.853854
v 0.795452 -0.240929 1.823830
v 0.819090 -0.260033 1.794762
v 0.838107 -0.287478 1.767274
v 0.850479 -0.321087 1.743648
v 0.855546 -0.357876 1.725017
v 0.853135 -0.398266 1.710762
v 0.842631 -0.439308 1.701985
v 0.825066 -0.477442 1.699034
v 0.800970 -0.511789 1.701757
v 0.778673 -0.534695 1.707693
v 0.753936 -0.553698 1.716899
v 0.728172 -0.568150 1.728866
v 0.702293 -0.577862 1.743256
v 0.675718 -0.583172 1.760584
v 0.649807 -0.583583 1.780340
v 0.625930 -0.579006 1.801731
v 0.605178 -0.570076 1.823622
v 0.587542 -0.556843 1.846059
v 0.573003 -0.539241 1.869025
v 0.562550 -0.517834 1.891259
v 0.556486 -0.493681 1.911619
v 0.554699 -0.467996 1.929175
v 0.557035 -0.440017 1.944261
v 0.563475 -0.410450 1.956182
v 0.344173 -0.198242 2.264027
v 0.246606 -0.290675 2.308197
v 0.207715 -0.323325 2.166774
v 0.305406 -0.230788 2.123055
v 0.190000 -0.030332 2.102240
v 0.186395 0.005434 2.094586
v 0.175514 0.041080 2.088083
v 0.157612 0.074050 2.083088
v 0.134351 0.102311 2.079543
v 0.106018 0.125627 2.077132
v 0.072768 0.143640 2.075572
v 0.036572 0.154618 2.074746
v 0.000000 0.158262 2.074501
v -0.036572 0.154618 2.074746
v -0.072768 0.143640 2.075572
v -0.106018 0.125627 2.077132
v -0.134351 0.102311 2.079543
v -0.157612 0.074050 2.083088
v -0.175514 0.041080 2.088083
v -0.186395 0.005434 2.094586
v -0.190000 -0.030332 2.102240
v -0.186395 -0.065834 2.111040
v -0.175514 -0.100723 2.120821
v -0.157612 -0.132546 2.130785
v -0.134351 -0.159501 2.139987
v -0.106018 -0.181514 2.148041
v -0.072768 -0.198388 2.154535
v -0.036572 -0.208617 2.158606
v 0.000000 -0.211999 2.159983
v 0.036572 -0.208617 2.158606
v 0.072768 -0.198388 2.154535
v 0.106018 -0.181514 2.148041
v 0.134351 -0.159501 2.139987
v 0.157612 -0.132546 2.130785
v 0.175514 -0.100723 2.120821
v 0.186395 -0.065834 2.111040
v 0.069561 -0.319641 2.182728
v -0.069561 -0.319641 2.182728
v -0.207715 -0.323325 2.166774
v -0.305406 -0.230788 2.123055
v -0.154021 0.263171 2.039920
v 0.000000 0.265442 2.049757
v 0.154021 0.263171 2.039920
v 0.082627 -0.286064 2.328168
v -0.082627 -0.286064 2.328168
v -0.246606 -0.290675 2.308197
v -0.344173 -0.198242 2.264027
v -0.862386 0.344173 1.975249
v -0.831650 0.246606 2.072974
v -0.705953 0.207715 2.000402
v -0.737089 0.305406 1.902909
v -0.858576 0.190000 1.742109
v -0.877371 0.186395 1.710731
v -0.896926 0.175514 1.680227
v -0.915758 0.157612 1.652707
v -0.932439 0.134351 1.629621
v -0.946577 0.106018 1.610924
v -0.957721 0.072768 1.596686
v -0.964604 0.036572 1.588095
v -0.966910 0.000000 1.585263
v -0.964604 -0.036572 1.588095
v -0.957721 -0.072768 1.596686
v -0.946577 -0.106018 1.610924
v -0.932439 -0.134351 1.629621
v -0.915758 -0.157612 1.652707
v -0.896926 -0.175514 1.680227
v -0.877371 -0.186395 1.710731
v -0.858576 -0.190000 1.742109
v -0.840799 -0.186395 1.774075
v -0.824159 -0.175514 1.806263
v -0.809743 -0.157612 1.836332
v -0.798090 -0.134351 1.862321
v -0.788967 -0.106018 1.883913
v -0.782209 -0.072768 1.900683
v -0.778210 -0.036572 1.910940
v -0.776910 0.000000 1.914352
v -0.778210 0.036572 1.910940
v -0.782209 0.072768 1.900683
v -0.788967 0.106018 1.883913
v -0.798090 0.134351 1.862321
v -0.809743 0.157612 1.836332
v -0.824159 0.175514 1.806263
v -0.840799 0.186395 1.774075
v -0.720133 0.069561 2.008589
v -0.720133 -0.069561 2.008589
v -0.705953 -0.207715 2.000402
v -0.737089 -0.305406 1.902909
v -1.013167 -0.154021 1.484952
v -1.021910 0.000000 1.490000
v -1.013167 0.154021 1.484952
v -0.849401 0.082627 2.083222
v -0.849401 -0.082627 2.083222
v -0.831650 -0.246606 2.072974
v -0.862386 -0.344173 1.975249
v -0.227056 -1.004086 1.590260
v -0.309238 -0.951046 1.692490
v -0.345656 -1.091906 1.730056
v -0.263358 -1.144496 1.627706
v -0.436791 -0.895666 1.696728
v -0.557274 -0.826105 1.696728
v -0.669011 -0.743331 1.692490
v -0.772791 -0.845300 1.730056
v -0.640680 -0.944436 1.735361
v -0.497565 -1.027063 1.735361
v -0.695452 -0.820753 1.403416
v -0.697342 -0.831256 1.368246
v -0.693404 -0.846245 1.333734
v -0.683423 -0.864820 1.302302
v -0.668345 -0.885270 1.275712
v -0.648229 -0.907113 1.254017
v -0.622998 -0.929912 1.237390
v -0.593896 -0.951892 1.227304
v -0.562997 -0.971529 1.223955
v -0.530609 -0.988575 1.227270
v -0.497072 -1.002897 1.237341
v -0.464756 -1.013439 1.253985
v -0.435827 -1.020004 1.275726
v -0.410644 -1.022876 1.302366
v -0.389637 -1.022254 1.333847
v -0.374740 -1.018179 1.368392
v -0.366609 -1.011293 1.403574
v -0.365272 -1.001782 1.439056
v -0.370798 -0.989625 1.474461
v -0.383195 -0.975334 1.507245
v -0.401042 -0.959754 1.535370
v -0.423945 -0.942756 1.558587
v -0.451630 -0.924192 1.576516
v -0.482358 -0.905002 1.587420
v -0.513821 -0.886355 1.591007
v -0.545662 -0.868348 1.587329
v -0.577586 -0.851256 1.576352
v -0.607451 -0.836483 1.558387
v -0.633585 -0.825063 1.535170
v -0.655992 -0.817307 1.507057
v -0.674573 -0.813630 1.474288
v -0.687877 -0.814862 1.438894
v -0.437408 -1.065654 1.115091
v -0.575669 -0.997089 1.117704
v -0.704180 -0.911633 1.115091
v -0.756036 -0.698679 1.590260
v -0.859484 -0.800323 1.627706
v -0.792832 -1.026083 1.153526
v -0.648009 -1.122385 1.156470
v -0.492197 -1.199654 1.153526
v -0.566651 -1.023053 1.628704
v -0.537473 -1.040861 1.621822
v -0.509996 -1.058707 1.608625
v -0.485866 -1.075723 1.589879
v -0.466259 -1.091215 1.567060
v -0.450852 -1.105729 1.539728
v -0.440466 -1.118924 1.508699
v -0.436082 -1.130124 1.475661
v -0.437568 -1.138925 1.442698
v -0.444883 -1.145369 1.409968
v -0.458029 -1.149345 1.377603
v -0.476590 -1.150310 1.347615
v -0.499157 -1.148195 1.321511
v -0.524709 -1.143003 1.299942
v -0.553705 -1.134415 1.282372
v -0.584597 -1.122482 1.270085
v -0.615552 -1.107751 1.263708
v -0.649243 -1.088366 1.263617
v -0.681631 -1.065998 1.271181
v -0.710563 -1.042033 1.286482
v -0.734109 -1.018489 1.308295
v -0.751643 -0.996673 1.335441
v -0.763527 -0.976630 1.368376
v -0.768535 -0.960353 1.405102
v -0.766765 -0.949022 1.442735
v -0.758411 -0.942817 1.480674
v -0.743445 -0.941845 1.518275
v -0.722563 -0.946303 1.552505
v -0.697564 -0.955189 1.581078
v -0.667988 -0.968287 1.604277
v -0.634809 -0.984898 1.620673
v -0.600316 -1.003622 1.628812
v -1.096626 0.000000 1.660155
v -1.094379 -0.036562 1.663018
v -1.087660 -0.072756 1.671700
v -1.076765 -0.106010 1.686082
v -1.062908 -0.134351 1.704947
v -1.046510 -0.157616 1.728205
v -1.027928 -0.175519 1.755875
v -1.008542 -0.186397 1.786475
v -0.989811 -0.190000 1.817878
v -0.971981 -0.186397 1.849801
v -0.955173 -0.175519 1.881890
v -0.940502 -0.157616 1.911817
v -0.928559 -0.134351 1.937647
v -0.919149 -0.106010 1.959080
v -0.912142 -0.072756 1.975707
v -0.907982 -0.036562 1.985866
v -0.906626 0.000000 1.989244
v -0.907982 0.036562 1.985866
v -0.912142 0.072756 1.975707
v -0.919149 0.106010 1.959080
v -0.928559 0.134351 1.937647
v -0.940502 0.157616 1.911817
v -0.955173 0.175519 1.881890
v -0.971981 0.186397 1.849801
v -0.989811 0.190000 1.817878
v -1.008542 0.186397 1.786475
v -1.027928 0.175519 1.755875
v -1.046510 0.157616 1.728205
v -1.062908 0.134351 1.704947
v -1.076765 0.106010 1.686082
v -1.087660 0.072756 1.671700
v -1.094379 0.036562 1.663018
v -1.141774 0.173572 1.559204
v -1.151626 0.000000 1.564892
v -1.141774 -0.173572 1.559204
v -1.154569 -0.243660 0.900000
v -1.177165 -0.081743 0.900000
v -1.177165 0.081743 0.900000
v -1.154569 0.243660 0.900000
v -1.144662 -0.200408 1.104905
v -1.092224 -0.191227 1.303584
v -1.162073 0.000000 1.104905
v -1.108837 0.000000 1.303584
v -1.144662 0.200408 1.104905
v -1.092224 0.191227 1.303584
v -1.302681 0.267109 0.900000
v -1.326763 0.089578 0.900000
v -1.326763 -0.089578 0.900000
v -1.302681 -0.267109 0.900000
v -1.203520 -0.246777 1.408886
v -1.291536 0.264824 1.073572
v -1.258293 0.258007 1.244173
v -1.203520 0.246777 1.408886
v -1.315412 0.088812 1.073572
v -1.281555 0.086526 1.244173
v -1.225769 0.082760 1.408886
v -1.315412 -0.088812 1.073572
v -1.281555 -0.086526 1.244173
v -1.225769 -0.082760 1.408886
v -1.291536 -0.264824 1.073572
v -1.258293 -0.258007 1.244173
v -0.621736 1.175487 0.900000
v -0.789820 1.069817 0.900000
v -0.940299 0.940299 0.900000
v -1.069817 0.789820 0.900000
v -1.175487 0.621736 0.900000
v -1.039539 0.558353 0.900000
v -0.947073 0.703884 0.900000
v -0.834386 0.834386 0.900000
v -0.703884 0.947073 0.900000
v -0.558353 1.039539 0.900000
v -1.190715 -0.592050 0.900000
v -1.108087 -0.735164 0.900000
v -0.985352 -0.649215 0.900000
v -1.054913 -0.528733 0.900000
v -0.366268 -1.121716 0.900000
v -0.517791 -1.060327 0.900000
v -0.659374 -0.978583 0.900000
v -0.788301 -0.878056 0.900000
v -0.753873 -0.898748 1.007483
v -0.586402 -1.015678 1.009791
v -0.401402 -1.102247 1.007483
v -0.882664 -0.994600 0.900000
v -0.740959 -1.104221 0.900000
v -0.585804 -1.193800 0.900000
v -0.420017 -1.261709 0.900000
v -0.415894 -1.254568 1.025804
v -0.581579 -1.186480 1.028948
v -0.736733 -1.096902 1.028948
v -0.878541 -0.987459 1.025804
v -0.049305 -1.328869 0.900000
v 0.149096 -1.321399 0.900000
v 0.344173 -1.284472 0.900000
v 0.531578 -1.218913 0.900000
v 0.707134 -1.126182 0.900000
v 0.621091 -1.003317 0.900000
v 0.468248 -1.083118 0.900000
v 0.305406 -1.139792 0.900000
v 0.136045 -1.172131 0.900000
v -0.036222 -1.179444 0.900000
v 1.121716 -0.366268 0.900000
v 1.060327 -0.517791 0.900000
v 0.978583 -0.659374 0.900000
v 0.878056 -0.788301 0.900000
v 0.890663 -0.749205 1.066322
v 1.007429 -0.581639 1.069772
v 1.094162 -0.396734 1.066322
v 0.848648 -0.724948 1.226253
v 0.964543 -0.556879 1.233019
v 1.052147 -0.372477 1.226253
v 0.780420 -0.685556 1.373646
v 0.894900 -0.516671 1.383468
v 0.983919 -0.333085 1.373646
v 0.994600 -0.882664 0.900000
v 1.104221 -0.740959 0.900000
v 1.193800 -0.585804 0.900000
v 1.261709 -0.420017 0.900000
v 1.251123 -0.413905 1.055324
v 1.182956 -0.579544 1.059091
v 1.093378 -0.734698 1.059091
v 0.984014 -0.876551 1.055324
v 1.219624 -0.395719 1.206823
v 1.150694 -0.560917 1.214265
v 1.061115 -0.716071 1.214265
v 0.952515 -0.858366 1.206823
v 1.167988 -0.365907 1.350768
v 1.097805 -0.530382 1.361701
v 1.008227 -0.685536 1.361701
v 0.900879 -0.828554 1.350768
v 1.097487 -0.325204 1.483613
v 1.025595 -0.488691 1.497768
v 0.936016 -0.643845 1.497768
v 0.830378 -0.787850 1.483613
v 1.329235 -0.038189 0.900000
v 1.318720 0.171177 0.900000
v 1.275433 0.376290 0.900000
v 1.200451 0.572051 0.900000
v 1.095636 0.753596 0.900000
v 0.963593 0.916413 0.900000
v 0.807604 1.056457 0.900000
v 0.631545 1.170246 0.900000
v 0.568128 1.034229 0.900000
v 0.721615 0.933634 0.900000
v 0.857648 0.810457 0.900000
v 0.972937 0.667678 0.900000
v 1.064694 0.508749 0.900000
v 1.130700 0.337516 0.900000
v 1.169358 0.158120 0.900000
v 1.179733 -0.025101 0.900000
v 0.000000 0.191956 2.220446
v -0.036562 0.188329 2.220755
v -0.072756 0.177397 2.221763
v -0.106010 0.159448 2.223602
v -0.134351 0.136201 2.226335
v -0.157616 0.108007 2.230204
v -0.175519 0.075098 2.235484
v -0.186397 0.039498 2.242175
v -0.190000 0.003756 2.249893
v -0.186397 -0.031751 2.258624
v -0.175519 -0.066682 2.268217
v -0.157616 -0.098576 2.277897
v -0.134351 -0.125612 2.286779
v -0.106010 -0.147704 2.294514
v -0.072756 -0.164642 2.300729
v -0.036562 -0.174910 2.304615
v 0.000000 -0.178305 2.305927
v 0.036562 -0.174910 2.304615
v 0.072756 -0.164642 2.300729
v 0.106010 -0.147704 2.294514
v 0.134351 -0.125612 2.286779
v 0.157616 -0.098576 2.277897
v 0.175519 -0.066682 2.268217
v 0.186397 -0.031751 2.258624
v 0.190000 0.003756 2.249893
v 0.186397 0.039498 2.242175
v 0.175519 0.075098 2.235484
v 0.157616 0.108007 2.230204
v 0.134351 0.136201 2.226335
v 0.106010 0.159448 2.223602
v 0.072756 0.177397 2.221763
v 0.036562 0.188329 2.220755
v 0.173572 0.296577 2.184616
v 0.000000 0.299136 2.195701
v -0.173572 0.296577 2.184616
v -0.243660 1.154569 0.900000
v -0.081743 1.177165 0.900000
v 0.081743 1.177165 0.900000
v 0.243660 1.154569 0.900000
v 0.155215 0.426583 1.989190
v -0.155215 0.426583 1.989190
v -0.201963 1.145725 1.097295
v -0.193393 1.097110 1.289035
v -0.179379 1.017608 1.469822
v -0.160314 0.909456 1.634567
v -0.136737 0.775700 1.778631
v -0.109309 0.620105 1.897959
v -0.078804 0.447051 1.989190
v -0.215299 0.591713 1.897959
v -0.269321 0.740185 1.778631
v 0.000000 1.163389 1.097295
v 0.000000 1.114025 1.289035
v 0.000000 1.033297 1.469822
v 0.000000 0.923478 1.634567
v 0.000000 0.787659 1.778631
v 0.000000 0.629665 1.897959
v 0.000000 0.453944 1.989190
v 0.201963 1.145725 1.097295
v 0.193393 1.097110 1.289035
v 0.179379 1.017608 1.469822
v 0.160314 0.909456 1.634567
v 0.136737 0.775700 1.778631
v 0.109309 0.620105 1.897959
v 0.078804 0.447051 1.989190
v 0.269321 0.740185 1.778631
v 0.215299 0.591713 1.897959
v 0.226912 0.393161 1.989190
v 0.291719 0.347800 1.989190
v -0.291719 0.347800 1.989190
v -0.226912 0.393161 1.989190
v 0.267109 1.302681 0.900000
v 0.089578 1.326763 0.900000
v -0.089578 1.326763 0.900000
v -0.267109 1.302681 0.900000
v 0.257518 0.415189 2.136781
v 0.115151 0.474803 2.136781
v -0.115151 0.474803 2.136781
v -0.319867 0.369300 2.136781
v 0.309932 1.277940 1.097830
v 0.299546 1.235117 1.291256
v 0.282494 1.164806 1.475976
v 0.259155 1.068571 1.647876
v 0.230048 0.948555 1.803131
v 0.195821 0.807427 1.938287
v 0.157236 0.648329 2.050335
v 0.188704 0.450653 2.136781
v 0.257670 0.615354 2.050335
v 0.320901 0.766360 1.938287
v 0.104183 1.310852 1.097830
v 0.100692 1.266927 1.291256
v 0.094959 1.194805 1.475976
v 0.087114 1.096092 1.647876
v 0.077330 0.972984 1.803131
v 0.065825 0.828222 1.938287
v 0.052854 0.665027 2.050335
v 0.038708 0.487031 2.136781
v -0.104183 1.310852 1.097830
v -0.100692 1.266927 1.291256
v -0.094959 1.194805 1.475976
v -0.087114 1.096092 1.647876
v -0.077330 0.972984 1.803131
v -0.065825 0.828222 1.938287
v -0.052854 0.665027 2.050335
v -0.038708 0.487031 2.136781
v -0.309932 1.277940 1.097830
v -0.299546 1.235117 1.291256
v -0.282494 1.164806 1.475976
v -0.259155 1.068571 1.647876
v -0.230048 0.948555 1.803131
v -0.195821 0.807427 1.938287
v -0.157236 0.648329 2.050335
v -0.320901 0.766360 1.938287
v -0.257670 0.615354 2.050335
v -0.188704 0.450653 2.136781
v -0.257518 0.415189 2.136781
v 0.319867 0.369300 2.136781
v 0.678277 -0.320063 0.280000
v 0.750627 -0.354203 0.200000
v 0.704431 -0.438950 0.200000
v 0.648709 -0.517761 0.200000
v 0.584214 -0.589571 0.200000
v 0.527904 -0.532745 0.280000
v 0.586183 -0.467857 0.280000
v 0.636534 -0.396642 0.280000
v 0.527904 -0.532745 0.700000
v 0.586183 -0.467857 0.700000
v 0.636534 -0.396642 0.700000
v 0.678277 -0.320063 0.700000
v 0.633485 -0.639294 0.200000
v 0.633485 -0.639294 0.700000
v 0.432982 0.612394 0.280000
v 0.479166 0.677716 0.200000
v 0.589571 0.584214 0.200000
v 0.682062 0.472961 0.200000
v 0.753828 0.347336 0.200000
v 0.681170 0.313858 0.280000
v 0.616321 0.427374 0.280000
v 0.532745 0.527904 0.280000
v 0.681170 0.313858 0.700000
v 0.616321 0.427374 0.700000
v 0.532745 0.527904 0.700000
v 0.432982 0.612394 0.700000
v 0.817404 0.376630 0.200000
v 0.817404 0.376630 0.700000
v -0.549805 -0.510112 0.280000
v -0.608451 -0.564524 0.200000
v -0.669874 -0.490070 0.200000
v -0.722238 -0.408989 0.200000
v -0.764835 -0.322377 0.200000
v -0.691116 -0.291304 0.280000
v -0.652625 -0.369568 0.280000
v -0.605308 -0.442835 0.280000
v -0.691116 -0.291304 0.700000
v -0.652625 -0.369568 0.700000
v -0.605308 -0.442835 0.700000
v -0.549805 -0.510112 0.700000
v -0.829340 -0.349565 0.200000
v -0.829340 -0.349565 0.700000
v -0.667393 0.342179 0.280000
v -0.738582 0.378678 0.200000
v -0.661604 0.501178 0.200000
v -0.564524 0.608451 0.200000
v -0.450291 0.697236 0.200000
v -0.406890 0.630032 0.280000
v -0.510112 0.549805 0.280000
v -0.597835 0.452872 0.280000
v -0.406890 0.630032 0.700000
v -0.510112 0.549805 0.700000
v -0.597835 0.452872 0.700000
v -0.667393 0.342179 0.700000
v -0.488268 0.756039 0.200000
v -0.488268 0.756039 0.700000
v 1.329784 0.000000 0.500000
v 1.323380 0.130342 0.500000
v 1.304232 0.259428 0.500000
v 1.272524 0.386016 0.500000
v 1.228560 0.508886 0.500000
v 1.172764 0.626856 0.500000
v 1.105675 0.738788 0.500000
v 1.027937 0.843606 0.500000
v 0.940299 0.940299 0.500000
v 0.843606 1.027937 0.500000
v 0.738788 1.105675 0.500000
v 0.626856 1.172764 0.500000
v 0.508886 1.228560 0.500000
v 0.386016 1.272524 0.500000
v 0.259428 1.304232 0.500000
v 0.130342 1.323380 0.500000
v 0.000000 1.329784 0.500000
v -0.130342 1.323380 0.500000
v -0.259428 1.304232 0.500000
v -0.386016 1.272524 0.500000
v -0.508886 1.228560 0.500000
v -0.626856 1.172764 0.500000
v -0.738788 1.105675 0.500000
v -0.843606 1.027937 0.500000
v -0.940299 0.940299 0.500000
v -1.027937 0.843606 0.500000
v -1.105675 0.738788 0.500000
v -1.172764 0.626856 0.500000
v -1.228560 0.508886 0.500000
v -1.272524 0.386016 0.500000
v -1.304232 0.259428 0.500000
v -1.323380 0.130342 0.500000
v -1.329784 0.000000 0.500000
v -1.323380 -0.130342 0.500000
v -1.304232 -0.259428 0.500000
v -1.272524 -0.386016 0.500000
v -1.228560 -0.508886 0.500000
v -1.172764 -0.626856 0.500000
v -1.105675 -0.738788 0.500000
v -1.027937 -0.843606 0.500000
v -0.940299 -0.940299 0.500000
v -0.843606 -1.027937 0.500000
v -0.738788 -1.105675 0.500000
v -0.626856 -1.172764 0.500000
v -0.508886 -1.228560 0.500000
v -0.386016 -1.272524 0.500000
v -0.259428 -1.304232 0.500000
v -0.130342 -1.323380 0.500000
v 0.000000 -1.329784 0.500000
v 0.130342 -1.323380 0.500000
v 0.259428 -1.304232 0.500000
v 0.386016 -1.272524 0.500000
v 0.508886 -1.228560 0.500000
v 0.626856 -1.172764 0.500000
v 0.738788 -1.105675 0.500000
v 0.843606 -1.027937 0.500000
v 0.940299 -0.940299 0.500000
v 1.027937 -0.843606 0.500000
v 1.105675 -0.738788 0.500000
v 1.172764 -0.626856 0.500000
v 1.228560 -0.508886 0.500000
v 1.272524 -0.386016 0.500000
v 1.304232 -0.259428 0.500000
v 1.323380 -0.130342 0.500000
v 0.265336 -1.149781 0.500000
v 0.283453 -1.145450 0.500000
v 0.301499 -1.140832 0.500000
v 0.319469 -1.135931 0.500000
v 0.318762 -1.107466 0.500000
v 0.311369 -1.079969 0.500000
v 0.297705 -1.054988 0.500000
v 0.278540 -1.033930 0.500000
v 0.254953 -1.017980 0.500000
v 0.228272 -1.008036 0.500000
v 0.200000 -1.004658 0.500000
v -0.200000 -1.004658 0.500000
v -0.218117 -1.002272 0.500000
v -0.235000 -0.995279 0.500000
v -0.249497 -0.984155 0.500000
v -0.260622 -0.969658 0.500000
v -0.267615 -0.952775 0.500000
v -0.270000 -0.934658 0.500000
v -0.267615 -0.916540 0.500000
v -0.260622 -0.899658 0.500000
v -0.249497 -0.885160 0.500000
v -0.235000 -0.874036 0.500000
v -0.218117 -0.867043 0.500000
v -0.200000 -0.864658 0.500000
v 0.200000 -0.864658 0.500000
v 0.230021 -0.860842 0.500000
v 0.258132 -0.849637 0.500000
v 0.282547 -0.831755 0.500000
v 0.301711 -0.808335 0.500000
v 0.314407 -0.780864 0.500000
v 0.319827 -0.751091 0.500000
v 0.317627 -0.720909 0.500000
v 0.307945 -0.692237 0.500000
v 0.291398 -0.666899 0.500000
v 0.269039 -0.646506 0.500000
v 0.291715 -0.639765 0.500000
v 0.314222 -0.632481 0.500000
v 0.336548 -0.624658 0.500000
v 0.307818 -0.545723 0.500000
v 0.156283 -0.586327 0.500000
v 0.000000 -0.600000 0.500000
v -0.156283 -0.586327 0.500000
v -0.307818 -0.545723 0.500000
v -0.336548 -0.624658 0.500000
v -0.182687 -0.666893 0.500000
v -0.024023 -0.683707 0.500000
v 0.135273 -0.674658 0.500000
v 0.200000 -0.674658 0.500000
v 0.218117 -0.677043 0.500000
v 0.235000 -0.684036 0.500000
v 0.249497 -0.695160 0.500000
v 0.260622 -0.709658 0.500000
v 0.267615 -0.726540 0.500000
v 0.270000 -0.744658 0.500000
v 0.267615 -0.762775 0.500000
v 0.260622 -0.779658 0.500000
v 0.249497 -0.794155 0.500000
v 0.235000 -0.805279 0.500000
v 0.218117 -0.812272 0.500000
v 0.200000 -0.814658 0.500000
v -0.200000 -0.814658 0.500000
v -0.231058 -0.818746 0.500000
v -0.260000 -0.830734 0.500000
v -0.284853 -0.849805 0.500000
v -0.303923 -0.874658 0.500000
v -0.315911 -0.903599 0.500000
v -0.320000 -0.934658 0.500000
v -0.315911 -0.965716 0.500000
v -0.303923 -0.994658 0.500000
v -0.284853 -1.019510 0.500000
v -0.260000 -1.038581 0.500000
v -0.231058 -1.050569 0.500000
v -0.200000 -1.054658 0.500000
v 0.200000 -1.054658 0.500000
v 0.216791 -1.056701 0.500000
v 0.232602 -1.062713 0.500000
v 0.246509 -1.072342 0.500000
v 0.257700 -1.085026 0.500000
v 0.265522 -1.100024 0.500000
v 0.269518 -1.116460 0.500000
v 0.269455 -1.133375 0.500000
v 0.674521 0.968205 0.500000
v 0.628745 0.998539 0.500000
v 0.581607 1.026710 0.500000
v 0.533209 1.052658 0.500000
v 0.508356 1.003593 0.500000
v 0.554498 0.978855 0.500000
v 0.599439 0.951997 0.500000
v 0.643082 0.923077 0.500000
v -1.330000 0.000000 0.500000
v -1.323596 -0.130363 0.500000
v -1.304444 -0.259470 0.500000
v -1.272731 -0.386079 0.500000
v -1.228760 -0.508969 0.500000
v -1.172955 -0.626958 0.500000
v -1.105855 -0.738908 0.500000
v -1.028104 -0.843743 0.500000
v -0.940452 -0.940452 0.500000
v -0.843743 -1.028104 0.500000
v -0.738908 -1.105855 0.500000
v -0.626958 -1.172955 0.500000
v -0.508969 -1.228760 0.500000
v -0.386079 -1.272731 0.500000
v -0.259470 -1.304444 0.500000
v -0.130363 -1.323596 0.500000
v 0.000000 -1.330000 0.500000
v 0.130363 -1.323596 0.500000
v 0.259470 -1.304444 0.500000
v 0.386079 -1.272731 0.500000
v 0.508969 -1.228760 0.500000
v 0.626958 -1.172955 0.500000
v 0.738908 -1.105855 0.500000
v 0.843743 -1.028104 0.500000
v 0.940452 -0.940452 0.500000
v 1.028104 -0.843743 0.500000
v 1.105855 -0.738908 0.500000
v 1.172955 -0.626958 0.500000
v 1.228760 -0.508969 0.500000
v 1.272731 -0.386079 0.500000
v 1.304444 -0.259470 0.500000
v 1.323596 -0.130363 0.500000
v 1.330000 0.000000 0.500000
v 1.323596 0.130363 0.500000
v 1.304444 0.259470 0.500000
v 1.272731 0.386079 0.500000
v 1.228760 0.508969 0.500000
v 1.172955 0.626958 0.500000
v 1.105855 0.738908 0.500000
v 1.028104 0.843743 0.500000
v 0.940452 0.940452 0.500000
v 0.843743 1.028104 0.500000
v 0.738908 1.105855 0.500000
v 0.626958 1.172955 0.500000
v 0.508969 1.228760 0.500000
v 0.386079 1.272731 0.500000
v 0.259470 1.304444 0.500000
v 0.130363 1.323596 0.500000
v 0.000000 1.330000 0.500000
v -0.130363 1.323596 0.500000
v -0.259470 1.304444 0.500000
v -0.386079 1.272731 0.500000
v -0.508969 1.228760 0.500000
v -0.626958 1.172955 0.500000
v -0.738908 1.105855 0.500000
v -0.843743 1.028104 0.500000
v -0.940452 0.940452 0.500000
v -1.028104 0.843743 0.500000
v -1.105855 0.738908 0.500000
v -1.172955 0.626958 0.500000
v -1.228760 0.508969 0.500000
v -1.272731 0.386079 0.500000
v -1.304444 0.259470 0.500000
v -1.323596 0.130363 0.500000
v 0.319469 -1.135931 0.000000
v 0.318762 -1.107466 0.000000
v 0.311369 -1.079969 0.000000
v 0.297705 -1.054988 0.000000
v 0.278540 -1.033930 0.000000
v 0.254953 -1.017980 0.000000
v 0.228272 -1.008036 0.000000
v 0.200000 -1.004658 0.000000
v 0.265336 -1.149781 0.000000
v 0.200000 -1.054658 0.000000
v 0.216791 -1.056701 0.000000
v 0.232602 -1.062713 0.000000
v 0.246509 -1.072342 0.000000
v 0.257700 -1.085026 0.000000
v 0.265522 -1.100024 0.000000
v 0.269518 -1.116460 0.000000
v 0.269455 -1.133375 0.000000
v 0.269455 -1.133375 0.250000
v 0.269518 -1.116460 0.250000
v 0.265522 -1.100024 0.250000
v 0.257700 -1.085026 0.250000
v 0.246509 -1.072342 0.250000
v 0.232602 -1.062713 0.250000
v 0.216791 -1.056701 0.250000
v 0.200000 -0.674658 0.000000
v 0.218117 -0.677043 0.000000
v 0.235000 -0.684036 0.000000
v 0.249497 -0.695160 0.000000
v 0.260622 -0.709658 0.000000
v 0.267615 -0.726540 0.000000
v 0.270000 -0.744658 0.000000
v 0.267615 -0.762775 0.000000
v 0.260622 -0.779658 0.000000
v 0.249497 -0.794155 0.000000
v 0.235000 -0.805279 0.000000
v 0.218117 -0.812272 0.000000
v 0.200000 -0.814658 0.000000
v 0.218117 -0.677043 0.250000
v 0.235000 -0.684036 0.250000
v 0.249497 -0.695160 0.250000
v 0.260622 -0.709658 0.250000
v 0.267615 -0.726540 0.250000
v 0.270000 -0.744658 0.250000
v 0.267615 -0.762775 0.250000
v 0.260622 -0.779658 0.250000
v 0.249497 -0.794155 0.250000
v 0.235000 -0.805279 0.250000
v 0.218117 -0.812272 0.250000
v 0.135273 -0.674658 0.000000
v 0.200000 -0.864658 0.000000
v 0.230021 -0.860842 0.000000
v 0.258132 -0.849637 0.000000
v 0.282547 -0.831755 0.000000
v 0.301711 -0.808335 0.000000
v 0.314407 -0.780864 0.000000
v 0.319827 -0.751091 0.000000
v 0.317627 -0.720909 0.000000
v 0.307945 -0.692237 0.000000
v 0.291398 -0.666899 0.000000
v 0.269039 -0.646506 0.000000
v -0.200000 -0.864658 0.000000
v -0.200000 -1.004658 0.000000
v -0.218117 -1.002272 0.000000
v -0.235000 -0.995279 0.000000
v -0.249497 -0.984155 0.000000
v -0.260622 -0.969658 0.000000
v -0.267615 -0.952775 0.000000
v -0.270000 -0.934658 0.000000
v -0.267615 -0.916540 0.000000
v -0.260622 -0.899658 0.000000
v -0.249497 -0.885160 0.000000
v -0.235000 -0.874036 0.000000
v -0.218117 -0.867043 0.000000
v -0.218117 -1.002272 0.250000
v -0.235000 -0.995279 0.250000
v -0.249497 -0.984155 0.250000
v -0.260622 -0.969658 0.250000
v -0.267615 -0.952775 0.250000
v -0.270000 -0.934658 0.250000
v -0.267615 -0.916540 0.250000
v -0.260622 -0.899658 0.250000
v -0.249497 -0.885160 0.250000
v -0.235000 -0.874036 0.250000
v -0.218117 -0.867043 0.250000
v -0.200000 -1.054658 0.000000
v -0.200000 -0.814658 0.000000
v -0.231058 -0.818746 0.000000
v -0.260000 -0.830734 0.000000
v -0.284853 -0.849805 0.000000
v -0.303923 -0.874658 0.000000
v -0.315911 -0.903599 0.000000
v -0.320000 -0.934658 0.000000
v -0.315911 -0.965716 0.000000
v -0.303923 -0.994658 0.000000
v -0.284853 -1.019510 0.000000
v -0.260000 -1.038581 0.000000
v -0.231058 -1.050569 0.000000
v -0.336548 -0.624658 0.000000
v -0.182687 -0.666893 0.000000
v -0.024023 -0.683707 0.000000
v 0.291715 -0.639765 0.000000
v 0.314222 -0.632481 0.000000
v 0.336548 -0.624658 0.000000
v -0.307818 -0.545723 0.000000
v 0.307818 -0.545723 0.000000
v 0.156283 -0.586327 0.000000
v 0.000000 -0.600000 0.000000
v -0.156283 -0.586327 0.000000
v -1.330000 0.000000 0.000000
v -1.312777 -0.213347 0.000000
v -1.261553 -0.421168 0.000000
v -1.177657 -0.618082 0.000000
v -1.063259 -0.798987 0.000000
v -0.921323 -0.959199 0.000000
v -0.755526 -1.094569 0.000000
v -0.570161 -1.201589 0.000000
v -0.370029 -1.277489 0.000000
v -0.160314 -1.320303 0.000000
v 0.053554 -1.328921 0.000000
v 0.266034 -1.303122 0.000000
v 0.471624 -1.243572 0.000000
v 0.665000 -1.151814 0.000000
v 0.841152 -1.030225 0.000000
v 0.995519 -0.881953 0.000000
v 1.124103 -0.710840 0.000000
v 1.223573 -0.521316 0.000000
v 1.291353 -0.318290 0.000000
v 1.325687 -0.107021 0.000000
v 1.325687 0.107021 0.000000
v 1.291353 0.318290 0.000000
v 1.223573 0.521316 0.000000
v 1.124103 0.710840 0.000000
v 0.995519 0.881953 0.000000
v 0.841152 1.030225 0.000000
v 0.665000 1.151814 0.000000
v 0.471624 1.243572 0.000000
v 0.266034 1.303122 0.000000
v 0.053554 1.328921 0.000000
v -0.160314 1.320303 0.000000
v -0.370029 1.277489 0.000000
v -0.570161 1.201589 0.000000
v -0.755526 1.094569 0.000000
v -0.921323 0.959199 0.000000
v -1.063259 0.798987 0.000000
v -1.177657 0.618082 0.000000
v -1.261553 0.421168 0.000000
v -1.312777 0.213347 0.000000
v 0.068713 -1.177998 0.000000
v -0.129857 -1.172833 0.000000
v -0.324747 -1.134434 0.000000
v -0.510434 -1.063888 0.000000
v -0.681658 -0.963194 0.000000
v -0.833565 -0.835206 0.000000
v -0.961851 -0.683551 0.000000
v -1.062882 -0.512526 0.000000
v -1.133793 -0.326977 0.000000
v -1.172575 -0.132163 0.000000
v -1.178131 0.066396 0.000000
v -1.150301 0.263074 0.000000
v -1.089875 0.452297 0.000000
v -0.998565 0.628704 0.000000
v -0.878958 0.787294 0.000000
v -0.734445 0.923575 0.000000
v -0.569119 1.033684 0.000000
v -0.387666 1.114502 0.000000
v -0.195228 1.163738 0.000000
v 0.002743 1.179997 0.000000
v 0.200636 1.162818 0.000000
v 0.392843 1.112688 0.000000
v 0.573918 1.031028 0.000000
v 0.738730 0.920151 0.000000
v 0.882609 0.783199 0.000000
v 1.001477 0.624055 0.000000
v 1.091966 0.447226 0.000000
v 1.151511 0.257724 0.000000
v 1.178426 0.060919 0.000000
v 1.171948 -0.137613 0.000000
v 1.132260 -0.332245 0.000000
v 1.060487 -0.517462 0.000000
v 0.958663 -0.688015 0.000000
v 0.829673 -0.839072 0.000000
v 0.677173 -0.966352 0.000000
v 0.505483 -1.066249 0.000000
v -0.674521 0.968205 0.500000
v -0.628745 0.998539 0.500000
v -0.581607 1.026710 0.500000
v -0.533209 1.052658 0.500000
v -0.533209 1.052658 0.200000
v -0.581607 1.026710 0.200000
v -0.628745 0.998539 0.200000
v -0.674521 0.968205 0.200000
v 0.674521 0.968205 0.200000
v 0.628745 0.998539 0.200000
v 0.581607 1.026710 0.200000
v 0.533209 1.052658 0.200000
v -0.643082 0.923077 0.500000
v -0.599439 0.951997 0.500000
v -0.554498 0.978855 0.500000
v -0.508356 1.003593 0.500000
v 0.508356 1.003593 0.200000
v 0.440575 0.869781 0.050000
v 0.440575 0.869781 0.650000
v -0.643082 0.923077 0.200000
v -0.557337 0.800000 0.050000
v -0.557337 0.800000 0.650000
v 0.519578 0.734873 0.700000
v 0.519578 0.734873 0.200000
v 0.639294 0.633485 0.200000
v 0.739585 0.512849 0.200000
v 0.364752 0.822773 0.700000
v 0.195652 0.878476 0.700000
v 0.018896 0.899802 0.700000
v -0.158599 0.885916 0.700000
v -0.329888 0.837361 0.700000
v -0.612135 0.659766 0.200000
v -0.717402 0.543447 0.200000
v -0.800872 0.410615 0.200000
v -0.800872 0.410615 0.700000
v -0.860007 0.265307 0.700000
v -0.893012 0.111937 0.700000
v -0.898883 -0.044833 0.700000
v -0.877441 -0.200241 0.700000
v -0.783150 -0.443482 0.200000
v -0.726369 -0.531402 0.200000
v -0.659766 -0.612135 0.200000
v -0.659766 -0.612135 0.000000
v -0.765864 -0.472708 0.000000
v -0.842937 -0.315367 0.000000
v -0.888067 -0.146075 0.000000
v -0.899541 0.028753 0.000000
v -0.876925 0.202492 0.000000
v -0.821076 0.368556 0.000000
v -0.734112 0.520654 0.000000
v -0.619326 0.653020 0.000000
v -0.481070 0.760639 0.000000
v -0.324583 0.839432 0.000000
v -0.155795 0.886413 0.000000
v 0.018896 0.899802 0.000000
v 0.192872 0.879091 0.000000
v 0.359539 0.825065 0.000000
v 0.512580 0.739772 0.000000
v 0.646196 0.626443 0.000000
v 0.755323 0.489375 0.000000
v 0.835825 0.333760 0.000000
v 0.884653 0.165497 0.000000
v 0.899955 -0.009037 0.000000
v 0.881151 -0.183230 0.000000
v 0.828954 -0.350478 0.000000
v 0.745343 -0.504444 0.000000
v 0.633485 -0.639294 0.000000
v 0.703419 -0.561428 0.200000
v 0.763841 -0.475970 0.200000
v 0.813933 -0.384075 0.200000
v 0.813933 -0.384075 0.700000
v 0.868261 -0.236902 0.700000
v 0.896208 -0.082531 0.700000
v 0.896924 0.074348 0.700000
v 0.870387 0.228967 0.700000
v -0.659766 -0.612135 0.700000
v -0.440575 0.869781 0.650000
v -0.519514 0.825064 0.650000
v -0.480565 0.848341 0.650000
v 0.557337 0.800000 0.650000
v 0.480565 0.848341 0.650000
v 0.519514 0.825064 0.650000
v 0.554498 0.978855 0.200000
v 0.599439 0.951997 0.200000
v 0.643082 0.923077 0.200000
v 0.557337 0.800000 0.050000
v 0.519514 0.825064 0.050000
v 0.480565 0.848341 0.050000
v -0.599439 0.951997 0.200000
v -0.554498 0.978855 0.200000
v -0.508356 1.003593 0.200000
v -0.440575 0.869781 0.050000
v -0.480565 0.848341 0.050000
v -0.519514 0.825064 0.050000
v -0.703562 -0.675000 0.000000
v -0.816701 -0.532564 0.000000
v -0.901413 -0.371590 0.000000
v -0.954749 -0.197683 0.000000
v -0.974854 -0.016895 0.000000
v -0.961026 0.164481 0.000000
v -0.913748 0.340132 0.000000
v -0.834665 0.503944 0.000000
v -0.726529 0.650215 0.000000
v -0.593106 0.773854 0.000000
v -0.439038 0.870558 0.000000
v -0.269688 0.936960 0.000000
v -0.090951 0.970749 0.000000
v 0.090951 0.970749 0.000000
v 0.269688 0.936960 0.000000
v 0.439038 0.870558 0.000000
v 0.593106 0.773854 0.000000
v 0.726529 0.650215 0.000000
v 0.834665 0.503944 0.000000
v 0.913748 0.340132 0.000000
v 0.961026 0.164481 0.000000
v 0.974854 -0.016895 0.000000
v 0.954749 -0.197683 0.000000
v 0.901413 -0.371590 0.000000
v 0.816701 -0.532564 0.000000
v 0.703562 -0.675000 0.000000
v -0.703562 -0.675000 0.700000
v -0.816701 -0.532564 0.700000
v -0.901413 -0.371590 0.700000
v -0.954749 -0.197683 0.700000
v -0.974854 -0.016895 0.700000
v -0.961026 0.164481 0.700000
v -0.913748 0.340132 0.700000
v -0.834665 0.503944 0.700000
v -0.726529 0.650215 0.700000
v -0.593106 0.773854 0.700000
v -0.439038 0.870558 0.700000
v -0.269688 0.936960 0.700000
v -0.090951 0.970749 0.700000
v 0.090951 0.970749 0.700000
v 0.269688 0.936960 0.700000
v 0.439038 0.870558 0.700000
v 0.593106 0.773854 0.700000
v 0.726529 0.650215 0.700000
v 0.834665 0.503944 0.700000
v 0.913748 0.340132 0.700000
v 0.961026 0.164481 0.700000
v 0.974854 -0.016895 0.700000
v 0.954749 -0.197683 0.700000
v 0.901413 -0.371590 0.700000
v 0.816701 -0.532564 0.700000
v 0.703562 -0.675000 0.700000
vt 0.140663 0.071126
vt 0.000000 0.071126
vt 0.140663 -0.004005
vt 0.000000 -0.004005
vt 0.140663 -0.079137
vt 0.000000 -0.079137
vt 0.000014 0.100109
vt 0.074892 0.106477
vt -0.074892 0.094459
vt -0.074892 0.274530
vt 0.074892 0.282542
vt -0.074892 0.454600
vt 0.074892 0.458606
vt -0.074892 0.634671
vt 0.074892 0.634671
vt 0.140367 0.080944
vt 0.000000 0.079137
vt 0.140367 0.005586
vt 0.000000 0.004005
vt 0.140367 -0.069771
vt 0.000000 -0.071126
vt -0.000039 0.100213
vt 0.074892 0.092514
vt -0.074892 0.109303
vt 0.074892 0.137884
vt -0.074892 0.149076
vt 0.074892 0.183253
vt -0.074892 0.188849
vt 0.074892 0.228623
vt -0.074892 0.228623
vt 0.140663 0.071126
vt 0.000000 0.071126
vt 0.140663 -0.004005
vt 0.000000 -0.004005
vt 0.140663 -0.079137
vt 0.000000 -0.079137
vt 0.000014 0.100109
vt 0.074892 0.106477
vt -0.074892 0.094459
vt -0.074892 0.286275
vt 0.074892 0.296791
vt -0.074892 0.478091
vt 0.074892 0.487105
vt -0.074892 0.669908
vt 0.074892 0.677419
vt -0.074892 0.861724
vt 0.074892 0.867733
vt -0.074892 1.053540
vt 0.074892 1.058047
vt -0.074892 1.245356
vt 0.074892 1.248361
vt -0.074892 1.437173
vt 0.074892 1.438675
vt -0.074892 1.628989
vt 0.074892 1.628989
vt 0.140663 0.079137
vt 0.000000 0.079137
vt 0.140663 0.004005
vt 0.000000 0.004005
vt 0.140663 -0.071126
vt 0.000000 -0.071126
vt -0.000014 0.100109
vt 0.074892 0.094459
vt -0.074892 0.106477
vt 0.074892 0.274530
vt -0.074892 0.282542
vt 0.074892 0.454600
vt -0.074892 0.458606
vt 0.074892 0.634671
vt -0.074892 0.634671
vt 0.000000 0.071126
vt 0.000000 -0.004005
vt 0.140401 0.069925
vt 0.140401 -0.005403
vt 0.000000 -0.079137
vt 0.140401 -0.080730
vt 0.000035 0.100199
vt 0.074892 0.108967
vt -0.074892 0.092733
vt -0.074892 0.246726
vt 0.074892 0.258902
vt -0.074892 0.400720
vt 0.074892 0.408836
vt -0.074892 0.554713
vt 0.074892 0.558771
vt -0.074892 0.708706
vt 0.074892 0.708706
vt 0.140663 0.079137
vt 0.000000 0.079137
vt 0.140663 0.004005
vt 0.000000 0.004005
vt 0.140663 -0.071126
vt 0.000000 -0.071126
vt -0.000014 0.100109
vt 0.074892 0.094459
vt -0.074892 0.106477
vt 0.074892 0.286275
vt -0.074892 0.296791
vt 0.074892 0.478091
vt -0.074892 0.487105
vt 0.074892 0.669908
vt -0.074892 0.677419
vt 0.074892 0.861724
vt -0.074892 0.867733
vt 0.074892 1.053540
vt -0.074892 1.058047
vt 0.074892 1.245356
vt -0.074892 1.248361
vt 0.074892 1.437173
vt -0.074892 1.438675
vt 0.074892 1.628989
vt -0.074892 1.628989
vt 0.000000 0.071126
vt 0.000000 -0.004005
vt 0.140367 0.069771
vt 0.140367 -0.005586
vt 0.000000 -0.079137
vt 0.140367 -0.080944
vt 0.000039 0.100213
vt 0.074892 0.109303
vt -0.074892 0.092514
vt -0.074892 0.137884
vt 0.074892 0.149076
vt -0.074892 0.183253
vt 0.074892 0.188849
vt -0.074892 0.228623
vt 0.074892 0.228623
vt 0.140401 0.080730
vt 0.000000 0.079137
vt 0.140401 0.005403
vt 0.000000 0.004005
vt 0.140401 -0.069925
vt 0.000000 -0.071126
vt -0.000035 0.100199
vt 0.074892 0.092733
vt -0.074892 0.108967
vt 0.074892 0.246726
vt -0.074892 0.258902
vt 0.074892 0.400720
vt -0.074892 0.408836
vt 0.074892 0.554713
vt -0.074892 0.558771
vt 0.074892 0.708706
vt -0.074892 0.708706
vt 0.296464 0.427137
vt 0.397725 0.328323
vt 0.397810 0.537428
vt 0.499396 0.438967
vt -1.254953 0.439791
vt -1.109810 0.400900
vt -1.190715 0.592050
vt -1.054913 0.528733
vt -1.108087 0.735164
vt -0.985352 0.649215
vt -1.008347 0.866926
vt -0.902095 0.760674
vt 0.263408 2.905825
vt -0.000000 2.780309
vt 0.300000 2.902187
vt 0.600000 2.880430
vt 0.336591 2.905825
vt 0.372817 2.916800
vt 0.406102 2.934841
vt 0.434467 2.958254
vt 0.600000 3.019632
vt 0.457747 2.986738
vt 0.475634 3.020104
vt 0.486463 3.056362
vt 0.490000 3.092945
vt 0.600000 3.158834
vt 0.486330 3.129543
vt 0.475407 3.165787
vt 0.457501 3.199152
vt 0.600000 3.298036
vt 0.434267 3.227673
vt 0.405971 3.251181
vt 0.372753 3.269342
vt 0.336574 3.280414
vt 0.300000 3.284091
vt -0.000000 3.398156
vt 0.263428 3.280414
vt -0.000000 3.243694
vt 0.227251 3.269343
vt 0.194033 3.251183
vt 0.165733 3.227673
vt 0.142502 3.199156
vt 0.124595 3.165791
vt -0.000000 3.089233
vt 0.113670 3.129545
vt 0.110000 3.092945
vt 0.113537 3.056363
vt 0.124365 3.020106
vt -0.000000 2.934771
vt 0.142251 2.986741
vt 0.165533 2.958254
vt 0.193895 2.934843
vt 0.227180 2.916801
vt 0.500000 3.398156
vt 0.500000 2.780309
vt 0.556408 -0.492636
vt 0.636612 -0.376096
vt 0.435325 -0.404465
vt 0.515141 -0.287643
vt -0.500000 3.829502
vt -0.600000 3.729407
vt 0.000000 3.829502
vt 0.000000 3.655434
vt -0.300000 3.671084
vt -0.258216 3.666310
vt -0.600000 3.564046
vt -0.382570 3.651923
vt -0.341784 3.666310
vt -0.600000 3.398685
vt -0.489999 3.480422
vt -0.485187 3.522236
vt -0.470902 3.563076
vt -0.600000 3.233323
vt -0.441640 3.353221
vt -0.460770 3.378715
vt -0.475709 3.407604
vt -0.500000 3.133229
vt 0.000000 3.133229
vt -0.300000 3.289590
vt -0.331344 3.292260
vt -0.268656 3.292260
vt 0.000000 3.307297
vt -0.237290 3.300312
vt -0.207599 3.313739
vt -0.180949 3.331753
vt -0.158360 3.353221
vt -0.139230 3.378715
vt -0.124291 3.407604
vt 0.000000 3.481365
vt -0.114539 3.438621
vt -0.110001 3.480422
vt -0.114813 3.522236
vt -0.129098 3.563076
vt -0.151981 3.599364
vt -0.181266 3.628838
vt -0.217430 3.651923
vt -0.485461 3.438621
vt -0.448019 3.599364
vt -0.418734 3.628838
vt -0.362710 3.300312
vt -0.392401 3.313739
vt -0.419051 3.331753
vt 0.149784 0.500000
vt -0.000000 0.500000
vt 0.149784 0.000000
vt -0.000000 -0.000000
vt -0.678895 0.302293
vt -0.720298 0.167016
vt -0.536887 0.254662
vt -0.577835 0.119231
vt 0.263428 -2.040717
vt -0.000000 -2.162463
vt 0.300000 -2.044370
vt 0.600000 -2.062343
vt 0.336572 -2.040717
vt 0.372767 -2.029707
vt 0.406016 -2.011624
vt 0.434349 -1.988183
vt 0.457610 -1.959701
vt 0.600000 -1.923141
vt 0.475513 -1.926354
vt 0.486395 -1.890118
vt 0.490000 -1.853540
vt 0.600000 -1.783939
vt 0.486395 -1.816961
vt 0.475513 -1.780725
vt 0.457610 -1.747378
vt 0.600000 -1.644736
vt 0.434349 -1.718896
vt 0.406016 -1.695455
vt 0.372767 -1.677372
vt 0.336572 -1.666362
vt 0.300000 -1.662709
vt -0.000000 -1.544616
vt 0.263428 -1.666362
vt -0.000000 -1.699078
vt 0.227233 -1.677372
vt 0.193984 -1.695455
vt 0.165651 -1.718896
vt 0.142390 -1.747378
vt 0.124487 -1.780725
vt -0.000000 -1.853540
vt 0.113605 -1.816961
vt 0.110000 -1.853540
vt 0.113605 -1.890118
vt 0.124487 -1.926354
vt -0.000000 -2.008001
vt 0.142390 -1.959701
vt 0.165651 -1.988183
vt 0.193984 -2.011624
vt 0.227233 -2.029707
vt 0.500000 -2.162463
vt 0.500000 -1.544616
vt -0.207715 -1.161574
vt -0.246606 -1.306717
vt -0.069561 -1.177948
vt -0.082627 -1.327214
vt 0.082627 -1.327214
vt 0.069561 -1.177948
vt 0.246606 -1.306717
vt 0.207715 -1.161574
vt 0.506830 0.095416
vt 0.649293 0.143200
vt 0.465883 0.230846
vt 0.607891 0.278477
vt -0.666725 0.328264
vt -0.713317 0.194685
vt -0.526660 0.275189
vt -0.572804 0.141439
vt 0.263428 -0.187178
vt -0.000000 -0.308923
vt 0.300000 -0.190831
vt 0.600000 -0.208803
vt 0.336572 -0.187178
vt 0.372767 -0.176167
vt 0.406016 -0.158084
vt 0.434349 -0.134643
vt 0.457610 -0.106162
vt 0.600000 -0.069601
vt 0.475513 -0.072815
vt 0.486395 -0.036578
vt 0.490000 0.000000
vt 0.600000 0.069601
vt 0.486395 0.036578
vt 0.475513 0.072815
vt 0.457610 0.106162
vt 0.600000 0.208803
vt 0.434349 0.134643
vt 0.406016 0.158084
vt 0.372767 0.176167
vt 0.336572 0.187178
vt 0.300000 0.190831
vt -0.000000 0.308923
vt 0.263428 0.187178
vt -0.000000 0.154462
vt 0.227233 0.176167
vt 0.193984 0.158084
vt 0.165651 0.134643
vt 0.142390 0.106162
vt 0.124487 0.072815
vt -0.000000 0.000000
vt 0.113605 0.036578
vt 0.110000 0.000000
vt 0.113605 -0.036578
vt 0.124487 -0.072815
vt -0.000000 -0.154462
vt 0.142390 -0.106162
vt 0.165651 -0.134643
vt 0.193984 -0.158084
vt 0.227233 -0.176167
vt 0.500000 -0.308923
vt 0.500000 0.308923
vt 1.161574 -0.207715
vt 1.306717 -0.246606
vt 1.177948 -0.069561
vt 1.327214 -0.082627
vt 1.177948 0.069561
vt 1.327214 0.082627
vt 1.306717 0.246606
vt 1.161574 0.207715
vt -0.502771 -0.114902
vt -0.643284 -0.168147
vt -0.456628 -0.248651
vt -0.596693 -0.301726
vt -0.112459 -0.507631
vt -0.243617 -0.454568
vt -0.164443 -0.648105
vt -0.295767 -0.595491
vt 0.439791 1.254953
vt 0.400900 1.109810
vt 0.592050 1.190715
vt 0.528733 1.054913
vt 0.735164 1.108087
vt 0.649215 0.985352
vt 0.866926 1.008347
vt 0.760674 0.902095
vt 0.263430 1.046598
vt -0.000000 0.926770
vt 0.300000 1.042934
vt 0.600000 1.026890
vt 0.336570 1.046598
vt 0.372756 1.057635
vt 0.405989 1.075751
vt 0.434305 1.099220
vt 0.457554 1.127716
vt 0.600000 1.166092
vt 0.475459 1.161067
vt 0.486363 1.197303
vt 0.490000 1.233888
vt 0.600000 1.305294
vt 0.486427 1.270466
vt 0.475570 1.306709
vt 0.457673 1.340060
vt 0.600000 1.444496
vt 0.434402 1.368538
vt 0.406052 1.391961
vt 0.372787 1.410019
vt 0.336578 1.421009
vt 0.300000 1.424653
vt 0.000000 1.544616
vt 0.263421 1.421009
vt -0.000000 1.390155
vt 0.227212 1.410018
vt 0.193946 1.391960
vt 0.165598 1.368538
vt 0.142326 1.340059
vt 0.124430 1.306707
vt -0.000000 1.235693
vt 0.113573 1.270465
vt 0.110000 1.233888
vt 0.113637 1.197303
vt 0.124541 1.161067
vt 0.000000 1.081231
vt 0.142446 1.127716
vt 0.165695 1.099220
vt 0.194011 1.075751
vt 0.227244 1.057635
vt 0.500000 1.544616
vt 0.500000 0.926770
vt -0.391706 -0.631543
vt -0.263306 -0.690936
vt -0.325227 -0.497320
vt -0.196614 -0.556284
vt -0.500000 1.740683
vt -0.600000 1.640588
vt -0.000000 1.740683
vt -0.000000 1.566614
vt -0.300000 1.583721
vt -0.265995 1.580576
vt -0.600000 1.475227
vt -0.399446 1.555368
vt -0.367861 1.571090
vt -0.334005 1.580576
vt -0.600000 1.309865
vt -0.489039 1.374467
vt -0.488936 1.413339
vt -0.482073 1.447527
vt -0.600000 1.144504
vt -0.441202 1.265841
vt -0.464502 1.298115
vt -0.480910 1.335216
vt -0.500000 1.044410
vt -0.000000 1.044410
vt -0.300000 1.202372
vt -0.339119 1.206546
vt -0.260881 1.206546
vt -0.000000 1.218478
vt -0.222406 1.219136
vt -0.187639 1.239603
vt -0.158797 1.265842
vt -0.135497 1.298117
vt -0.119090 1.335217
vt 0.000000 1.392546
vt -0.110961 1.374467
vt -0.111064 1.413339
vt -0.117927 1.447527
vt -0.131119 1.480295
vt -0.149918 1.509789
vt -0.172894 1.534632
vt -0.200556 1.555369
vt -0.232140 1.571090
vt -0.468881 1.480294
vt -0.450083 1.509788
vt -0.427106 1.534631
vt -0.377593 1.219135
vt -0.412360 1.239603
vt 0.149784 0.500000
vt -0.000000 0.500000
vt 0.149784 0.000000
vt 0.000000 0.000000
vt 0.000515 -0.261650
vt 0.000000 -0.298451
vt 0.149784 -0.298451
vt 0.000515 -0.335253
vt 0.150364 -0.335263
vt 0.001992 -0.373114
vt 0.152029 -0.373127
vt 0.004237 -0.410948
vt 0.154561 -0.410958
vt 0.006804 -0.447678
vt 0.157457 -0.447679
vt 0.009377 -0.484407
vt 0.160360 -0.484399
vt 0.011634 -0.522241
vt 0.162910 -0.522228
vt 0.013123 -0.560102
vt 0.164592 -0.560091
vt 0.165181 -0.596903
vt 0.013644 -0.596903
vt 0.165181 0.596903
vt 0.013644 0.596903
vt 0.164592 0.560091
vt 0.013123 0.560102
vt 0.011634 0.522241
vt 0.162910 0.522228
vt 0.009377 0.484407
vt 0.160360 0.484399
vt 0.006804 0.447678
vt 0.157457 0.447679
vt 0.154561 0.410958
vt 0.004237 0.410948
vt 0.152029 0.373127
vt 0.001992 0.373114
vt 0.150364 0.335263
vt 0.000515 0.335253
vt 0.149784 0.298451
vt -0.000000 0.298451
vt 0.000515 0.261650
vt 0.150364 0.261639
vt 0.001992 0.223789
vt 0.152029 0.223775
vt 0.004237 0.185954
vt 0.154561 0.185945
vt 0.006804 0.149225
vt 0.157457 0.149224
vt 0.009377 0.112495
vt 0.160360 0.112504
vt 0.011634 0.074661
vt 0.162910 0.074674
vt 0.013123 0.036801
vt 0.164592 0.036811
vt 0.165181 -0.000000
vt 0.013644 0.000000
vt 0.164592 -0.036811
vt 0.013123 -0.036801
vt 0.011634 -0.074661
vt 0.162910 -0.074674
vt 0.009377 -0.112495
vt 0.160360 -0.112504
vt 0.006804 -0.149225
vt 0.157457 -0.149224
vt 0.154561 -0.185945
vt 0.004237 -0.185954
vt 0.152029 -0.223775
vt 0.001992 -0.223789
vt 0.150364 -0.261639
vt 0.149784 0.500000
vt -0.000000 0.500000
vt 0.149784 0.000000
vt -0.000000 0.000000
vt 0.149784 0.500000
vt 0.000000 0.500000
vt 0.149784 0.000000
vt 0.000000 0.000000
vt -0.500000 -0.348137
vt 0.000000 -0.348137
vt -0.600000 -0.248042
vt -0.300000 -0.190652
vt -0.336561 -0.187012
vt -0.263439 -0.187012
vt 0.000000 -0.174068
vt -0.227245 -0.176032
vt -0.193992 -0.157988
vt -0.165650 -0.134581
vt -0.142385 -0.106123
vt -0.124482 -0.072792
vt 0.000000 0.000000
vt -0.113603 -0.036567
vt -0.110000 0.000000
vt -0.113603 0.036567
vt -0.124482 0.072792
vt 0.000000 0.174068
vt -0.142385 0.106123
vt -0.165650 0.134581
vt -0.193992 0.157988
vt -0.227245 0.176032
vt -0.263439 0.187012
vt -0.300000 0.190652
vt -0.600000 0.248042
vt -0.336561 0.187012
vt -0.372755 0.176032
vt -0.406008 0.157988
vt -0.600000 0.082681
vt -0.434350 0.134581
vt -0.457615 0.106123
vt -0.475518 0.072792
vt -0.486397 0.036567
vt -0.490000 -0.000000
vt -0.600000 -0.082681
vt -0.486397 -0.036567
vt -0.475518 -0.072792
vt -0.457615 -0.106123
vt -0.434350 -0.134581
vt -0.406008 -0.157988
vt -0.372755 -0.176032
vt 0.000000 0.348137
vt -0.500000 0.348137
vt 0.000000 -3.185658
vt 0.000000 -3.343700
vt 0.100114 -3.281264
vt 0.205949 -3.383211
vt 0.265515 -3.274461
vt 0.411898 -3.383211
vt 0.430509 -3.260793
vt 0.612026 -3.408810
vt 0.594762 -3.238758
vt 0.000000 -3.501743
vt 0.205949 -3.580764
vt 0.411898 -3.580764
vt 0.411898 -3.778316
vt 0.612026 -3.752717
vt 0.594762 -3.922769
vt 0.430509 -3.900734
vt 0.265515 -3.887066
vt 0.205949 -3.778316
vt 0.100114 -3.880263
vt 0.000000 -3.817827
vt 0.000000 -3.975869
vt 0.000000 -3.659785
vt 0.617847 -3.580764
vt -0.000000 3.602331
vt -0.000000 3.775514
vt -0.100089 3.698037
vt -0.174068 3.775514
vt -0.290744 3.690614
vt -0.348137 3.775514
vt -0.480933 3.675149
vt -0.522205 3.775514
vt -0.670258 3.649871
vt -0.689714 3.841508
vt -0.522205 3.948697
vt -0.696273 4.035289
vt -0.522205 4.121880
vt -0.689714 4.229070
vt -0.522205 4.295064
vt -0.670258 4.420707
vt -0.480933 4.395428
vt -0.348137 4.295064
vt -0.290744 4.379964
vt -0.174068 4.295064
vt -0.100089 4.372540
vt -0.000000 4.295064
vt -0.000000 4.468247
vt -0.174068 3.948697
vt -0.000000 3.948697
vt -0.174068 4.121880
vt -0.000000 4.121880
vt -0.348137 3.948697
vt -0.348137 4.121880
vt 0.400900 -1.109810
vt 0.420346 -1.182382
vt 0.558353 -1.039539
vt 0.621736 -1.175487
vt 0.789820 -1.069817
vt 0.439791 -1.254953
vt 0.703884 -0.947073
vt 0.940299 -0.940299
vt 0.834386 -0.834386
vt 0.947073 -0.703884
vt 1.069817 -0.789820
vt 1.039539 -0.558353
vt 1.175487 -0.621736
vt 1.182382 -0.420346
vt 1.254953 -0.439791
vt 1.109810 -0.400900
vt 1.109810 0.400900
vt 1.182382 0.420346
vt 1.054913 0.528733
vt 1.190715 0.592050
vt 1.108087 0.735164
vt 1.254953 0.439791
vt 1.008347 0.866926
vt 0.955221 0.813800
vt 0.985352 0.649215
vt 0.902095 0.760674
vt 0.000442 -0.353489
vt 0.149910 -0.335092
vt 0.000000 -0.318572
vt 0.149957 -0.298280
vt 0.000575 -0.279635
vt 0.151166 -0.261474
vt 0.002299 -0.239511
vt 0.153453 -0.223636
vt 0.004993 -0.198952
vt 0.156556 -0.185843
vt 0.008173 -0.159195
vt 0.159939 -0.149162
vt 0.011336 -0.120259
vt 0.163246 -0.112471
vt 0.014156 -0.079932
vt 0.166108 -0.074662
vt 0.016042 -0.039412
vt 0.167983 -0.036810
vt 0.016700 0.000000
vt 0.168636 0.000000
vt 0.167983 0.036810
vt 0.150954 -0.372977
vt 0.001688 -0.388844
vt 0.152915 -0.410843
vt 0.003500 -0.423827
vt 0.155324 -0.447604
vt 0.005529 -0.457654
vt 0.157825 -0.484353
vt 0.007580 -0.492217
vt 0.160064 -0.522205
vt 0.009346 -0.527509
vt 0.161556 -0.560084
vt 0.010497 -0.562704
vt 0.162081 -0.596903
vt 0.010900 -0.596903
vt 0.162081 0.596903
vt 0.010900 0.596903
vt 0.010497 0.562704
vt 0.161556 0.560084
vt 0.009346 0.527508
vt 0.160064 0.522207
vt 0.007580 0.492216
vt 0.157825 0.484354
vt 0.005529 0.457653
vt 0.155324 0.447604
vt 0.003500 0.423826
vt 0.152916 0.410845
vt 0.001688 0.388843
vt 0.150954 0.372979
vt 0.000442 0.353489
vt 0.149910 0.335093
vt 0.000000 0.318572
vt 0.149957 0.298280
vt 0.000575 0.279635
vt 0.151166 0.261474
vt 0.002299 0.239510
vt 0.153453 0.223636
vt 0.004993 0.198950
vt 0.156556 0.185843
vt 0.008173 0.159194
vt 0.159939 0.149162
vt 0.011336 0.120257
vt 0.163246 0.112471
vt 0.014156 0.079931
vt 0.166108 0.074662
vt 0.016042 0.039411
vt 0.149784 0.500000
vt -0.000000 0.500000
vt 0.149784 0.000000
vt -0.000000 0.000000
vt -0.409043 -1.321263
vt -0.245426 -1.321263
vt -0.308923 -1.215982
vt -0.204522 -1.211158
vt -0.308923 -1.177672
vt -0.308923 -1.139362
vt -0.154462 -1.101052
vt -0.308923 -1.101052
vt -0.081809 -1.321263
vt -0.000000 -1.211158
vt -0.000000 -1.101052
vt 0.154462 -1.101052
vt 0.204522 -1.211158
vt 0.308923 -1.139362
vt 0.308923 -1.177672
vt 0.308923 -1.215982
vt 0.245426 -1.321263
vt 0.409043 -1.321263
vt 0.081809 -1.321263
vt 0.308923 -1.101052
vt -0.448231 -1.556543
vt -0.268939 -1.556543
vt -0.348137 -1.451564
vt -0.268939 -1.426831
vt -0.348137 -1.400083
vt -0.348137 -1.348601
vt -0.348137 -1.297119
vt -0.174068 -1.297119
vt -0.089646 -1.426831
vt 0.000000 -1.297119
vt 0.089646 -1.426831
vt 0.174068 -1.297119
vt 0.268939 -1.426831
vt 0.348137 -1.348601
vt 0.348137 -1.400083
vt 0.348137 -1.451564
vt 0.268939 -1.556543
vt 0.448231 -1.556543
vt -0.089646 -1.556543
vt 0.089646 -1.556543
vt 0.348137 -1.297119
vt 0.207715 1.161574
vt 0.227161 1.234146
vt 0.036222 1.179444
vt 0.049305 1.328869
vt -0.149096 1.321399
vt 0.246606 1.306717
vt -0.136045 1.172131
vt -0.344173 1.284472
vt -0.305406 1.139792
vt -0.531578 1.218913
vt -0.468248 1.083118
vt -0.707134 1.126182
vt -0.621091 1.003317
vt -0.866926 1.008347
vt -0.813800 0.955221
vt -0.760674 0.902095
vt 0.000657 -0.298964
vt 0.149808 -0.261997
vt 0.000000 -0.256838
vt 0.150196 -0.224094
vt 0.000362 -0.224288
vt 0.001354 -0.191736
vt 0.151555 -0.186194
vt 0.002742 -0.159851
vt 0.153450 -0.149391
vt 0.004294 -0.128688
vt 0.155529 -0.112612
vt 0.005861 -0.096515
vt 0.157441 -0.074732
vt 0.007185 -0.063912
vt 0.158734 -0.036832
vt 0.008041 -0.031497
vt 0.159193 0.000000
vt 0.008342 -0.000000
vt 0.008041 0.031497
vt 0.158734 0.036831
vt 0.007185 0.063912
vt 0.157441 0.074729
vt 0.005861 0.096515
vt 0.155529 0.112608
vt 0.004294 0.128688
vt 0.153450 0.149391
vt 0.002742 0.159851
vt 0.151555 0.186191
vt 0.001354 0.191736
vt 0.150196 0.224091
vt 0.000362 0.224288
vt -0.000000 0.256838
vt 0.149808 0.261996
vt 0.000657 0.298964
vt 0.150518 0.298803
vt 0.152390 0.335599
vt 0.002640 -0.341097
vt 0.152390 -0.335600
vt 0.150518 -0.298803
vt 0.155333 -0.373408
vt 0.005821 -0.384345
vt 0.159040 -0.411159
vt 0.009706 -0.427164
vt 0.162940 -0.447795
vt 0.013583 -0.468621
vt 0.166675 -0.484458
vt 0.017071 -0.511479
vt 0.169871 -0.522247
vt 0.019440 -0.554763
vt 0.171950 -0.560090
vt 0.020267 -0.596903
vt 0.172671 -0.596903
vt 0.172671 0.596903
vt 0.020267 0.596903
vt 0.171950 0.560089
vt 0.019440 0.554763
vt 0.169871 0.522243
vt 0.017071 0.511479
vt 0.166675 0.484453
vt 0.013583 0.468621
vt 0.162940 0.447794
vt 0.009706 0.427164
vt 0.159039 0.411154
vt 0.005821 0.384345
vt 0.155333 0.373404
vt 0.002640 0.341097
vt 0.149784 0.500000
vt -0.000000 0.500000
vt 0.149784 -0.000000
vt -0.000000 -0.000000
vt -0.409043 1.366939
vt -0.245426 1.366939
vt -0.308923 1.472025
vt -0.204522 1.537806
vt -0.308923 1.616621
vt -0.204522 1.708673
vt -0.308923 1.761217
vt -0.204522 1.879541
vt -0.308923 1.905812
vt -0.308923 2.050408
vt -0.154462 2.050408
vt -0.000000 1.879541
vt -0.000000 2.050408
vt 0.154462 2.050408
vt 0.204522 1.879541
vt 0.308923 1.905812
vt 0.308923 1.761217
vt 0.204522 1.708673
vt 0.308923 1.616621
vt 0.204522 1.537806
vt 0.308923 1.472025
vt 0.245426 1.366939
vt 0.409043 1.366939
vt -0.081809 1.366939
vt -0.000000 1.537806
vt -0.000000 1.708673
vt 0.081809 1.366939
vt 0.308923 2.050408
vt -0.448231 1.602218
vt -0.268939 1.602218
vt -0.348137 1.707042
vt -0.268939 1.762440
vt -0.348137 1.881113
vt -0.268939 1.922662
vt -0.348137 2.055185
vt -0.268939 2.082884
vt -0.348137 2.229256
vt -0.268939 2.243106
vt -0.348137 2.403327
vt -0.174068 2.403327
vt -0.089646 2.243106
vt 0.000000 2.403327
vt 0.089646 2.243106
vt 0.174068 2.403327
vt 0.268939 2.243106
vt 0.348137 2.403327
vt 0.348137 2.229256
vt 0.268939 2.082884
vt 0.348137 2.055185
vt 0.268939 1.922662
vt 0.348137 1.881113
vt 0.268939 1.762440
vt 0.348137 1.707042
vt 0.268939 1.602218
vt 0.448231 1.602218
vt -0.089646 1.602218
vt -0.089646 1.762440
vt -0.089646 1.922662
vt -0.089646 2.082884
vt 0.089646 1.602218
vt 0.089646 1.762440
vt 0.089646 1.922662
vt 0.089646 2.082884
vt -1.161574 0.207715
vt -1.234146 0.227161
vt -1.179733 0.025101
vt -1.329235 0.038189
vt -1.318720 -0.171177
vt -1.306717 0.246606
vt -1.169358 -0.158120
vt -1.275433 -0.376290
vt -1.130700 -0.337516
vt -1.200451 -0.572051
vt -1.064694 -0.508749
vt -1.095636 -0.753596
vt -0.972937 -0.667678
vt -0.963593 -0.916413
vt -0.857648 -0.810457
vt -0.807604 -1.056457
vt -0.721615 -0.933634
vt -0.631545 -1.170246
vt -0.568128 -1.034229
vt -0.439791 -1.254953
vt -0.420346 -1.182382
vt -0.400900 -1.109810
vt 0.000515 -0.261650
vt 0.000000 -0.298451
vt 0.149784 -0.298451
vt 0.000515 -0.335253
vt 0.150364 -0.335263
vt 0.001992 -0.373114
vt 0.152029 -0.373127
vt 0.004237 -0.410948
vt 0.154561 -0.410958
vt 0.006804 -0.447678
vt 0.157457 -0.447679
vt 0.009377 -0.484407
vt 0.160360 -0.484399
vt 0.011634 -0.522241
vt 0.162910 -0.522228
vt 0.013123 -0.560102
vt 0.164592 -0.560091
vt 0.165181 -0.596903
vt 0.013644 -0.596903
vt 0.165181 0.596903
vt 0.013644 0.596903
vt 0.164592 0.560091
vt 0.013123 0.560102
vt 0.011634 0.522241
vt 0.162910 0.522228
vt 0.009377 0.484407
vt 0.160360 0.484399
vt 0.006804 0.447678
vt 0.157457 0.447679
vt 0.154561 0.410958
vt 0.004237 0.410948
vt 0.152029 0.373127
vt 0.001992 0.373114
vt 0.150364 0.335263
vt 0.000515 0.335253
vt 0.149784 0.298451
vt -0.000000 0.298451
vt 0.000515 0.261650
vt 0.150364 0.261639
vt 0.001992 0.223789
vt 0.152029 0.223775
vt 0.004237 0.185954
vt 0.154561 0.185945
vt 0.006804 0.149225
vt 0.157457 0.149224
vt 0.009377 0.112495
vt 0.160360 0.112504
vt 0.011634 0.074661
vt 0.162910 0.074674
vt 0.013123 0.036801
vt 0.164592 0.036811
vt 0.165181 0.000000
vt 0.013644 -0.000000
vt 0.164592 -0.036811
vt 0.013123 -0.036801
vt 0.011634 -0.074661
vt 0.162910 -0.074674
vt 0.009377 -0.112495
vt 0.160360 -0.112504
vt 0.006804 -0.149225
vt 0.157457 -0.149224
vt 0.154561 -0.185945
vt 0.004237 -0.185954
vt 0.152029 -0.223775
vt 0.001992 -0.223789
vt 0.150364 -0.261639
vt 0.149784 0.500000
vt 0.000000 0.500000
vt 0.149784 -0.000000
vt -0.000000 -0.000000
vt 0.149784 0.500000
vt -0.000000 0.500000
vt 0.149784 0.000000
vt 0.000000 0.000000
vt -0.500000 -2.436956
vt 0.000000 -2.436956
vt -0.600000 -2.336861
vt -0.300000 -2.279472
vt -0.336561 -2.275831
vt -0.263439 -2.275831
vt 0.000000 -2.262887
vt -0.227245 -2.264851
vt -0.193992 -2.246807
vt -0.165650 -2.223400
vt -0.142385 -2.194942
vt -0.124482 -2.161611
vt 0.000000 -2.088819
vt -0.113603 -2.125386
vt -0.110000 -2.088819
vt -0.113603 -2.052252
vt -0.124482 -2.016027
vt 0.000000 -1.914751
vt -0.142385 -1.982696
vt -0.165650 -1.954239
vt -0.193992 -1.930831
vt -0.227245 -1.912787
vt -0.263439 -1.901807
vt -0.300000 -1.898167
vt -0.600000 -1.840777
vt -0.336561 -1.901807
vt -0.372755 -1.912787
vt -0.406008 -1.930831
vt -0.600000 -2.006139
vt -0.434350 -1.954239
vt -0.457615 -1.982696
vt -0.475518 -2.016027
vt -0.486397 -2.052252
vt -0.490000 -2.088819
vt -0.600000 -2.171500
vt -0.486397 -2.125386
vt -0.475518 -2.161611
vt -0.457615 -2.194942
vt -0.434350 -2.223400
vt -0.406008 -2.246807
vt -0.372755 -2.264851
vt 0.000000 -1.740683
vt -0.500000 -1.740683
vt 0.000000 1.770716
vt 0.000000 1.642668
vt 0.100114 1.693255
vt 0.198226 1.611726
vt 0.278887 1.699444
vt 0.396452 1.611726
vt 0.457156 1.712227
vt 0.594677 1.611726
vt 0.634480 1.733270
vt 0.792903 1.611726
vt 0.810193 1.765717
vt 0.991129 1.611726
vt 0.991129 1.772857
vt 1.189355 1.611726
vt 1.189355 1.772857
vt 1.387580 1.611726
vt 1.387580 1.772857
vt 1.545111 1.939579
vt 1.387580 1.933988
vt 1.387580 2.095118
vt 1.309583 2.024068
vt 1.446767 2.256249
vt 0.000000 1.514619
vt 0.198226 1.450595
vt 0.396452 1.450595
vt 0.396452 1.289465
vt 0.594677 1.289465
vt 0.457156 1.188964
vt 0.634480 1.167920
vt 0.000000 1.386571
vt 0.198226 1.289465
vt 0.278887 1.201746
vt 0.000000 1.258523
vt 0.100114 1.207936
vt 0.000000 1.130475
vt 0.792903 1.289465
vt 0.810193 1.135474
vt 0.991129 1.289465
vt 0.991129 1.128334
vt 1.189355 1.128334
vt 1.151194 1.007497
vt 1.309583 0.877122
vt 0.983157 1.085782
vt 1.446767 0.644942
vt 1.387580 0.806072
vt 1.387580 0.967203
vt 1.387580 1.128334
vt 1.189355 1.289465
vt 1.387580 1.289465
vt 1.189355 1.450595
vt 1.387580 1.450595
vt 1.545111 0.961611
vt 1.585806 1.450595
vt 1.151194 1.893694
vt 0.983157 1.815409
vt 0.594677 1.450595
vt 0.792903 1.450595
vt 0.991129 1.450595
vt -0.000000 1.283938
vt -0.000000 1.424253
vt -0.100089 1.361481
vt -0.198567 1.387113
vt -0.303167 1.354858
vt -0.397134 1.387113
vt -0.505690 1.340758
vt -0.595700 1.387113
vt -0.707159 1.317319
vt -0.794267 1.387113
vt -0.906821 1.281011
vt -0.992834 1.387113
vt -1.103389 1.225236
vt -1.191401 1.387113
vt -1.191401 1.222036
vt -1.389967 1.387113
vt -1.389967 1.222036
vt -1.588534 1.387113
vt -1.588534 1.222036
vt -1.741240 1.083673
vt -1.588534 1.056960
vt -1.630413 0.726807
vt -1.588534 0.891884
vt -1.474474 0.989967
vt -0.198567 1.552189
vt -0.000000 1.564569
vt -0.000000 1.704885
vt -0.198567 1.717265
vt -0.000000 1.845201
vt -0.198567 1.882341
vt -0.100089 1.907973
vt -0.303167 1.914596
vt -0.000000 1.985516
vt -0.397134 1.882341
vt -0.505690 1.928696
vt -0.595700 1.882341
vt -0.707159 1.952134
vt -0.794267 1.882341
vt -0.906821 1.988443
vt -0.992834 1.882341
vt -1.103389 2.044218
vt -1.191401 1.882341
vt -1.191401 2.047418
vt -1.389967 2.047418
vt -1.294396 2.132319
vt -1.474474 2.279486
vt -1.630413 2.542647
vt -1.588534 2.377570
vt -1.588534 2.212494
vt -1.588534 2.047418
vt -1.741240 2.185780
vt -1.588534 1.882341
vt -1.787101 1.634727
vt -1.588534 1.717265
vt -1.588534 1.552189
vt -1.389967 1.552189
vt -1.294396 1.137135
vt -0.397134 1.552189
vt -0.397134 1.717265
vt -0.595700 1.552189
vt -0.595700 1.717265
vt -0.794267 1.552189
vt -0.794267 1.717265
vt -0.992834 1.552189
vt -0.992834 1.717265
vt -1.191401 1.552189
vt -1.191401 1.717265
vt -1.389967 1.717265
vt -1.389967 1.882341
vt -0.056569 0.348308
vt 0.056569 0.348308
vt -0.056569 0.440229
vt 0.056569 0.440229
vt 0.056569 0.532149
vt 0.056569 0.624070
vt -0.056569 0.624070
vt -0.056569 0.532149
vt 0.500000 -0.330672
vt 0.080000 -0.330672
vt 0.500000 -0.417939
vt 0.080000 -0.417939
vt 0.080000 -0.505205
vt 0.080000 -0.592471
vt 0.500000 -0.592471
vt 0.500000 -0.505205
vt 0.000000 0.080000
vt 0.080000 0.000000
vt 0.000000 0.500000
vt 0.150000 0.500000
vt 0.150000 0.000000
vt -0.056569 -0.754740
vt 0.056569 -0.754740
vt -0.056569 -0.616859
vt 0.056569 -0.616859
vt -0.056569 -0.478978
vt 0.056569 -0.478978
vt -0.056569 -0.341097
vt 0.056569 -0.341097
vt 0.500000 0.716525
vt 0.080000 0.716525
vt 0.500000 0.585626
vt 0.080000 0.585626
vt 0.500000 0.454726
vt 0.080000 0.454726
vt 0.500000 0.323826
vt 0.080000 0.323826
vt 0.000000 0.080000
vt 0.080000 0.000000
vt 0.000000 0.500000
vt 0.150000 0.500000
vt 0.150000 0.000000
vt -0.056569 -0.590894
vt 0.056569 -0.590894
vt -0.056569 -0.498973
vt 0.056569 -0.498973
vt 0.056569 -0.407052
vt 0.056569 -0.315132
vt -0.056569 -0.315132
vt -0.056569 -0.407052
vt 0.500000 -1.795219
vt 0.080000 -1.795219
vt 0.500000 -1.882486
vt 0.080000 -1.882486
vt 0.080000 -1.969752
vt 0.080000 -2.057019
vt 0.500000 -2.057019
vt 0.500000 -1.969752
vt -0.000000 0.080000
vt 0.080000 0.000000
vt -0.000000 0.500000
vt 0.150000 0.500000
vt 0.150000 0.000000
vt -0.056569 0.374273
vt 0.056569 0.374273
vt -0.056569 0.512154
vt 0.056569 0.512154
vt -0.056569 0.650035
vt 0.056569 0.650035
vt -0.056569 0.787916
vt 0.056569 0.787916
vt 0.500000 2.000872
vt 0.080000 2.000872
vt 0.500000 1.869972
vt 0.080000 1.869972
vt 0.500000 1.739072
vt 0.080000 1.739072
vt 0.500000 1.608173
vt 0.080000 1.608173
vt 0.000000 0.080000
vt 0.080000 0.000000
vt 0.000000 0.500000
vt 0.150000 0.500000
vt 0.150000 0.000000
vt -0.400000 -1.819881
vt -0.000000 -1.697166
vt -0.400000 -1.640588
vt -0.000000 -1.566614
vt -0.400000 -1.441862
vt -0.000000 -1.436063
vt -0.000000 -1.305512
vt -0.400000 -1.999173
vt -0.000000 -1.958268
vt -0.000000 -1.827717
vt -0.000000 -2.088819
vt -0.400000 -2.178465
vt -0.000000 -2.219370
vt -0.400000 -2.357758
vt -0.000000 -2.349922
vt -0.000000 -2.480473
vt -0.400000 -2.537050
vt -0.000000 -2.611024
vt -0.400000 -2.746898
vt -0.000000 -2.741575
vt -0.000000 -2.872126
vt -0.400000 -2.956746
vt -0.000000 -3.002678
vt -0.400000 -3.166594
vt -0.000000 -3.133229
vt -0.000000 -3.263780
vt -0.400000 -3.376441
vt -0.000000 -3.394331
vt -0.000000 -3.524882
vt -0.400000 -3.586289
vt -0.000000 -3.655434
vt -0.400000 -3.796137
vt -0.000000 -3.785985
vt -0.000000 -3.916536
vt -0.400000 -4.005985
vt -0.000000 -4.047087
vt 0.000000 4.308190
vt -0.400000 4.349292
vt -0.400000 4.139444
vt 0.000000 4.177638
vt -0.000000 4.047087
vt -0.400000 3.929596
vt -0.000000 3.916536
vt -0.000000 3.785985
vt -0.400000 3.750304
vt -0.000000 3.655434
vt -0.400000 3.571012
vt -0.000000 3.524882
vt -0.400000 3.391719
vt -0.000000 3.394331
vt -0.000000 3.263780
vt -0.400000 3.212427
vt -0.000000 3.133229
vt -0.400000 3.033134
vt -0.000000 3.002678
vt -0.000000 2.872126
vt -0.400000 2.834408
vt -0.000000 2.741575
vt -0.400000 2.635682
vt -0.000000 2.611024
vt -0.000000 2.480473
vt -0.400000 2.436956
vt -0.000000 2.349922
vt -0.400000 2.238230
vt -0.000000 2.219370
vt -0.000000 2.088819
vt -0.400000 2.039503
vt -0.000000 1.958268
vt -0.400000 1.840777
vt -0.000000 1.827717
vt -0.000000 1.697166
vt -0.400000 1.661485
vt -0.000000 1.566614
vt -0.400000 1.482192
vt -0.000000 1.436063
vt -0.400000 1.302900
vt -0.000000 1.305512
vt -0.000000 1.174961
vt -0.400000 1.123608
vt -0.000000 1.044410
vt -0.400000 0.944315
vt -0.000000 0.913858
vt -0.400000 0.778954
vt -0.000000 0.783307
vt -0.000000 0.652756
vt -0.400000 0.613592
vt -0.000000 0.522205
vt -0.400000 0.448231
vt -0.000000 0.391654
vt -0.400000 0.268939
vt -0.000000 0.261102
vt -0.000000 0.130551
vt -0.400000 0.089646
vt -0.000000 0.000000
vt -0.400000 -0.089646
vt -0.000000 -0.130551
vt -0.400000 -0.268939
vt -0.000000 -0.261102
vt -0.000000 -0.391654
vt -0.400000 -0.448231
vt -0.000000 -0.522205
vt -0.400000 -0.646957
vt -0.000000 -0.652756
vt -0.000000 -0.783307
vt -0.400000 -0.845683
vt -0.000000 -0.913858
vt -0.400000 -1.044410
vt -0.000000 -1.044410
vt -0.000000 -1.174961
vt -0.400000 -1.243136
vt -0.312219 -2.107333
vt -0.294102 -2.103001
vt -0.308100 -2.090927
vt -0.276057 -2.098384
vt -0.308037 -2.074012
vt -0.258793 -2.065018
vt -0.312033 -2.057576
vt -0.266186 -2.037521
vt -0.319855 -2.042578
vt -0.279850 -2.012540
vt -0.331046 -2.029894
vt -0.299015 -1.991482
vt -0.344953 -2.020265
vt -0.322602 -1.975532
vt -0.360764 -2.014253
vt -0.349283 -1.965587
vt -0.377555 -2.012209
vt -0.377555 -1.962209
vt -0.777555 -1.962209
vt -0.258086 -2.093483
vt -0.795672 -1.959824
vt -0.808613 -2.008120
vt -0.777555 -2.012209
vt -0.837555 -1.996132
vt -0.812555 -1.952831
vt -0.862408 -1.977062
vt -0.827053 -1.941707
vt -0.881478 -1.952209
vt -0.838177 -1.927209
vt -0.893466 -1.923268
vt -0.845170 -1.910327
vt -0.897555 -1.892209
vt -0.847555 -1.892209
vt -0.845170 -1.874092
vt -0.893466 -1.861151
vt -0.838177 -1.857209
vt -0.881478 -1.832209
vt -0.827053 -1.842712
vt -0.862408 -1.807357
vt -0.812555 -1.831588
vt -0.837555 -1.788286
vt -0.795672 -1.824595
vt -0.808613 -1.776298
vt -0.777555 -1.822209
vt -0.777555 -1.772209
vt -0.377555 -1.772209
vt -0.377555 -1.822209
vt -0.347534 -1.818393
vt -0.359438 -1.769824
vt -0.319423 -1.807189
vt -0.342555 -1.762831
vt -0.295008 -1.789307
vt -0.328058 -1.751707
vt -0.275844 -1.765886
vt -0.316933 -1.737209
vt -0.263148 -1.738416
vt -0.309940 -1.720327
vt -0.257728 -1.708643
vt -0.307555 -1.702209
vt -0.259929 -1.678461
vt -0.309940 -1.684092
vt -0.269610 -1.649789
vt -0.316933 -1.667209
vt -0.286157 -1.624451
vt -0.328058 -1.652712
vt -0.308516 -1.604058
vt -0.342555 -1.641588
vt -0.359438 -1.634595
vt -0.377555 -1.632209
vt -0.421272 -1.543879
vt -0.442282 -1.632209
vt -0.577555 -1.557552
vt -0.601578 -1.641259
vt -0.733838 -1.543879
vt -0.760242 -1.624445
vt -0.885373 -1.503275
vt -0.914103 -1.582209
vt -0.269737 -1.503275
vt -0.285840 -1.597317
vt -0.263333 -1.590033
vt -0.241007 -1.582209
vt 0.065527 -0.034475
vt 0.096966 0.010653
vt 0.021884 -0.005555
vt 0.051190 0.040987
vt -0.023057 0.021303
vt 0.004051 0.069158
vt -0.069199 0.046041
vt -0.044346 0.095106
vt -1.901151 -1.087915
vt -1.900935 -1.087893
vt -1.907555 -0.957552
vt -1.907339 -0.957552
vt -1.900935 -0.827210
vt -1.881787 -1.216980
vt -1.881999 -1.217022
vt -1.850079 -1.343568
vt -1.850286 -1.343630
vt -1.806115 -1.466438
vt -1.806315 -1.466521
vt -1.750320 -1.584407
vt -1.750510 -1.584509
vt -1.683230 -1.696340
vt -1.683410 -1.696460
vt -1.605492 -1.801158
vt -1.605659 -1.801295
vt -1.517854 -1.897851
vt -1.518007 -1.898004
vt -1.421161 -1.985488
vt -1.421298 -1.985656
vt -1.316343 -2.063226
vt -1.316463 -2.063406
vt -1.204411 -2.130316
vt -1.204513 -2.130507
vt -1.086441 -2.186112
vt -1.086524 -2.186312
vt -0.963571 -2.230075
vt -0.963634 -2.230282
vt -0.836983 -2.261784
vt -0.837025 -2.261996
vt -0.707897 -2.280932
vt -0.707918 -2.281148
vt -0.577555 -2.287335
vt -0.577555 -2.287552
vt -0.447192 -2.281148
vt -0.447213 -2.280932
vt -0.318085 -2.261996
vt -0.318127 -2.261784
vt -0.191476 -2.230282
vt -0.191539 -2.230075
vt -0.068586 -2.186312
vt -0.068669 -2.186112
vt 0.049403 -2.130507
vt 0.049301 -2.130316
vt 0.161353 -2.063406
vt 0.161233 -2.063226
vt 0.266188 -1.985656
vt 0.266051 -1.985488
vt 0.362897 -1.898004
vt 0.362744 -1.897851
vt 0.450549 -1.801295
vt 0.450382 -1.801158
vt 0.528300 -1.696460
vt 0.528120 -1.696340
vt 0.595400 -1.584509
vt 0.595209 -1.584407
vt 0.651205 -1.466521
vt 0.651005 -1.466438
vt 0.695176 -1.343630
vt 0.694969 -1.343568
vt 0.726889 -1.217022
vt 0.726677 -1.216980
vt 0.746041 -1.087915
vt 0.745825 -1.087893
vt 0.752229 -0.957552
vt 0.752445 -0.957552
vt 0.745825 -0.827210
vt 0.746041 -0.827189
vt 0.726677 -0.698124
vt 0.726889 -0.698082
vt 0.694969 -0.571536
vt 0.695176 -0.571473
vt 0.651005 -0.448666
vt 0.651205 -0.448583
vt 0.595209 -0.330696
vt 0.595400 -0.330594
vt 0.528120 -0.218764
vt 0.528300 -0.218643
vt 0.450382 -0.113946
vt 0.450549 -0.113809
vt 0.362744 -0.017253
vt 0.362897 -0.017100
vt 0.266051 0.070385
vt 0.266188 0.070552
vt 0.161233 0.148123
vt 0.161353 0.148303
vt 0.049301 0.215213
vt 0.049403 0.215403
vt -0.068669 0.271008
vt -0.068586 0.271208
vt -0.191539 0.314972
vt -0.191476 0.315179
vt -0.318127 0.346680
vt -0.318085 0.346893
vt -0.447213 0.365829
vt -0.447192 0.366044
vt -0.577555 0.372232
vt -0.577555 0.372448
vt -0.707918 0.366044
vt -0.707897 0.365829
vt -0.837025 0.346893
vt -0.836983 0.346680
vt -0.963634 0.315179
vt -0.963571 0.314972
vt -1.086524 0.271208
vt -1.086441 0.271008
vt -1.204513 0.215403
vt -1.204411 0.215213
vt -1.316463 0.148303
vt -1.316343 0.148123
vt -1.421298 0.070552
vt -1.421161 0.070385
vt -1.518007 -0.017100
vt -1.517854 -0.017253
vt -1.605659 -0.113809
vt -1.605492 -0.113946
vt -1.683410 -0.218643
vt -1.683230 -0.218764
vt -1.750510 -0.330594
vt -1.750320 -0.330696
vt -1.806315 -0.448583
vt -1.806115 -0.448666
vt -1.850286 -0.571473
vt -1.850079 -0.571536
vt -1.881999 -0.698082
vt -1.881787 -0.698124
vt -1.901151 -0.827189
vt -0.500000 0.177205
vt -0.000000 0.177205
vt -0.500000 0.205746
vt -0.000000 0.205746
vt -0.500000 0.234287
vt -0.000000 0.234287
vt -0.500000 0.262828
vt -0.000000 0.262828
vt -0.500000 0.291369
vt -0.000000 0.291369
vt -0.500000 0.319909
vt -0.000000 0.319909
vt -0.500000 0.348450
vt -0.000000 0.348450
vt -0.500000 0.376991
vt -0.000000 0.376991
vt 0.000000 0.101215
vt -0.000000 0.084259
vt 0.250000 0.101215
vt 0.500000 0.084259
vt 0.500000 0.101215
vt 0.250000 0.118172
vt 0.500000 0.118172
vt 0.250000 0.135129
vt 0.500000 0.135129
vt 0.250000 0.152085
vt 0.500000 0.152085
vt 0.250000 0.169042
vt 0.500000 0.169042
vt 0.250000 0.185998
vt 0.500000 0.185998
vt 0.250000 0.202955
vt 0.500000 0.202955
vt 0.500000 0.219911
vt 0.000000 0.219911
vt -0.000000 0.202955
vt -0.000000 0.185998
vt -0.000000 0.169042
vt 0.000000 0.152085
vt 0.000000 0.135129
vt 0.000000 0.118172
vt 0.500000 -0.219911
vt 0.000000 -0.219911
vt 0.250000 -0.238237
vt -0.000000 -0.238237
vt 0.250000 -0.256563
vt -0.000000 -0.256563
vt 0.250000 -0.274889
vt -0.000000 -0.274889
vt 0.250000 -0.293215
vt -0.000000 -0.293215
vt 0.250000 -0.311541
vt -0.000000 -0.311541
vt 0.250000 -0.329867
vt 0.000000 -0.329867
vt 0.250000 -0.348193
vt -0.000000 -0.348193
vt 0.250000 -0.366519
vt 0.000000 -0.366519
vt 0.250000 -0.384845
vt 0.000000 -0.384845
vt 0.250000 -0.403171
vt 0.000000 -0.403171
vt 0.250000 -0.421497
vt -0.000000 -0.421497
vt -0.000000 -0.439823
vt 0.500000 -0.439823
vt 0.500000 -0.421497
vt 0.500000 -0.403171
vt 0.500000 -0.384845
vt 0.500000 -0.366519
vt 0.500000 -0.348193
vt 0.500000 -0.329867
vt 0.500000 -0.311541
vt 0.500000 -0.293215
vt 0.500000 -0.274889
vt 0.500000 -0.256563
vt 0.500000 -0.238237
vt -0.000000 0.000000
vt 0.064727 0.000000
vt -0.000000 0.500000
vt 0.064727 0.500000
vt -0.500000 0.000000
vt -0.000000 0.000000
vt -0.500000 0.030343
vt -0.000000 0.030343
vt -0.500000 0.060686
vt -0.000000 0.060686
vt -0.500000 0.091029
vt -0.000000 0.091029
vt -0.500000 0.121373
vt -0.000000 0.121373
vt -0.500000 0.151716
vt -0.000000 0.151716
vt -0.500000 0.182059
vt -0.000000 0.182059
vt -0.500000 0.212402
vt -0.000000 0.212402
vt -0.500000 0.242745
vt -0.000000 0.242745
vt -0.500000 0.273088
vt -0.000000 0.273088
vt -0.500000 0.303431
vt -0.000000 0.303431
vt 0.000000 0.000000
vt 0.400000 0.000000
vt -0.000000 0.500000
vt 0.400000 0.500000
vt 0.500000 -0.219911
vt -0.000000 -0.219911
vt 0.250000 -0.238237
vt 0.000000 -0.238237
vt 0.250000 -0.256563
vt 0.000000 -0.256563
vt 0.250000 -0.274889
vt 0.000000 -0.274889
vt 0.250000 -0.293215
vt 0.000000 -0.293215
vt 0.250000 -0.311541
vt -0.000000 -0.311541
vt 0.250000 -0.329867
vt 0.000000 -0.329867
vt 0.250000 -0.348193
vt 0.000000 -0.348193
vt 0.250000 -0.366519
vt 0.000000 -0.366519
vt 0.250000 -0.384845
vt 0.000000 -0.384845
vt 0.250000 -0.403171
vt 0.000000 -0.403171
vt 0.250000 -0.421497
vt -0.000000 -0.421497
vt 0.000000 -0.439823
vt 0.500000 -0.439823
vt 0.500000 -0.421497
vt 0.500000 -0.403171
vt 0.500000 -0.384845
vt 0.500000 -0.366519
vt 0.500000 -0.348193
vt 0.500000 -0.329867
vt 0.500000 -0.311541
vt 0.500000 -0.293215
vt 0.500000 -0.274889
vt 0.500000 -0.256563
vt 0.500000 -0.238237
vt -0.000000 0.000000
vt 0.400000 0.000000
vt -0.000000 0.500000
vt 0.400000 0.500000
vt 0.000000 0.000000
vt 0.400000 0.000000
vt -0.000000 0.500000
vt 0.400000 0.500000
vt -0.500000 0.000000
vt -0.000000 0.000000
vt -0.500000 0.031416
vt -0.000000 0.031416
vt -0.500000 0.062832
vt -0.000000 0.062832
vt -0.500000 0.094248
vt -0.000000 0.094248
vt -0.500000 0.125664
vt -0.000000 0.125664
vt -0.500000 0.157080
vt -0.000000 0.157080
vt -0.500000 0.188496
vt -0.000000 0.188496
vt -0.500000 0.219911
vt -0.000000 0.219911
vt -0.500000 0.251327
vt -0.000000 0.251327
vt -0.500000 0.282743
vt -0.000000 0.282743
vt -0.500000 0.314159
vt -0.000000 0.314159
vt -0.500000 0.345575
vt -0.000000 0.345575
vt -0.500000 0.376991
vt -0.000000 0.376991
vt 0.000000 0.000000
vt 0.400000 0.000000
vt 0.000000 0.500000
vt 0.400000 0.500000
vt -0.000000 0.479183
vt -0.500000 0.479183
vt -0.000000 0.319455
vt -0.500000 0.319455
vt -0.000000 0.159728
vt -0.500000 0.159728
vt -0.000000 0.000000
vt -0.500000 0.000000
vt -0.500000 0.615989
vt -0.000000 0.615989
vt -0.500000 0.639647
vt -0.000000 0.639647
vt -0.500000 0.663304
vt -0.000000 0.663304
vt -0.500000 0.686962
vt -0.000000 0.686962
vt 0.000000 0.000000
vt 0.084000 0.000000
vt 0.000000 0.500000
vt 0.084000 0.500000
vt 0.500000 0.628319
vt 0.000000 0.628319
vt 0.500000 0.471239
vt 0.000000 0.471239
vt 0.500000 0.314159
vt 0.000000 0.314159
vt 0.500000 0.157080
vt 0.000000 0.157080
vt 0.500000 0.000000
vt 0.000000 0.000000
vt 0.000000 0.000000
vt 0.084000 0.000000
vt -0.000000 0.500000
vt 0.084000 0.500000
vt -0.000000 -3.964045
vt -0.500000 -4.047746
vt -0.000000 -4.178318
vt -0.500000 -4.178318
vt -0.000000 4.178318
vt -0.500000 4.178318
vt -0.500000 4.047746
vt -0.500000 -3.917173
vt -0.000000 -3.749773
vt -0.500000 -3.786601
vt -0.500000 -3.656028
vt -0.000000 -3.535500
vt -0.500000 -3.525456
vt -0.500000 -3.394884
vt -0.000000 -3.321227
vt -0.500000 -3.264311
vt -0.000000 -3.106955
vt -0.500000 -3.133739
vt -0.500000 -3.003166
vt -0.000000 -2.892682
vt -0.500000 -2.872594
vt -0.500000 -2.742021
vt -0.000000 -2.678409
vt -0.500000 -2.611449
vt -0.000000 -2.464136
vt -0.500000 -2.480876
vt -0.500000 -2.350304
vt -0.000000 -2.249864
vt -0.500000 -2.219732
vt -0.500000 -2.089159
vt -0.000000 -2.035591
vt -0.500000 -1.958587
vt -0.000000 -1.821318
vt -0.500000 -1.828014
vt -0.500000 -1.697442
vt -0.000000 -1.607045
vt -0.500000 -1.566869
vt -0.500000 -1.436297
vt -0.000000 -1.392773
vt -0.500000 -1.305724
vt -0.000000 -1.178500
vt -0.500000 -1.175152
vt -0.500000 -1.044580
vt -0.000000 -0.964227
vt -0.500000 -0.914007
vt -0.000000 -0.749955
vt -0.500000 -0.783435
vt -0.500000 -0.652862
vt -0.000000 -0.535682
vt -0.500000 -0.522290
vt -0.500000 -0.391717
vt -0.000000 -0.321409
vt -0.500000 -0.261145
vt -0.000000 -0.107136
vt -0.500000 -0.130572
vt -0.500000 0.000000
vt -0.000000 0.107136
vt -0.500000 0.130572
vt -0.500000 0.261145
vt -0.000000 0.321409
vt -0.500000 0.391717
vt -0.000000 0.535682
vt -0.500000 0.522290
vt -0.500000 0.652862
vt -0.000000 0.749955
vt -0.500000 0.783435
vt -0.500000 0.914007
vt -0.000000 0.964227
vt -0.500000 1.044580
vt -0.000000 1.178500
vt -0.500000 1.175152
vt -0.500000 1.305724
vt -0.000000 1.392773
vt -0.500000 1.436297
vt -0.000000 1.607045
vt -0.500000 1.566869
vt -0.500000 1.697442
vt -0.000000 1.821318
vt -0.500000 1.828014
vt -0.500000 1.958587
vt -0.000000 2.035591
vt -0.500000 2.089159
vt -0.000000 2.249864
vt -0.500000 2.219732
vt -0.500000 2.350304
vt -0.000000 2.464136
vt -0.500000 2.480876
vt -0.500000 2.611449
vt -0.000000 2.678409
vt -0.500000 2.742021
vt -0.000000 2.892682
vt -0.500000 2.872594
vt -0.500000 3.003166
vt -0.000000 3.106955
vt -0.500000 3.133739
vt -0.500000 3.264311
vt -0.000000 3.321227
vt -0.500000 3.394884
vt -0.000000 3.535500
vt -0.500000 3.525456
vt -0.500000 3.656028
vt -0.000000 3.749773
vt -0.500000 3.786601
vt -0.500000 3.917173
vt -0.000000 3.964045
vt 0.000000 -1.585915
vt -0.000000 -1.784787
vt 0.500000 -1.585915
vt 0.900000 -1.717192
vt 0.900000 -1.544616
vt 0.900000 -1.889767
vt 0.000000 -1.983660
vt 0.900000 -2.062343
vt 0.000000 -2.182532
vt 0.900000 -2.225960
vt -0.000000 -2.381404
vt 0.900000 -2.389578
vt 0.900000 -2.553195
vt 0.000000 -2.580277
vt 0.900000 -2.716812
vt 0.000000 -2.779149
vt 0.900000 -2.880430
vt 0.000000 -2.978021
vt 0.900000 -3.019632
vt 0.000000 -3.176894
vt 0.900000 -3.158834
vt 0.900000 -3.298036
vt 0.000000 -3.375766
vt 0.900000 -3.461653
vt 0.000000 -3.574639
vt 0.900000 -3.625271
vt 0.900000 3.788888
vt 0.000000 3.839520
vt 0.000000 3.640648
vt 0.900000 3.625271
vt 0.900000 3.461653
vt 0.000000 3.441775
vt 0.900000 3.298036
vt -0.000000 3.242903
vt 0.900000 3.125460
vt 0.000000 3.044031
vt 0.900000 2.952885
vt 0.000000 2.845158
vt 0.900000 2.780309
vt 0.000000 2.646286
vt 0.900000 2.607734
vt 0.200000 2.571556
vt 0.500000 2.571556
vt 0.000000 2.447414
vt 0.200000 2.516637
vt 0.200000 2.461717
vt 0.200000 2.406797
vt 0.000000 2.248541
vt 0.500000 2.406797
vt 0.900000 2.262583
vt 0.900000 2.435159
vt 0.900000 2.098966
vt -0.000000 2.049669
vt 0.900000 1.935348
vt 0.000000 1.850797
vt 0.900000 1.771731
vt 0.000000 1.651924
vt 0.900000 1.608114
vt 0.000000 1.453052
vt 0.900000 1.444496
vt 0.200000 1.300282
vt 0.500000 1.300282
vt 0.000000 1.254180
vt 0.200000 1.245362
vt 0.200000 1.190443
vt 0.200000 1.135523
vt 0.000000 1.055307
vt 0.500000 1.135523
vt 0.900000 1.077096
vt 0.500000 1.190443
vt 0.900000 1.260796
vt 0.500000 1.245362
vt 0.900000 0.893396
vt 0.000000 0.856435
vt 0.900000 0.709697
vt 0.000000 0.657563
vt 0.900000 0.525997
vt 0.000000 0.458690
vt 0.900000 0.342297
vt 0.000000 0.259818
vt 0.900000 0.158597
vt 0.000000 0.060946
vt 0.900000 -0.025103
vt 0.000000 -0.137927
vt 0.900000 -0.208803
vt 0.000000 -0.336799
vt 0.900000 -0.372421
vt 0.000000 -0.535671
vt 0.900000 -0.536038
vt 0.900000 -0.699655
vt 0.000000 -0.734544
vt 0.900000 -0.863273
vt 0.000000 -0.933416
vt 0.900000 -1.026890
vt 0.000000 -1.132288
vt 0.900000 -1.199465
vt 0.000000 -1.331161
vt 0.900000 -1.372041
vt 0.000000 -1.530033
vt 0.500000 -1.530033
vt 0.500000 -1.548660
vt 0.500000 -1.567288
vt 0.500000 2.516637
vt 0.500000 2.461717
vt -0.505483 -1.066249
vt -0.471624 -1.243572
vt -0.319469 -1.135931
vt -0.266034 -1.303122
vt -0.265336 -1.149781
vt -0.068713 -1.177998
vt -0.053554 -1.328921
vt 0.129857 -1.172833
vt 0.160314 -1.320303
vt 0.324747 -1.134434
vt 0.370029 -1.277489
vt 0.570161 -1.201589
vt -0.665000 -1.151814
vt -0.677173 -0.966352
vt -0.841152 -1.030225
vt -0.829673 -0.839072
vt -0.995519 -0.881953
vt -0.958663 -0.688015
vt -1.124103 -0.710840
vt -1.060487 -0.517462
vt -1.223573 -0.521316
vt -1.132260 -0.332245
vt -1.291353 -0.318290
vt -1.171948 -0.137613
vt -1.325687 -0.107021
vt -1.178426 0.060919
vt -1.325687 0.107021
vt -1.151511 0.257724
vt -1.291353 0.318290
vt -1.091966 0.447226
vt -1.223573 0.521316
vt -1.001477 0.624055
vt -1.124103 0.710840
vt -0.882609 0.783199
vt -0.995519 0.881953
vt -0.841152 1.030225
vt -0.738730 0.920151
vt -0.665000 1.151814
vt -0.573918 1.031028
vt -0.471624 1.243572
vt -0.392843 1.112688
vt -0.266034 1.303122
vt -0.200636 1.162818
vt -0.053554 1.328921
vt -0.002743 1.179997
vt 0.160314 1.320303
vt 0.195228 1.163738
vt 0.370029 1.277489
vt 0.387666 1.114502
vt 0.570161 1.201589
vt 0.569119 1.033684
vt 0.755526 1.094569
vt 0.734445 0.923575
vt 0.921323 0.959199
vt 0.878958 0.787294
vt 1.063259 0.798987
vt 0.998565 0.628704
vt 1.177657 0.618082
vt 1.089875 0.452297
vt 1.261553 0.421168
vt 1.150301 0.263074
vt 1.312777 0.213347
vt 1.178131 0.066396
vt 1.330000 -0.000000
vt 1.172575 -0.132163
vt 1.312777 -0.213347
vt 1.133793 -0.326977
vt 1.261553 -0.421168
vt 1.062882 -0.512526
vt 1.177657 -0.618082
vt 0.961851 -0.683551
vt 1.063259 -0.798987
vt 0.833565 -0.835206
vt 0.921323 -0.959199
vt 0.681658 -0.963194
vt 0.755526 -1.094569
vt 0.510434 -1.063888
vt -0.269455 -1.133375
vt -0.269518 -1.116460
vt -0.318762 -1.107466
vt -0.265522 -1.100024
vt -0.311369 -1.079969
vt -0.257700 -1.085026
vt -0.297705 -1.054988
vt -0.246509 -1.072342
vt -0.278540 -1.033930
vt -0.232602 -1.062713
vt -0.254953 -1.017980
vt -0.216791 -1.056701
vt -0.228272 -1.008036
vt -0.200000 -1.054658
vt -0.200000 -1.004658
vt 0.200000 -1.004658
vt 0.200000 -1.054658
vt 0.218117 -1.002272
vt 0.231058 -1.050569
vt 0.235000 -0.995279
vt 0.260000 -1.038581
vt 0.249497 -0.984155
vt 0.284853 -1.019510
vt 0.260622 -0.969658
vt 0.303923 -0.994658
vt 0.267615 -0.952775
vt 0.315911 -0.965716
vt 0.270000 -0.934658
vt 0.320000 -0.934658
vt 0.315911 -0.903599
vt 0.267615 -0.916540
vt 0.303923 -0.874658
vt 0.260622 -0.899658
vt 0.284853 -0.849805
vt 0.249497 -0.885160
vt 0.260000 -0.830734
vt 0.235000 -0.874036
vt 0.231058 -0.818746
vt 0.218117 -0.867043
vt 0.200000 -0.814658
vt 0.200000 -0.864658
vt -0.200000 -0.814658
vt -0.200000 -0.864658
vt -0.230021 -0.860842
vt -0.218117 -0.812272
vt -0.258132 -0.849637
vt -0.235000 -0.805279
vt -0.282547 -0.831755
vt -0.249497 -0.794155
vt -0.301711 -0.808335
vt -0.260622 -0.779658
vt -0.314407 -0.780864
vt -0.267615 -0.762775
vt -0.319827 -0.751091
vt -0.270000 -0.744658
vt -0.317627 -0.720909
vt -0.267615 -0.726540
vt -0.307945 -0.692237
vt -0.260622 -0.709658
vt -0.291398 -0.666899
vt -0.249497 -0.695160
vt -0.269039 -0.646506
vt -0.235000 -0.684036
vt -0.218117 -0.677043
vt -0.200000 -0.674658
vt -0.156283 -0.586327
vt -0.307818 -0.545723
vt -0.135273 -0.674658
vt -0.000000 -0.600000
vt 0.024023 -0.683707
vt 0.156283 -0.586327
vt 0.182687 -0.666893
vt 0.307818 -0.545723
vt 0.336548 -0.624658
vt -0.336548 -0.624658
vt -0.314222 -0.632481
vt -0.291715 -0.639765
vt -1.110764 0.095106
vt -1.159162 0.069158
vt -1.085911 0.046041
vt -1.132053 0.021303
vt -1.206300 0.040987
vt -1.176994 -0.005555
vt -1.252076 0.010653
vt -1.220637 -0.034475
vt 0.070000 0.200000
vt 0.125000 0.200000
vt 0.070000 0.500000
vt 0.125000 0.500000
vt 0.275000 0.050000
vt 0.275000 0.650000
vt 0.070000 0.200000
vt 0.125000 0.200000
vt 0.070000 0.500000
vt 0.125000 0.500000
vt 0.275000 0.050000
vt 0.275000 0.650000
vt 0.150000 0.080000
vt 0.150000 0.500000
vt 0.070000 0.000000
vt 0.000000 0.500000
vt 0.000000 0.000000
vt -0.192211 -0.147736
vt -0.128635 -0.177029
vt -0.114392 -0.011517
vt -0.056869 -0.051405
vt -0.014101 0.109119
vt 0.035622 0.059848
vt 0.105615 0.210508
vt 0.146027 0.153351
vt 0.700000 0.994768
vt 0.700000 1.151848
vt -0.000000 1.105182
vt 0.200000 1.151848
vt 0.000000 1.280664
vt 0.200000 1.308927
vt 0.000000 1.456147
vt 0.200000 1.466007
vt -0.000000 1.631629
vt 0.200000 1.623086
vt 0.700000 1.623086
vt 0.700000 1.801416
vt 0.000000 1.807111
vt 0.700000 1.979745
vt 0.000000 1.982593
vt 0.700000 2.158075
vt 0.000000 2.158075
vt 0.000000 2.333557
vt 0.700000 2.336404
vt 0.000000 2.509039
vt 0.700000 2.514734
vt 0.000000 2.684521
vt 0.700000 2.693063
vt 0.200000 2.693063
vt 0.200000 2.850143
vt 0.000000 2.860003
vt 0.200000 3.007222
vt 0.000000 3.035485
vt 0.200000 3.164302
vt -0.000000 3.210967
vt 0.700000 3.164302
vt 0.700000 3.321382
vt 0.000000 3.386449
vt 0.700000 3.478461
vt -0.000000 3.561931
vt 0.700000 3.635541
vt 0.000000 3.737413
vt 0.700000 3.792621
vt 0.000000 3.912895
vt 0.700000 3.949700
vt 0.200000 3.949700
vt 0.000000 4.088377
vt 0.200000 4.054420
vt 0.200000 4.159140
vt 0.200000 4.263859
vt 0.000000 4.263859
vt 0.000000 0.929700
vt 0.700000 0.837688
vt -0.000000 0.754218
vt 0.700000 0.680609
vt 0.000000 0.578736
vt 0.700000 0.523529
vt -0.000000 0.403254
vt 0.700000 0.366449
vt 0.200000 0.366449
vt 0.000000 0.227772
vt 0.200000 0.261730
vt 0.200000 0.157010
vt 0.000000 0.052290
vt 0.200000 0.052290
vt 0.150000 0.080000
vt 0.150000 0.500000
vt 0.070000 0.000000
vt 0.000000 0.500000
vt 0.000000 0.000000
vt 0.139767 0.102154
vt 0.075263 0.129343
vt 0.093578 0.008237
vt 0.032666 0.042731
vt 0.036797 -0.079682
vt -0.019698 -0.038351
vt -0.029806 -0.160415
vt -0.081121 -0.112805
vt 0.150000 0.080000
vt 0.150000 0.500000
vt 0.070000 0.000000
vt 0.000000 0.500000
vt 0.000000 0.000000
vt -0.153589 0.148127
vt -0.039357 0.059342
vt -0.115613 0.206930
vt 0.008254 0.110657
vt 0.057723 -0.047930
vt 0.113521 -0.005662
vt 0.134701 -0.170431
vt 0.196991 -0.138494
vt 0.150000 0.080000
vt 0.150000 0.500000
vt 0.070000 0.000000
vt 0.000000 0.500000
vt 0.000000 0.000000
vt 0.086704 -0.109893
vt 0.022210 -0.038083
vt 0.037433 -0.159616
vt -0.032501 -0.081750
vt -0.033512 0.040728
vt -0.092922 0.003708
vt -0.079708 0.125476
vt -0.143014 0.095603
vt -0.106066 -1.157031
vt 0.106066 -1.157031
vt -0.106066 -1.108161
vt 0.106066 -1.108161
vt -0.106066 -1.059292
vt 0.106066 -1.059292
vt -0.106066 -1.010423
vt 0.106066 -1.010423
vt -0.106066 1.010423
vt 0.106066 1.010423
vt -0.106066 1.059292
vt 0.106066 1.059292
vt -0.106066 1.108161
vt 0.106066 1.108161
vt -0.106066 1.157031
vt 0.106066 1.157031
vt -0.106066 -1.157031
vt 0.106066 -1.157031
vt -0.106066 -1.108161
vt 0.106066 -1.108161
vt -0.106066 -1.059292
vt 0.106066 -1.059292
vt -0.106066 -1.010423
vt 0.106066 -1.010423
vt 0.044346 0.095106
vt -0.004051 0.069158
vt 0.069199 0.046041
vt 0.023057 0.021303
vt -0.051190 0.040987
vt -0.021884 -0.005555
vt -0.096966 0.010653
vt -0.065527 -0.034475
vt -0.106066 1.010423
vt 0.106066 1.010423
vt -0.106066 1.059292
vt 0.106066 1.059292
vt -0.106066 1.108161
vt 0.106066 1.108161
vt -0.106066 1.157031
vt 0.106066 1.157031
vt 0.065527 -0.034475
vt 0.096966 0.010653
vt 0.021884 -0.005555
vt 0.051190 0.040987
vt -0.023057 0.021303
vt 0.004051 0.069158
vt -0.069199 0.046041
vt -0.044346 0.095106
vt 0.205000 0.500000
vt 0.150000 0.500000
vt 0.205000 0.200000
vt 0.150000 0.200000
vt -0.000000 0.050000
vt -0.000000 0.650000
vt 0.205000 0.500000
vt 0.150000 0.500000
vt 0.205000 0.200000
vt 0.150000 0.200000
vt 0.000000 0.050000
vt -0.000000 0.650000
vt 0.703562 -0.895052
vt 0.816701 -0.752616
vt 0.659766 -0.832187
vt 0.765864 -0.692760
vt 0.901413 -0.591642
vt 0.842937 -0.535419
vt 0.954749 -0.417735
vt 0.888067 -0.366127
vt 0.974854 -0.236947
vt 0.899541 -0.191299
vt 0.961026 -0.055571
vt 0.876925 -0.017560
vt 0.913748 0.120080
vt 0.821076 0.148504
vt 0.834665 0.283892
vt 0.734112 0.300602
vt 0.726529 0.430164
vt 0.619326 0.432968
vt 0.593106 0.553803
vt 0.481070 0.540587
vt 0.439038 0.650506
vt 0.324583 0.619380
vt 0.269688 0.716908
vt 0.155795 0.666361
vt 0.090951 0.750697
vt -0.018896 0.679750
vt -0.090951 0.750697
vt -0.192872 0.659039
vt -0.269688 0.716908
vt -0.359539 0.605013
vt -0.439038 0.650506
vt -0.512580 0.519720
vt -0.593106 0.553803
vt -0.646196 0.406391
vt -0.726529 0.430164
vt -0.755323 0.269323
vt -0.834665 0.283892
vt -0.835825 0.113708
vt -0.913748 0.120080
vt -0.884653 -0.054554
vt -0.961026 -0.055571
vt -0.899955 -0.229089
vt -0.974854 -0.236947
vt -0.881151 -0.403281
vt -0.954749 -0.417735
vt -0.828954 -0.570530
vt -0.901413 -0.591642
vt -0.816701 -0.752616
vt -0.745343 -0.724496
vt -0.703562 -0.895052
vt -0.633485 -0.859346
vt 0.076617 0.000000
vt 0.076617 0.200000
vt -0.000000 0.000000
vt -0.000000 0.700000
vt 0.076617 0.700000
vt -0.050000 2.124803
vt -0.000000 2.169112
vt -0.650000 2.124803
vt -0.700000 2.169112
vt -0.650000 2.079424
vt -0.700000 1.986945
vt -0.650000 2.034046
vt -0.650000 1.988667
vt -0.000000 1.986945
vt -0.050000 1.988667
vt -0.050000 2.034046
vt -0.050000 2.079424
vt -0.650000 1.029007
vt -0.650000 1.074386
vt -0.700000 1.076108
vt -0.050000 1.074386
vt -0.000000 1.076108
vt -0.050000 1.029007
vt -0.050000 0.983628
vt -0.000000 0.893941
vt -0.050000 0.938250
vt -0.650000 0.938250
vt -0.700000 0.893941
vt -0.650000 0.983628
vt -0.700000 -2.317488
vt -0.700000 -2.499655
vt -0.000000 -2.317488
vt -0.000000 -2.499655
vt -0.700000 -2.681822
vt -0.000000 -2.681822
vt -0.700000 -2.863990
vt -0.000000 -2.863990
vt -0.700000 -3.046157
vt -0.000000 -3.046157
vt -0.700000 -3.228324
vt 0.000000 -3.228324
vt -0.000000 2.897781
vt -0.700000 2.897781
vt -0.700000 2.715614
vt -0.000000 2.715614
vt -0.700000 2.533447
vt -0.000000 2.533447
vt -0.700000 2.351279
vt -0.000000 2.351279
vt -0.700000 1.804777
vt -0.000000 1.804777
vt -0.700000 1.622610
vt -0.000000 1.622610
vt -0.700000 1.440443
vt -0.000000 1.440443
vt -0.700000 1.258275
vt -0.000000 1.258275
vt -0.700000 0.711773
vt -0.000000 0.711773
vt -0.700000 0.529606
vt -0.000000 0.529606
vt -0.700000 0.347439
vt -0.000000 0.347439
vt -0.700000 0.165271
vt -0.000000 0.165271
vt -0.700000 -0.016896
vt -0.000000 -0.016896
vt -0.700000 -0.199063
vt -0.000000 -0.199063
vt -0.700000 -0.381230
vt -0.000000 -0.381230
vt -0.700000 -0.563398
vt -0.000000 -0.563398
vt -0.700000 -0.745565
vt -0.000000 -0.745565
vt 0.000000 0.000000
vt 0.078650 0.000000
vt 0.000000 0.200000
vt 0.078650 0.700000
vt 0.000000 0.700000
vt 0.703562 -0.895052
vt 0.816701 -0.752616
vt 0.633485 -0.859346
vt 0.586183 -0.687909
vt 0.527904 -0.752797
vt 0.901413 -0.591642
vt 0.813933 -0.604127
vt 0.636534 -0.616693
vt 0.868261 -0.456954
vt 0.954749 -0.417735
vt 0.896208 -0.302583
vt 0.974854 -0.236947
vt 0.896924 -0.145704
vt 0.961026 -0.055571
vt 0.870387 0.008915
vt 0.913748 0.120080
vt 0.817404 0.156578
vt 0.834665 0.283892
vt 0.616321 0.207322
vt 0.726529 0.430164
vt 0.532745 0.307852
vt 0.519578 0.514821
vt 0.432982 0.392343
vt 0.593106 0.553803
vt 0.439038 0.650506
vt 0.364752 0.602721
vt 0.269688 0.716908
vt 0.195652 0.658424
vt 0.090951 0.750697
vt 0.018896 0.679750
vt -0.090951 0.750697
vt -0.158599 0.665864
vt -0.269688 0.716908
vt -0.329888 0.617309
vt -0.439038 0.650506
vt -0.488268 0.535987
vt -0.593106 0.553803
vt -0.510112 0.329753
vt -0.726529 0.430164
vt -0.597835 0.232820
vt -0.834665 0.283892
vt -0.800872 0.190563
vt -0.913748 0.120080
vt -0.860007 0.045255
vt -0.961026 -0.055571
vt -0.893012 -0.108114
vt -0.974854 -0.236947
vt -0.898883 -0.264885
vt -0.954749 -0.417735
vt -0.877441 -0.420293
vt -0.901413 -0.591642
vt -0.829340 -0.569617
vt -0.816701 -0.752616
vt -0.652625 -0.589620
vt -0.605308 -0.662886
vt -0.659766 -0.832187
vt -0.549805 -0.730164
vt -0.703562 -0.895052
vt -0.691116 -0.511356
vt -0.667393 0.122127
vt -0.406890 0.409980
vt 0.681170 0.093806
vt 0.678277 -0.540114
vn 0.183418 -0.686588 0.703531
vn 0.183934 -0.686450 0.703531
vn 0.183410 -0.686810 0.703316
vn 0.183410 -0.686810 0.703316
vn 0.183934 -0.686450 0.703531
vn 0.183989 -0.686655 0.703316
vn 0.183410 -0.686810 0.703316
vn 0.183989 -0.686655 0.703316
vn 0.183396 -0.687061 0.703074
vn 0.183396 -0.687061 0.703074
vn 0.183989 -0.686655 0.703316
vn 0.184051 -0.686886 0.703074
vn 0.257937 -0.965926 -0.021351
vn 0.257821 -0.965926 -0.022706
vn 0.258034 -0.965926 -0.020149
vn 0.258034 -0.965926 -0.020149
vn 0.257821 -0.965926 -0.022706
vn 0.252209 -0.965926 -0.058119
vn 0.252209 -0.965926 -0.058119
vn 0.257821 -0.965926 -0.022706
vn 0.251820 -0.965926 -0.059784
vn 0.252209 -0.965926 -0.058119
vn 0.251820 -0.965926 -0.059784
vn 0.240829 -0.965926 -0.094808
vn 0.240829 -0.965926 -0.094808
vn 0.251820 -0.965926 -0.059784
vn 0.240514 -0.965926 -0.095604
vn 0.240829 -0.965926 -0.094808
vn 0.240514 -0.965926 -0.095604
vn 0.224144 -0.965926 -0.129410
vn 0.224144 -0.965926 -0.129410
vn 0.240514 -0.965926 -0.095604
vn 0.224144 -0.965926 -0.129410
vn -0.505007 0.503067 0.701349
vn -0.504029 0.504029 0.701363
vn -0.504518 0.502886 0.701831
vn -0.504518 0.502886 0.701831
vn -0.504029 0.504029 0.701363
vn -0.503696 0.503696 0.701841
vn -0.504518 0.502886 0.701831
vn -0.503696 0.503696 0.701841
vn -0.504114 0.502722 0.702239
vn -0.504114 0.502722 0.702239
vn -0.503696 0.503696 0.701841
vn -0.503414 0.503414 0.702246
vn -0.707958 0.705633 -0.029636
vn -0.707832 0.705850 -0.027368
vn -0.708119 0.705353 -0.032310
vn -0.708119 0.705353 -0.032310
vn -0.707832 0.705850 -0.027368
vn -0.708717 0.704319 -0.040696
vn -0.708119 0.705353 -0.032310
vn -0.708717 0.704319 -0.040696
vn -0.708988 0.703849 -0.043969
vn -0.708988 0.703849 -0.043969
vn -0.708717 0.704319 -0.040696
vn -0.709946 0.702190 -0.053914
vn -0.708988 0.703849 -0.043969
vn -0.709946 0.702190 -0.053914
vn -0.710121 0.701886 -0.055536
vn -0.710121 0.701886 -0.055536
vn -0.709946 0.702190 -0.053914
vn -0.711516 0.699469 -0.066987
vn -0.710121 0.701886 -0.055536
vn -0.711516 0.699469 -0.066987
vn -0.711516 0.699469 -0.066987
vn -0.686588 -0.183418 0.703531
vn -0.686450 -0.183934 0.703531
vn -0.686810 -0.183410 0.703316
vn -0.686810 -0.183410 0.703316
vn -0.686450 -0.183934 0.703531
vn -0.686655 -0.183989 0.703316
vn -0.686810 -0.183410 0.703316
vn -0.686655 -0.183989 0.703316
vn -0.687061 -0.183396 0.703074
vn -0.687061 -0.183396 0.703074
vn -0.686655 -0.183989 0.703316
vn -0.686886 -0.184051 0.703074
vn -0.965926 -0.257937 -0.021351
vn -0.965926 -0.257821 -0.022706
vn -0.965926 -0.258034 -0.020149
vn -0.965926 -0.258034 -0.020149
vn -0.965926 -0.257821 -0.022706
vn -0.965926 -0.251634 -0.060560
vn -0.965926 -0.251634 -0.060560
vn -0.965926 -0.257821 -0.022706
vn -0.965926 -0.251099 -0.062741
vn -0.965926 -0.251634 -0.060560
vn -0.965926 -0.251099 -0.062741
vn -0.965926 -0.238947 -0.099458
vn -0.965926 -0.238947 -0.099458
vn -0.965926 -0.251099 -0.062741
vn -0.965926 -0.238200 -0.101232
vn -0.965926 -0.238947 -0.099458
vn -0.965926 -0.238200 -0.101232
vn -0.965926 -0.220288 -0.135870
vn -0.965926 -0.220288 -0.135870
vn -0.965926 -0.238200 -0.101232
vn -0.965926 -0.219442 -0.137232
vn -0.965926 -0.220288 -0.135870
vn -0.965926 -0.219442 -0.137232
vn -0.965926 -0.196124 -0.168887
vn -0.965926 -0.196124 -0.168887
vn -0.965926 -0.219442 -0.137232
vn -0.965926 -0.195284 -0.169857
vn -0.965926 -0.196124 -0.168887
vn -0.965926 -0.195284 -0.169857
vn -0.965926 -0.167059 -0.197683
vn -0.965926 -0.167059 -0.197683
vn -0.965926 -0.195284 -0.169857
vn -0.965926 -0.166323 -0.198303
vn -0.965926 -0.167059 -0.197683
vn -0.965926 -0.166323 -0.198303
vn -0.965926 -0.133819 -0.221539
vn -0.965926 -0.133819 -0.221539
vn -0.965926 -0.166323 -0.198303
vn -0.965926 -0.133270 -0.221870
vn -0.965926 -0.133819 -0.221539
vn -0.965926 -0.133270 -0.221870
vn -0.965926 -0.097235 -0.239859
vn -0.965926 -0.097235 -0.239859
vn -0.965926 -0.133270 -0.221870
vn -0.965926 -0.096938 -0.239980
vn -0.965926 -0.097235 -0.239859
vn -0.965926 -0.096938 -0.239980
vn -0.965926 -0.058222 -0.252186
vn -0.965926 -0.058222 -0.252186
vn -0.965926 -0.096938 -0.239980
vn -0.965926 -0.058222 -0.252186
vn 0.183396 0.687061 0.703074
vn 0.184051 0.686886 0.703074
vn 0.183410 0.686810 0.703316
vn 0.183410 0.686810 0.703316
vn 0.184051 0.686886 0.703074
vn 0.183989 0.686655 0.703316
vn 0.183410 0.686810 0.703316
vn 0.183989 0.686655 0.703316
vn 0.183418 0.686588 0.703531
vn 0.183418 0.686588 0.703531
vn 0.183989 0.686655 0.703316
vn 0.183934 0.686450 0.703531
vn 0.257937 0.965926 -0.021351
vn 0.258034 0.965926 -0.020149
vn 0.257821 0.965926 -0.022706
vn 0.257821 0.965926 -0.022706
vn 0.258034 0.965926 -0.020149
vn 0.252209 0.965926 -0.058119
vn 0.257821 0.965926 -0.022706
vn 0.252209 0.965926 -0.058119
vn 0.251820 0.965926 -0.059784
vn 0.251820 0.965926 -0.059784
vn 0.252209 0.965926 -0.058119
vn 0.240829 0.965926 -0.094808
vn 0.251820 0.965926 -0.059784
vn 0.240829 0.965926 -0.094808
vn 0.240514 0.965926 -0.095604
vn 0.240514 0.965926 -0.095604
vn 0.240829 0.965926 -0.094808
vn 0.224144 0.965926 -0.129410
vn 0.240514 0.965926 -0.095604
vn 0.224144 0.965926 -0.129410
vn 0.224144 0.965926 -0.129410
vn 0.184225 0.687538 0.702391
vn 0.184322 0.687900 0.702011
vn 0.185121 0.687303 0.702385
vn 0.185121 0.687303 0.702385
vn 0.184322 0.687900 0.702011
vn 0.185368 0.687627 0.702003
vn 0.185368 0.687627 0.702003
vn 0.184322 0.687900 0.702011
vn 0.184436 0.688325 0.701564
vn 0.185368 0.687627 0.702003
vn 0.184436 0.688325 0.701564
vn 0.185672 0.688003 0.701553
vn 0.260200 0.965129 -0.028681
vn 0.260451 0.964983 -0.031179
vn 0.260002 0.965243 -0.026552
vn 0.260002 0.965243 -0.026552
vn 0.260451 0.964983 -0.031179
vn 0.267146 0.961118 -0.069889
vn 0.267146 0.961118 -0.069889
vn 0.260451 0.964983 -0.031179
vn 0.267982 0.960636 -0.073245
vn 0.267146 0.961118 -0.069889
vn 0.267982 0.960636 -0.073245
vn 0.280560 0.953374 -0.111196
vn 0.280560 0.953374 -0.111196
vn 0.267982 0.960636 -0.073245
vn 0.281434 0.952869 -0.113294
vn 0.280560 0.953374 -0.111196
vn 0.281434 0.952869 -0.113294
vn 0.299855 0.942234 -0.149273
vn 0.299855 0.942234 -0.149273
vn 0.281434 0.952869 -0.113294
vn 0.300438 0.941897 -0.150222
vn 0.299855 0.942234 -0.149273
vn 0.300438 0.941897 -0.150222
vn 0.324469 0.928023 -0.183013
vn 0.324469 0.928023 -0.183013
vn 0.300438 0.941897 -0.150222
vn 0.324469 0.928023 -0.183013
vn 0.687061 -0.183396 0.703074
vn 0.686886 -0.184051 0.703074
vn 0.686810 -0.183410 0.703316
vn 0.686810 -0.183410 0.703316
vn 0.686886 -0.184051 0.703074
vn 0.686655 -0.183989 0.703316
vn 0.686810 -0.183410 0.703316
vn 0.686655 -0.183989 0.703316
vn 0.686588 -0.183418 0.703531
vn 0.686588 -0.183418 0.703531
vn 0.686655 -0.183989 0.703316
vn 0.686450 -0.183934 0.703531
vn 0.965926 -0.257937 -0.021351
vn 0.965926 -0.258034 -0.020149
vn 0.965926 -0.257821 -0.022706
vn 0.965926 -0.257821 -0.022706
vn 0.965926 -0.258034 -0.020149
vn 0.965926 -0.251634 -0.060560
vn 0.965926 -0.257821 -0.022706
vn 0.965926 -0.251634 -0.060560
vn 0.965926 -0.251099 -0.062741
vn 0.965926 -0.251099 -0.062741
vn 0.965926 -0.251634 -0.060560
vn 0.965926 -0.238947 -0.099458
vn 0.965926 -0.251099 -0.062741
vn 0.965926 -0.238947 -0.099458
vn 0.965926 -0.238200 -0.101232
vn 0.965926 -0.238200 -0.101232
vn 0.965926 -0.238947 -0.099458
vn 0.965926 -0.220288 -0.135870
vn 0.965926 -0.238200 -0.101232
vn 0.965926 -0.220288 -0.135870
vn 0.965926 -0.219442 -0.137232
vn 0.965926 -0.219442 -0.137232
vn 0.965926 -0.220288 -0.135870
vn 0.965926 -0.196124 -0.168887
vn 0.965926 -0.219442 -0.137232
vn 0.965926 -0.196124 -0.168887
vn 0.965926 -0.195284 -0.169857
vn 0.965926 -0.195284 -0.169857
vn 0.965926 -0.196124 -0.168887
vn 0.965926 -0.167059 -0.197683
vn 0.965926 -0.195284 -0.169857
vn 0.965926 -0.167059 -0.197683
vn 0.965926 -0.166323 -0.198303
vn 0.965926 -0.166323 -0.198303
vn 0.965926 -0.167059 -0.197683
vn 0.965926 -0.133819 -0.221539
vn 0.965926 -0.166323 -0.198303
vn 0.965926 -0.133819 -0.221539
vn 0.965926 -0.133270 -0.221870
vn 0.965926 -0.133270 -0.221870
vn 0.965926 -0.133819 -0.221539
vn 0.965926 -0.097235 -0.239859
vn 0.965926 -0.133270 -0.221870
vn 0.965926 -0.097235 -0.239859
vn 0.965926 -0.096938 -0.239980
vn 0.965926 -0.096938 -0.239980
vn 0.965926 -0.097235 -0.239859
vn 0.965926 -0.058222 -0.252186
vn 0.965926 -0.096938 -0.239980
vn 0.965926 -0.058222 -0.252186
vn 0.965926 -0.058222 -0.252186
vn 0.687676 -0.184262 0.702246
vn 0.688062 -0.184366 0.701841
vn 0.687427 -0.185215 0.702239
vn 0.687427 -0.185215 0.702239
vn 0.688062 -0.184366 0.701841
vn 0.687771 -0.185483 0.701831
vn 0.687771 -0.185483 0.701831
vn 0.688062 -0.184366 0.701841
vn 0.688517 -0.184487 0.701363
vn 0.687771 -0.185483 0.701831
vn 0.688517 -0.184487 0.701363
vn 0.688173 -0.185816 0.701349
vn 0.965075 -0.260293 -0.029636
vn 0.964914 -0.260572 -0.032310
vn 0.965200 -0.260076 -0.027368
vn 0.965200 -0.260076 -0.027368
vn 0.964914 -0.260572 -0.032310
vn 0.964316 -0.261607 -0.040696
vn 0.964316 -0.261607 -0.040696
vn 0.964914 -0.260572 -0.032310
vn 0.964045 -0.262077 -0.043969
vn 0.964316 -0.261607 -0.040696
vn 0.964045 -0.262077 -0.043969
vn 0.963087 -0.263736 -0.053914
vn 0.963087 -0.263736 -0.053914
vn 0.964045 -0.262077 -0.043969
vn 0.962912 -0.264040 -0.055536
vn 0.963087 -0.263736 -0.053914
vn 0.962912 -0.264040 -0.055536
vn 0.961516 -0.266457 -0.066987
vn 0.961516 -0.266457 -0.066987
vn 0.962912 -0.264040 -0.055536
vn 0.961516 -0.266457 -0.066987
vn -0.502992 -0.504799 0.701553
vn -0.503889 -0.503889 0.701564
vn -0.502818 -0.504347 0.702003
vn -0.502818 -0.504347 0.702003
vn -0.503889 -0.503889 0.701564
vn -0.503578 -0.503578 0.702011
vn -0.502818 -0.504347 0.702003
vn -0.503578 -0.503578 0.702011
vn -0.502661 -0.503971 0.702385
vn -0.502661 -0.503971 0.702385
vn -0.503578 -0.503578 0.702011
vn -0.503312 -0.503312 0.702391
vn -0.705726 -0.707904 -0.028681
vn -0.705924 -0.707790 -0.026552
vn -0.705474 -0.708049 -0.031179
vn -0.705474 -0.708049 -0.031179
vn -0.705924 -0.707790 -0.026552
vn -0.698780 -0.711914 -0.069889
vn -0.705474 -0.708049 -0.031179
vn -0.698780 -0.711914 -0.069889
vn -0.697944 -0.712397 -0.073245
vn -0.697944 -0.712397 -0.073245
vn -0.698780 -0.711914 -0.069889
vn -0.685366 -0.719659 -0.111196
vn -0.697944 -0.712397 -0.073245
vn -0.685366 -0.719659 -0.111196
vn -0.684492 -0.720164 -0.113294
vn -0.684492 -0.720164 -0.113294
vn -0.685366 -0.719659 -0.111196
vn -0.666071 -0.730799 -0.149273
vn -0.684492 -0.720164 -0.113294
vn -0.666071 -0.730799 -0.149273
vn -0.665488 -0.731135 -0.150222
vn -0.665488 -0.731135 -0.150222
vn -0.666071 -0.730799 -0.149273
vn -0.641457 -0.745010 -0.183013
vn -0.665488 -0.731135 -0.150222
vn -0.641457 -0.745010 -0.183013
vn -0.641457 -0.745010 -0.183013
vn -0.203578 0.906211 0.370590
vn -0.203578 0.906211 0.370590
vn -0.203578 0.906211 0.370590
vn -0.203578 0.906211 0.370590
vn -0.203578 0.906211 0.370590
vn -0.203578 0.906211 0.370590
vn -0.612372 0.353553 0.707107
vn -0.612372 0.353553 0.707107
vn -0.612372 0.353553 0.707107
vn -0.612372 0.353553 0.707107
vn -0.612372 0.353553 0.707107
vn -0.612372 0.353553 0.707107
vn -0.612372 0.353553 0.707107
vn -0.612372 0.353553 0.707107
vn -0.612372 0.353553 0.707107
vn -0.612372 0.353553 0.707107
vn -0.612372 0.353553 0.707107
vn -0.612372 0.353553 0.707107
vn -0.612372 0.353553 0.707107
vn -0.612372 0.353553 0.707107
vn -0.612372 0.353553 0.707107
vn -0.612372 0.353553 0.707107
vn -0.612372 0.353553 0.707107
vn -0.612372 0.353553 0.707107
vn -0.527588 0.483356 -0.698583
vn -0.462097 0.565650 -0.683013
vn -0.525770 0.485823 -0.698242
vn -0.525770 0.485823 -0.698242
vn -0.462097 0.565650 -0.683013
vn -0.514795 0.500479 -0.696065
vn -0.525770 0.485823 -0.698242
vn -0.514795 0.500479 -0.696065
vn -0.527588 0.483356 -0.698583
vn -0.527588 0.483356 -0.698583
vn -0.514795 0.500479 -0.696065
vn -0.533041 0.475887 -0.699570
vn -0.533041 0.475887 -0.699570
vn -0.514795 0.500479 -0.696065
vn -0.541905 0.463519 -0.701063
vn -0.541905 0.463519 -0.701063
vn -0.514795 0.500479 -0.696065
vn -0.553218 0.447308 -0.702755
vn -0.553218 0.447308 -0.702755
vn -0.514795 0.500479 -0.696065
vn -0.581833 0.403991 -0.705877
vn -0.553218 0.447308 -0.702755
vn -0.581833 0.403991 -0.705877
vn -0.566688 0.427349 -0.704441
vn -0.566688 0.427349 -0.704441
vn -0.581833 0.403991 -0.705877
vn -0.582047 0.403653 -0.705894
vn -0.582047 0.403653 -0.705894
vn -0.581833 0.403991 -0.705877
vn -0.598208 0.377538 -0.706832
vn -0.598208 0.377538 -0.706832
vn -0.581833 0.403991 -0.705877
vn -0.613942 0.350827 -0.707103
vn -0.613942 0.350827 -0.707103
vn -0.581833 0.403991 -0.705877
vn -0.640782 0.301887 -0.705877
vn -0.613942 0.350827 -0.707103
vn -0.640782 0.301887 -0.705877
vn -0.629093 0.323768 -0.706694
vn -0.629093 0.323768 -0.706694
vn -0.640782 0.301887 -0.705877
vn -0.643500 0.296664 -0.705619
vn -0.643500 0.296664 -0.705619
vn -0.640782 0.301887 -0.705877
vn -0.656226 0.271466 -0.704041
vn -0.656226 0.271466 -0.704041
vn -0.640782 0.301887 -0.705877
vn -0.690825 0.195586 -0.696065
vn -0.656226 0.271466 -0.704041
vn -0.690825 0.195586 -0.696065
vn -0.666689 0.249752 -0.702246
vn -0.666689 0.249752 -0.702246
vn -0.690825 0.195586 -0.696065
vn -0.675021 0.231745 -0.700458
vn -0.675021 0.231745 -0.700458
vn -0.690825 0.195586 -0.696065
vn -0.681274 0.217770 -0.698886
vn -0.681274 0.217770 -0.698886
vn -0.690825 0.195586 -0.696065
vn -0.685008 0.209225 -0.697846
vn -0.685008 0.209225 -0.697846
vn -0.690825 0.195586 -0.696065
vn -0.686234 0.206383 -0.697488
vn -0.686234 0.206383 -0.697488
vn -0.690825 0.195586 -0.696065
vn -0.720916 0.117362 -0.683013
vn -0.686234 0.206383 -0.697488
vn -0.720916 0.117362 -0.683013
vn -0.685008 0.209225 -0.697846
vn -0.685008 0.209225 -0.697846
vn -0.720916 0.117362 -0.683013
vn -0.672397 0.237490 -0.701057
vn -0.685008 0.209225 -0.697846
vn -0.672397 0.237490 -0.701057
vn -0.681275 0.217769 -0.698886
vn -0.681275 0.217769 -0.698886
vn -0.672397 0.237490 -0.701057
vn -0.675022 0.231743 -0.700458
vn -0.675022 0.231743 -0.700458
vn -0.672397 0.237490 -0.701057
vn -0.666689 0.249752 -0.702246
vn -0.666689 0.249752 -0.702246
vn -0.672397 0.237490 -0.701057
vn -0.656228 0.271462 -0.704041
vn -0.656228 0.271462 -0.704041
vn -0.672397 0.237490 -0.701057
vn -0.643501 0.296661 -0.705619
vn -0.643501 0.296661 -0.705619
vn -0.672397 0.237490 -0.701057
vn -0.612372 0.353553 -0.707107
vn -0.643501 0.296661 -0.705619
vn -0.612372 0.353553 -0.707107
vn -0.629093 0.323767 -0.706694
vn -0.629093 0.323767 -0.706694
vn -0.612372 0.353553 -0.707107
vn -0.613942 0.350827 -0.707103
vn -0.613942 0.350827 -0.707103
vn -0.612372 0.353553 -0.707107
vn -0.598209 0.377537 -0.706832
vn -0.598209 0.377537 -0.706832
vn -0.612372 0.353553 -0.707107
vn -0.582048 0.403651 -0.705894
vn -0.582048 0.403651 -0.705894
vn -0.612372 0.353553 -0.707107
vn -0.541870 0.463568 -0.701057
vn -0.582048 0.403651 -0.705894
vn -0.541870 0.463568 -0.701057
vn -0.566690 0.427347 -0.704441
vn -0.566690 0.427347 -0.704441
vn -0.541870 0.463568 -0.701057
vn -0.553218 0.447308 -0.702755
vn -0.553218 0.447308 -0.702755
vn -0.541870 0.463568 -0.701057
vn -0.541906 0.463518 -0.701063
vn -0.541906 0.463518 -0.701063
vn -0.541870 0.463568 -0.701057
vn -0.533041 0.475886 -0.699571
vn -0.533041 0.475886 -0.699571
vn -0.541870 0.463568 -0.701057
vn -0.462097 0.565650 -0.683013
vn -0.533041 0.475886 -0.699571
vn -0.462097 0.565650 -0.683013
vn -0.527588 0.483356 -0.698583
vn -0.690825 0.195586 -0.696065
vn -0.720916 0.117362 -0.683013
vn -0.720916 0.117362 -0.683013
vn -0.462097 0.565650 -0.683013
vn -0.462097 0.565650 -0.683013
vn -0.514795 0.500479 -0.696065
vn -0.886591 -0.276802 0.370590
vn -0.886591 -0.276802 0.370590
vn -0.886591 -0.276802 0.370590
vn -0.886591 -0.276802 0.370590
vn -0.886591 -0.276802 0.370590
vn -0.886591 -0.276802 0.370590
vn 0.720916 -0.117362 0.683013
vn 0.694474 -0.186818 0.694841
vn 0.720916 -0.117362 0.683013
vn 0.720916 -0.117362 0.683013
vn 0.694474 -0.186818 0.694841
vn 0.672397 -0.237490 0.701057
vn 0.672397 -0.237490 0.701057
vn 0.694474 -0.186818 0.694841
vn 0.677243 -0.226825 0.699923
vn 0.672397 -0.237490 0.701057
vn 0.677243 -0.226825 0.699923
vn 0.675775 -0.230082 0.700279
vn 0.642257 -0.299059 0.705740
vn 0.671296 -0.239878 0.701299
vn 0.694474 -0.186818 0.694841
vn 0.694474 -0.186818 0.694841
vn 0.671296 -0.239878 0.701299
vn 0.675775 -0.230082 0.700279
vn 0.694474 -0.186818 0.694841
vn 0.675775 -0.230082 0.700279
vn 0.677243 -0.226825 0.699923
vn 0.580121 -0.406682 0.705740
vn 0.612017 -0.354168 0.707107
vn 0.642257 -0.299059 0.705740
vn 0.642257 -0.299059 0.705740
vn 0.612017 -0.354168 0.707107
vn 0.627448 -0.326774 0.706773
vn 0.642257 -0.299059 0.705740
vn 0.627448 -0.326774 0.706773
vn 0.641921 -0.299706 0.705772
vn 0.509026 -0.508024 0.694841
vn 0.561423 -0.435239 0.703826
vn 0.580121 -0.406682 0.705740
vn 0.580121 -0.406682 0.705740
vn 0.561423 -0.435239 0.703826
vn 0.571990 -0.419286 0.705001
vn 0.580121 -0.406682 0.705740
vn 0.571990 -0.419286 0.705001
vn 0.583711 -0.401022 0.706019
vn 0.462097 -0.565650 0.683013
vn 0.462097 -0.565650 0.683013
vn 0.509026 -0.508024 0.694841
vn 0.509026 -0.508024 0.694841
vn 0.462097 -0.565650 0.683013
vn 0.534157 -0.474345 0.699766
vn 0.509026 -0.508024 0.694841
vn 0.534157 -0.474345 0.699766
vn 0.535327 -0.472725 0.699969
vn 0.534157 -0.474345 0.699766
vn 0.462097 -0.565650 0.683013
vn 0.535327 -0.472725 0.699969
vn 0.535327 -0.472725 0.699969
vn 0.462097 -0.565650 0.683013
vn 0.541870 -0.463568 0.701057
vn 0.535327 -0.472725 0.699969
vn 0.541870 -0.463568 0.701057
vn 0.538839 -0.467829 0.700563
vn 0.538839 -0.467829 0.700563
vn 0.541870 -0.463568 0.701057
vn 0.544653 -0.459626 0.701496
vn 0.544653 -0.459626 0.701496
vn 0.541870 -0.463568 0.701057
vn 0.552365 -0.448548 0.702636
vn 0.552365 -0.448548 0.702636
vn 0.541870 -0.463568 0.701057
vn 0.561423 -0.435239 0.703826
vn 0.561423 -0.435239 0.703826
vn 0.541870 -0.463568 0.701057
vn 0.571990 -0.419286 0.705001
vn 0.571990 -0.419286 0.705001
vn 0.541870 -0.463568 0.701057
vn 0.583711 -0.401022 0.706019
vn 0.583711 -0.401022 0.706019
vn 0.541870 -0.463568 0.701057
vn 0.612372 -0.353553 0.707107
vn 0.583711 -0.401022 0.706019
vn 0.612372 -0.353553 0.707107
vn 0.595987 -0.381203 0.706742
vn 0.595987 -0.381203 0.706742
vn 0.612372 -0.353553 0.707107
vn 0.612017 -0.354168 0.707107
vn 0.612017 -0.354168 0.707107
vn 0.612372 -0.353553 0.707107
vn 0.627448 -0.326774 0.706773
vn 0.627448 -0.326774 0.706773
vn 0.612372 -0.353553 0.707107
vn 0.641921 -0.299706 0.705772
vn 0.641921 -0.299706 0.705772
vn 0.612372 -0.353553 0.707107
vn 0.672397 -0.237490 0.701057
vn 0.641921 -0.299706 0.705772
vn 0.672397 -0.237490 0.701057
vn 0.654272 -0.275416 0.704325
vn 0.654272 -0.275416 0.704325
vn 0.672397 -0.237490 0.701057
vn 0.663947 -0.255536 0.702763
vn 0.663947 -0.255536 0.702763
vn 0.672397 -0.237490 0.701057
vn 0.671296 -0.239878 0.701299
vn 0.671296 -0.239878 0.701299
vn 0.672397 -0.237490 0.701057
vn 0.675775 -0.230082 0.700279
vn 0.583711 -0.401022 0.706019
vn 0.595987 -0.381203 0.706742
vn 0.580121 -0.406682 0.705740
vn 0.580121 -0.406682 0.705740
vn 0.595987 -0.381203 0.706742
vn 0.612017 -0.354168 0.707107
vn 0.641921 -0.299706 0.705772
vn 0.654272 -0.275416 0.704325
vn 0.642257 -0.299059 0.705740
vn 0.642257 -0.299059 0.705740
vn 0.654272 -0.275416 0.704325
vn 0.663947 -0.255536 0.702763
vn 0.642257 -0.299059 0.705740
vn 0.663947 -0.255536 0.702763
vn 0.671296 -0.239878 0.701299
vn 0.535327 -0.472725 0.699969
vn 0.538839 -0.467829 0.700563
vn 0.509026 -0.508024 0.694841
vn 0.509026 -0.508024 0.694841
vn 0.538839 -0.467829 0.700563
vn 0.544653 -0.459626 0.701496
vn 0.509026 -0.508024 0.694841
vn 0.544653 -0.459626 0.701496
vn 0.552365 -0.448548 0.702636
vn 0.552365 -0.448548 0.702636
vn 0.561423 -0.435239 0.703826
vn 0.509026 -0.508024 0.694841
vn -0.641457 -0.745010 -0.183013
vn -0.641457 -0.745010 -0.183013
vn -0.641457 -0.745010 -0.183013
vn -0.641457 -0.745010 -0.183013
vn -0.641457 -0.745010 -0.183013
vn -0.641457 -0.745010 -0.183013
vn 0.683013 -0.730153 -0.019258
vn 0.683013 -0.730153 -0.019258
vn 0.683013 -0.730153 -0.019258
vn 0.683013 -0.730153 -0.019258
vn 0.683013 -0.730153 -0.019258
vn 0.683013 -0.730153 -0.019258
vn -0.157961 -0.222127 -0.962137
vn -0.258819 -0.217286 -0.941169
vn -0.161017 -0.222016 -0.961656
vn -0.161017 -0.222016 -0.961656
vn -0.258819 -0.217286 -0.941169
vn -0.176030 -0.221438 -0.959155
vn -0.161017 -0.222016 -0.961656
vn -0.176030 -0.221438 -0.959155
vn -0.157961 -0.222127 -0.962137
vn -0.157961 -0.222127 -0.962137
vn -0.176030 -0.221438 -0.959155
vn -0.148740 -0.222449 -0.963531
vn -0.148740 -0.222449 -0.963531
vn -0.176030 -0.221438 -0.959155
vn -0.133570 -0.222935 -0.965639
vn -0.133570 -0.222935 -0.965639
vn -0.176030 -0.221438 -0.959155
vn -0.113857 -0.223488 -0.968034
vn -0.113857 -0.223488 -0.968034
vn -0.176030 -0.221438 -0.959155
vn -0.089846 -0.224041 -0.970429
vn -0.089846 -0.224041 -0.970429
vn -0.176030 -0.221438 -0.959155
vn -0.058950 -0.224560 -0.972676
vn -0.089846 -0.224041 -0.970429
vn -0.058950 -0.224560 -0.972676
vn -0.061668 -0.224523 -0.972516
vn -0.061668 -0.224523 -0.972516
vn -0.058950 -0.224560 -0.972676
vn -0.030994 -0.224843 -0.973902
vn -0.030994 -0.224843 -0.973902
vn -0.058950 -0.224560 -0.972676
vn 0.000000 -0.224951 -0.974370
vn 0.000000 -0.224951 -0.974370
vn -0.058950 -0.224560 -0.972676
vn 0.058950 -0.224560 -0.972676
vn 0.000000 -0.224951 -0.974370
vn 0.058950 -0.224560 -0.972676
vn 0.030994 -0.224843 -0.973902
vn 0.030994 -0.224843 -0.973902
vn 0.058950 -0.224560 -0.972676
vn 0.061668 -0.224523 -0.972516
vn 0.061668 -0.224523 -0.972516
vn 0.058950 -0.224560 -0.972676
vn 0.089846 -0.224041 -0.970429
vn 0.089846 -0.224041 -0.970429
vn 0.058950 -0.224560 -0.972676
vn 0.176030 -0.221438 -0.959155
vn 0.089846 -0.224041 -0.970429
vn 0.176030 -0.221438 -0.959155
vn 0.113857 -0.223488 -0.968034
vn 0.113857 -0.223488 -0.968034
vn 0.176030 -0.221438 -0.959155
vn 0.133570 -0.222935 -0.965639
vn 0.133570 -0.222935 -0.965639
vn 0.176030 -0.221438 -0.959155
vn 0.148740 -0.222449 -0.963531
vn 0.148740 -0.222449 -0.963531
vn 0.176030 -0.221438 -0.959155
vn 0.157961 -0.222127 -0.962137
vn 0.157961 -0.222127 -0.962137
vn 0.176030 -0.221438 -0.959155
vn 0.161017 -0.222016 -0.961656
vn 0.161017 -0.222016 -0.961656
vn 0.176030 -0.221438 -0.959155
vn 0.258819 -0.217286 -0.941169
vn 0.161017 -0.222016 -0.961656
vn 0.258819 -0.217286 -0.941169
vn 0.157961 -0.222127 -0.962137
vn 0.157961 -0.222127 -0.962137
vn 0.258819 -0.217286 -0.941169
vn 0.130526 -0.223027 -0.966034
vn 0.157961 -0.222127 -0.962137
vn 0.130526 -0.223027 -0.966034
vn 0.148740 -0.222449 -0.963531
vn 0.148740 -0.222449 -0.963531
vn 0.130526 -0.223027 -0.966034
vn 0.133570 -0.222935 -0.965639
vn 0.133570 -0.222935 -0.965639
vn 0.130526 -0.223027 -0.966034
vn 0.113857 -0.223488 -0.968034
vn 0.113857 -0.223488 -0.968034
vn 0.130526 -0.223027 -0.966034
vn 0.089846 -0.224041 -0.970429
vn 0.089846 -0.224041 -0.970429
vn 0.130526 -0.223027 -0.966034
vn 0.061668 -0.224523 -0.972516
vn 0.061668 -0.224523 -0.972516
vn 0.130526 -0.223027 -0.966034
vn 0.000000 -0.224951 -0.974370
vn 0.061668 -0.224523 -0.972516
vn 0.000000 -0.224951 -0.974370
vn 0.030994 -0.224843 -0.973902
vn 0.030994 -0.224843 -0.973902
vn 0.000000 -0.224951 -0.974370
vn 0.000000 -0.224951 -0.974370
vn 0.000000 -0.224951 -0.974370
vn 0.000000 -0.224951 -0.974370
vn -0.030994 -0.224843 -0.973902
vn -0.030994 -0.224843 -0.973902
vn 0.000000 -0.224951 -0.974370
vn -0.061668 -0.224523 -0.972516
vn -0.061668 -0.224523 -0.972516
vn 0.000000 -0.224951 -0.974370
vn -0.130526 -0.223027 -0.966034
vn -0.061668 -0.224523 -0.972516
vn -0.130526 -0.223027 -0.966034
vn -0.089846 -0.224041 -0.970429
vn -0.089846 -0.224041 -0.970429
vn -0.130526 -0.223027 -0.966034
vn -0.113857 -0.223488 -0.968034
vn -0.113857 -0.223488 -0.968034
vn -0.130526 -0.223027 -0.966034
vn -0.133570 -0.222935 -0.965639
vn -0.133570 -0.222935 -0.965639
vn -0.130526 -0.223027 -0.966034
vn -0.148740 -0.222449 -0.963531
vn -0.148740 -0.222449 -0.963531
vn -0.130526 -0.223027 -0.966034
vn -0.258819 -0.217286 -0.941169
vn -0.148740 -0.222449 -0.963531
vn -0.258819 -0.217286 -0.941169
vn -0.157961 -0.222127 -0.962137
vn -0.258819 -0.217286 -0.941169
vn -0.176030 -0.221438 -0.959155
vn -0.258819 -0.217286 -0.941169
vn 0.176030 -0.221438 -0.959155
vn 0.258819 -0.217286 -0.941169
vn 0.258819 -0.217286 -0.941169
vn 0.000000 -0.974370 0.224951
vn 0.000000 -0.974370 0.224951
vn 0.000000 -0.974370 0.224951
vn 0.000000 -0.974370 0.224951
vn 0.000000 -0.974370 0.224951
vn 0.000000 -0.974370 0.224951
vn 0.000000 -0.974370 0.224951
vn 0.000000 -0.974370 0.224951
vn 0.000000 -0.974370 0.224951
vn 0.000000 -0.974370 0.224951
vn 0.000000 -0.974370 0.224951
vn 0.000000 -0.974370 0.224951
vn 0.000000 -0.974370 0.224951
vn 0.000000 -0.974370 0.224951
vn 0.000000 -0.974370 0.224951
vn 0.000000 -0.974370 0.224951
vn 0.000000 -0.974370 0.224951
vn 0.000000 -0.974370 0.224951
vn -0.683013 -0.730153 -0.019258
vn -0.683013 -0.730153 -0.019258
vn -0.683013 -0.730153 -0.019258
vn -0.683013 -0.730153 -0.019258
vn -0.683013 -0.730153 -0.019258
vn -0.683013 -0.730153 -0.019258
vn 0.512047 0.683013 0.520866
vn 0.512047 0.683013 0.520866
vn 0.512047 0.683013 0.520866
vn 0.512047 0.683013 0.520866
vn 0.512047 0.683013 0.520866
vn 0.512047 0.683013 0.520866
vn 0.855153 -0.157961 -0.493723
vn 0.836516 -0.258819 -0.482963
vn 0.854725 -0.161017 -0.493476
vn 0.854725 -0.161017 -0.493476
vn 0.836516 -0.258819 -0.482963
vn 0.852502 -0.176030 -0.492192
vn 0.854725 -0.161017 -0.493476
vn 0.852502 -0.176030 -0.492192
vn 0.855153 -0.157961 -0.493723
vn 0.855153 -0.157961 -0.493723
vn 0.852502 -0.176030 -0.492192
vn 0.856392 -0.148740 -0.494438
vn 0.856392 -0.148740 -0.494438
vn 0.852502 -0.176030 -0.492192
vn 0.858265 -0.133570 -0.495520
vn 0.858265 -0.133570 -0.495520
vn 0.852502 -0.176030 -0.492192
vn 0.860394 -0.113857 -0.496749
vn 0.860394 -0.113857 -0.496749
vn 0.852502 -0.176030 -0.492192
vn 0.862523 -0.089846 -0.497978
vn 0.862523 -0.089846 -0.497978
vn 0.852502 -0.176030 -0.492192
vn 0.864519 -0.058950 -0.499130
vn 0.862523 -0.089846 -0.497978
vn 0.864519 -0.058950 -0.499130
vn 0.864377 -0.061668 -0.499048
vn 0.864377 -0.061668 -0.499048
vn 0.864519 -0.058950 -0.499130
vn 0.865609 -0.030994 -0.499760
vn 0.865609 -0.030994 -0.499760
vn 0.864519 -0.058950 -0.499130
vn 0.866025 0.000000 -0.500000
vn 0.866025 0.000000 -0.500000
vn 0.864519 -0.058950 -0.499130
vn 0.864519 0.058950 -0.499130
vn 0.866025 0.000000 -0.500000
vn 0.864519 0.058950 -0.499130
vn 0.865609 0.030994 -0.499760
vn 0.865609 0.030994 -0.499760
vn 0.864519 0.058950 -0.499130
vn 0.864377 0.061668 -0.499048
vn 0.864377 0.061668 -0.499048
vn 0.864519 0.058950 -0.499130
vn 0.862523 0.089846 -0.497978
vn 0.862523 0.089846 -0.497978
vn 0.864519 0.058950 -0.499130
vn 0.852502 0.176030 -0.492192
vn 0.862523 0.089846 -0.497978
vn 0.852502 0.176030 -0.492192
vn 0.860394 0.113857 -0.496749
vn 0.860394 0.113857 -0.496749
vn 0.852502 0.176030 -0.492192
vn 0.858265 0.133570 -0.495520
vn 0.858265 0.133570 -0.495520
vn 0.852502 0.176030 -0.492192
vn 0.856392 0.148740 -0.494438
vn 0.856392 0.148740 -0.494438
vn 0.852502 0.176030 -0.492192
vn 0.855153 0.157961 -0.493723
vn 0.855153 0.157961 -0.493723
vn 0.852502 0.176030 -0.492192
vn 0.854725 0.161017 -0.493476
vn 0.854725 0.161017 -0.493476
vn 0.852502 0.176030 -0.492192
vn 0.836516 0.258819 -0.482963
vn 0.854725 0.161017 -0.493476
vn 0.836516 0.258819 -0.482963
vn 0.855153 0.157961 -0.493723
vn 0.855153 0.157961 -0.493723
vn 0.836516 0.258819 -0.482963
vn 0.858617 0.130526 -0.495722
vn 0.855153 0.157961 -0.493723
vn 0.858617 0.130526 -0.495722
vn 0.856392 0.148740 -0.494438
vn 0.856392 0.148740 -0.494438
vn 0.858617 0.130526 -0.495722
vn 0.858265 0.133570 -0.495520
vn 0.858265 0.133570 -0.495520
vn 0.858617 0.130526 -0.495722
vn 0.860394 0.113857 -0.496749
vn 0.860394 0.113857 -0.496749
vn 0.858617 0.130526 -0.495722
vn 0.862523 0.089846 -0.497978
vn 0.862523 0.089846 -0.497978
vn 0.858617 0.130526 -0.495722
vn 0.864377 0.061668 -0.499048
vn 0.864377 0.061668 -0.499048
vn 0.858617 0.130526 -0.495722
vn 0.866025 0.000000 -0.500000
vn 0.864377 0.061668 -0.499048
vn 0.866025 0.000000 -0.500000
vn 0.865609 0.030994 -0.499760
vn 0.865609 0.030994 -0.499760
vn 0.866025 0.000000 -0.500000
vn 0.866025 0.000000 -0.500000
vn 0.866025 0.000000 -0.500000
vn 0.866025 0.000000 -0.500000
vn 0.865609 -0.030994 -0.499760
vn 0.865609 -0.030994 -0.499760
vn 0.866025 0.000000 -0.500000
vn 0.864377 -0.061668 -0.499048
vn 0.864377 -0.061668 -0.499048
vn 0.866025 0.000000 -0.500000
vn 0.858617 -0.130526 -0.495722
vn 0.864377 -0.061668 -0.499048
vn 0.858617 -0.130526 -0.495722
vn 0.862523 -0.089846 -0.497978
vn 0.862523 -0.089846 -0.497978
vn 0.858617 -0.130526 -0.495722
vn 0.860394 -0.113857 -0.496749
vn 0.860394 -0.113857 -0.496749
vn 0.858617 -0.130526 -0.495722
vn 0.858265 -0.133570 -0.495520
vn 0.858265 -0.133570 -0.495520
vn 0.858617 -0.130526 -0.495722
vn 0.856392 -0.148740 -0.494438
vn 0.856392 -0.148740 -0.494438
vn 0.858617 -0.130526 -0.495722
vn 0.836516 -0.258819 -0.482963
vn 0.856392 -0.148740 -0.494438
vn 0.836516 -0.258819 -0.482963
vn 0.855153 -0.157961 -0.493723
vn 0.836516 -0.258819 -0.482963
vn 0.852502 -0.176030 -0.492192
vn 0.836516 -0.258819 -0.482963
vn 0.852502 0.176030 -0.492192
vn 0.836516 0.258819 -0.482963
vn 0.836516 0.258819 -0.482963
vn 0.500000 0.000000 0.866025
vn 0.500000 0.000000 0.866025
vn 0.500000 0.000000 0.866025
vn 0.500000 0.000000 0.866025
vn 0.500000 0.000000 0.866025
vn 0.500000 0.000000 0.866025
vn 0.500000 0.000000 0.866025
vn 0.500000 0.000000 0.866025
vn 0.500000 0.000000 0.866025
vn 0.500000 0.000000 0.866025
vn 0.500000 0.000000 0.866025
vn 0.500000 0.000000 0.866025
vn 0.500000 0.000000 0.866025
vn 0.500000 0.000000 0.866025
vn 0.500000 0.000000 0.866025
vn 0.500000 0.000000 0.866025
vn 0.500000 0.000000 0.866025
vn 0.500000 0.000000 0.866025
vn 0.512047 -0.683013 0.520866
vn 0.512047 -0.683013 0.520866
vn 0.512047 -0.683013 0.520866
vn 0.512047 -0.683013 0.520866
vn 0.512047 -0.683013 0.520866
vn 0.512047 -0.683013 0.520866
vn 0.771401 -0.029920 0.635646
vn 0.771401 -0.029920 0.635646
vn 0.771401 -0.029920 0.635646
vn 0.771401 -0.029920 0.635646
vn 0.771401 -0.029920 0.635646
vn 0.771401 -0.029920 0.635646
vn 0.129410 0.224144 0.965926
vn 0.129410 0.224144 0.965926
vn 0.129410 0.224144 0.965926
vn 0.129410 0.224144 0.965926
vn 0.129410 0.224144 0.965926
vn 0.129410 0.224144 0.965926
vn 0.129410 0.224144 0.965926
vn 0.129410 0.224144 0.965926
vn 0.129410 0.224144 0.965926
vn 0.129410 0.224144 0.965926
vn 0.129410 0.224144 0.965926
vn 0.129410 0.224144 0.965926
vn 0.129410 0.224144 0.965926
vn 0.129410 0.224144 0.965926
vn 0.129410 0.224144 0.965926
vn 0.129410 0.224144 0.965926
vn 0.129410 0.224144 0.965926
vn 0.129410 0.224144 0.965926
vn 0.614962 0.746016 -0.255503
vn 0.690650 0.678603 -0.250000
vn 0.617374 0.744066 -0.255373
vn 0.617374 0.744066 -0.255373
vn 0.690650 0.678603 -0.250000
vn 0.627868 0.735439 -0.254778
vn 0.617374 0.744066 -0.255373
vn 0.627868 0.735439 -0.254778
vn 0.614962 0.746016 -0.255503
vn 0.614962 0.746016 -0.255503
vn 0.627868 0.735439 -0.254778
vn 0.607660 0.751848 -0.255878
vn 0.607660 0.751848 -0.255878
vn 0.627868 0.735439 -0.254778
vn 0.595558 0.761279 -0.256445
vn 0.595558 0.761279 -0.256445
vn 0.627868 0.735439 -0.254778
vn 0.579674 0.773229 -0.257090
vn 0.579674 0.773229 -0.257090
vn 0.627868 0.735439 -0.254778
vn 0.560078 0.787327 -0.257736
vn 0.560078 0.787327 -0.257736
vn 0.627868 0.735439 -0.254778
vn 0.533175 0.805587 -0.258369
vn 0.560078 0.787327 -0.257736
vn 0.533175 0.805587 -0.258369
vn 0.536731 0.803244 -0.258302
vn 0.536731 0.803244 -0.258302
vn 0.533175 0.805587 -0.258369
vn 0.510878 0.819810 -0.258682
vn 0.510878 0.819810 -0.258682
vn 0.533175 0.805587 -0.258369
vn 0.484287 0.835751 -0.258819
vn 0.484287 0.835751 -0.258819
vn 0.533175 0.805587 -0.258369
vn 0.431071 0.864536 -0.258369
vn 0.484287 0.835751 -0.258819
vn 0.431071 0.864536 -0.258369
vn 0.457237 0.850885 -0.258707
vn 0.457237 0.850885 -0.258707
vn 0.431071 0.864536 -0.258369
vn 0.430000 0.865075 -0.258350
vn 0.430000 0.865075 -0.258350
vn 0.431071 0.864536 -0.258369
vn 0.404578 0.877412 -0.257807
vn 0.404578 0.877412 -0.257807
vn 0.431071 0.864536 -0.258369
vn 0.322975 0.911469 -0.254778
vn 0.404578 0.877412 -0.257807
vn 0.322975 0.911469 -0.254778
vn 0.382614 0.887392 -0.257181
vn 0.382614 0.887392 -0.257181
vn 0.322975 0.911469 -0.254778
vn 0.364381 0.895213 -0.256553
vn 0.364381 0.895213 -0.256553
vn 0.322975 0.911469 -0.254778
vn 0.350226 0.901003 -0.256000
vn 0.350226 0.901003 -0.256000
vn 0.322975 0.911469 -0.254778
vn 0.341571 0.904423 -0.255634
vn 0.341571 0.904423 -0.255634
vn 0.322975 0.911469 -0.254778
vn 0.338694 0.905540 -0.255508
vn 0.338694 0.905540 -0.255508
vn 0.322975 0.911469 -0.254778
vn 0.242362 0.937422 -0.250000
vn 0.338694 0.905540 -0.255508
vn 0.242362 0.937422 -0.250000
vn 0.341571 0.904423 -0.255634
vn 0.341571 0.904423 -0.255634
vn 0.242362 0.937422 -0.250000
vn 0.365792 0.894623 -0.256605
vn 0.341571 0.904423 -0.255634
vn 0.365792 0.894623 -0.256605
vn 0.350227 0.901002 -0.256000
vn 0.350227 0.901002 -0.256000
vn 0.365792 0.894623 -0.256605
vn 0.364382 0.895213 -0.256553
vn 0.364382 0.895213 -0.256553
vn 0.365792 0.894623 -0.256605
vn 0.382614 0.887392 -0.257181
vn 0.382614 0.887392 -0.257181
vn 0.365792 0.894623 -0.256605
vn 0.404579 0.877412 -0.257807
vn 0.404579 0.877412 -0.257807
vn 0.365792 0.894623 -0.256605
vn 0.430001 0.865075 -0.258350
vn 0.430001 0.865075 -0.258350
vn 0.365792 0.894623 -0.256605
vn 0.482963 0.836516 -0.258819
vn 0.430001 0.865075 -0.258350
vn 0.482963 0.836516 -0.258819
vn 0.457237 0.850885 -0.258707
vn 0.457237 0.850885 -0.258707
vn 0.482963 0.836516 -0.258819
vn 0.484287 0.835751 -0.258819
vn 0.484287 0.835751 -0.258819
vn 0.482963 0.836516 -0.258819
vn 0.510878 0.819810 -0.258682
vn 0.510878 0.819810 -0.258682
vn 0.482963 0.836516 -0.258819
vn 0.536731 0.803244 -0.258302
vn 0.536731 0.803244 -0.258302
vn 0.482963 0.836516 -0.258819
vn 0.591870 0.764097 -0.256605
vn 0.536731 0.803244 -0.258302
vn 0.591870 0.764097 -0.256605
vn 0.560078 0.787327 -0.257736
vn 0.560078 0.787327 -0.257736
vn 0.591870 0.764097 -0.256605
vn 0.579674 0.773229 -0.257090
vn 0.579674 0.773229 -0.257090
vn 0.591870 0.764097 -0.256605
vn 0.595558 0.761279 -0.256445
vn 0.595558 0.761279 -0.256445
vn 0.591870 0.764097 -0.256605
vn 0.607660 0.751848 -0.255878
vn 0.607660 0.751848 -0.255878
vn 0.591870 0.764097 -0.256605
vn 0.690650 0.678603 -0.250000
vn 0.607660 0.751848 -0.255878
vn 0.690650 0.678603 -0.250000
vn 0.614962 0.746016 -0.255503
vn 0.322975 0.911469 -0.254778
vn 0.242362 0.937422 -0.250000
vn 0.242362 0.937422 -0.250000
vn 0.690650 0.678603 -0.250000
vn 0.690650 0.678603 -0.250000
vn 0.627868 0.735439 -0.254778
vn -0.411612 0.653093 0.635646
vn -0.411612 0.653093 0.635646
vn -0.411612 0.653093 0.635646
vn -0.411612 0.653093 0.635646
vn -0.411612 0.653093 0.635646
vn -0.411612 0.653093 0.635646
vn -0.242362 -0.937422 0.250000
vn -0.313982 -0.914730 0.254330
vn -0.242362 -0.937422 0.250000
vn -0.242362 -0.937422 0.250000
vn -0.313982 -0.914730 0.254330
vn -0.365792 -0.894623 0.256605
vn -0.365792 -0.894623 0.256605
vn -0.313982 -0.914730 0.254330
vn -0.353906 -0.899521 0.256149
vn -0.365792 -0.894623 0.256605
vn -0.353906 -0.899521 0.256149
vn -0.356096 -0.898632 0.256236
vn -0.428218 -0.865968 0.258319
vn -0.373574 -0.891322 0.256881
vn -0.313982 -0.914730 0.254330
vn -0.313982 -0.914730 0.254330
vn -0.373574 -0.891322 0.256881
vn -0.362688 -0.895919 0.256490
vn -0.313982 -0.914730 0.254330
vn -0.362688 -0.895919 0.256490
vn -0.356096 -0.898632 0.256236
vn -0.535841 -0.803832 0.258319
vn -0.494692 -0.829642 0.258795
vn -0.428218 -0.865968 0.258319
vn -0.428218 -0.865968 0.258319
vn -0.494692 -0.829642 0.258795
vn -0.469363 -0.844232 0.258787
vn -0.428218 -0.865968 0.258319
vn -0.469363 -0.844232 0.258787
vn -0.446754 -0.856468 0.258598
vn -0.635188 -0.729282 0.254330
vn -0.563164 -0.785153 0.257645
vn -0.535841 -0.803832 0.258319
vn -0.535841 -0.803832 0.258319
vn -0.563164 -0.785153 0.257645
vn -0.543192 -0.798932 0.258167
vn -0.535841 -0.803832 0.258319
vn -0.543192 -0.798932 0.258167
vn -0.519839 -0.814190 0.258579
vn -0.690650 -0.678603 0.250000
vn -0.690650 -0.678603 0.250000
vn -0.635188 -0.729282 0.254330
vn -0.635188 -0.729282 0.254330
vn -0.690650 -0.678603 0.250000
vn -0.601462 -0.756714 0.256177
vn -0.635188 -0.729282 0.254330
vn -0.601462 -0.756714 0.256177
vn -0.598984 -0.758639 0.256291
vn -0.601462 -0.756714 0.256177
vn -0.690650 -0.678603 0.250000
vn -0.598984 -0.758639 0.256291
vn -0.598984 -0.758639 0.256291
vn -0.690650 -0.678603 0.250000
vn -0.591870 -0.764097 0.256605
vn -0.598984 -0.758639 0.256291
vn -0.591870 -0.764097 0.256605
vn -0.591476 -0.764396 0.256621
vn -0.591476 -0.764396 0.256621
vn -0.591870 -0.764097 0.256605
vn -0.579157 -0.773610 0.257109
vn -0.579157 -0.773610 0.257109
vn -0.591870 -0.764097 0.256605
vn -0.563164 -0.785153 0.257645
vn -0.563164 -0.785153 0.257645
vn -0.591870 -0.764097 0.256605
vn -0.543191 -0.798932 0.258167
vn -0.543191 -0.798932 0.258167
vn -0.591870 -0.764097 0.256605
vn -0.519838 -0.814190 0.258579
vn -0.519838 -0.814190 0.258579
vn -0.591870 -0.764097 0.256605
vn -0.482963 -0.836516 0.258819
vn -0.519838 -0.814190 0.258579
vn -0.482963 -0.836516 0.258819
vn -0.494692 -0.829642 0.258795
vn -0.494692 -0.829642 0.258795
vn -0.482963 -0.836516 0.258819
vn -0.469363 -0.844232 0.258787
vn -0.469363 -0.844232 0.258787
vn -0.482963 -0.836516 0.258819
vn -0.446754 -0.856468 0.258598
vn -0.446754 -0.856468 0.258598
vn -0.482963 -0.836516 0.258819
vn -0.424806 -0.867666 0.258256
vn -0.424806 -0.867666 0.258256
vn -0.482963 -0.836516 0.258819
vn -0.365792 -0.894623 0.256605
vn -0.424806 -0.867666 0.258256
vn -0.365792 -0.894623 0.256605
vn -0.404831 -0.877293 0.257814
vn -0.404831 -0.877293 0.257814
vn -0.365792 -0.894623 0.256605
vn -0.387851 -0.885068 0.257343
vn -0.387851 -0.885068 0.257343
vn -0.365792 -0.894623 0.256605
vn -0.373573 -0.891322 0.256881
vn -0.373573 -0.891322 0.256881
vn -0.365792 -0.894623 0.256605
vn -0.362688 -0.895919 0.256490
vn -0.362688 -0.895919 0.256490
vn -0.365792 -0.894623 0.256605
vn -0.356096 -0.898632 0.256236
vn -0.446754 -0.856468 0.258598
vn -0.424807 -0.867665 0.258256
vn -0.428218 -0.865968 0.258319
vn -0.428218 -0.865968 0.258319
vn -0.424807 -0.867665 0.258256
vn -0.404832 -0.877293 0.257814
vn -0.428218 -0.865968 0.258319
vn -0.404832 -0.877293 0.257814
vn -0.387851 -0.885068 0.257343
vn -0.387851 -0.885068 0.257343
vn -0.373574 -0.891322 0.256881
vn -0.428218 -0.865968 0.258319
vn -0.356096 -0.898632 0.256236
vn -0.353906 -0.899521 0.256149
vn -0.313982 -0.914730 0.254330
vn -0.598984 -0.758639 0.256291
vn -0.591477 -0.764396 0.256621
vn -0.635188 -0.729282 0.254330
vn -0.635188 -0.729282 0.254330
vn -0.591477 -0.764396 0.256621
vn -0.579158 -0.773609 0.257109
vn -0.635188 -0.729282 0.254330
vn -0.579158 -0.773609 0.257109
vn -0.563164 -0.785153 0.257645
vn -0.519839 -0.814190 0.258579
vn -0.494692 -0.829642 0.258795
vn -0.535841 -0.803832 0.258319
vn -0.711516 0.699469 -0.066987
vn -0.711516 0.699469 -0.066987
vn -0.711516 0.699469 -0.066987
vn -0.711516 0.699469 -0.066987
vn -0.711516 0.699469 -0.066987
vn -0.711516 0.699469 -0.066987
vn 0.490650 -0.192483 0.849831
vn 0.500000 -0.000000 0.866025
vn 0.500000 -0.000000 0.866025
vn 0.500000 -0.000000 0.866025
vn 0.500000 -0.000000 0.866025
vn 0.490650 0.192483 0.849831
vn 0.500000 -0.000000 0.866025
vn 0.490650 0.192483 0.849831
vn 0.490645 0.192537 0.849822
vn 0.490645 0.192537 0.849822
vn 0.490650 0.192483 0.849831
vn 0.461890 0.382925 0.800017
vn 0.490645 0.192537 0.849822
vn 0.461890 0.382925 0.800017
vn 0.461876 0.382991 0.799993
vn 0.461876 0.382991 0.799993
vn 0.461890 0.382925 0.800017
vn 0.414888 0.558096 0.718607
vn 0.461876 0.382991 0.799993
vn 0.414888 0.558096 0.718607
vn 0.414874 0.558138 0.718583
vn 0.414874 0.558138 0.718583
vn 0.414888 0.558096 0.718607
vn 0.353551 0.707111 0.612369
vn 0.414874 0.558138 0.718583
vn 0.353551 0.707111 0.612369
vn 0.353550 0.707113 0.612367
vn 0.353550 0.707113 0.612367
vn 0.353551 0.707111 0.612369
vn 0.279044 0.829781 0.483319
vn 0.353550 0.707113 0.612367
vn 0.279044 0.829781 0.483319
vn 0.279063 0.829757 0.483351
vn 0.279063 0.829757 0.483351
vn 0.279044 0.829781 0.483319
vn 0.191460 0.923782 0.331618
vn 0.279063 0.829757 0.483351
vn 0.191460 0.923782 0.331618
vn 0.191492 0.923755 0.331673
vn 0.191492 0.923755 0.331673
vn 0.191460 0.923782 0.331618
vn 0.096240 0.981301 0.166693
vn 0.191492 0.923755 0.331673
vn 0.096240 0.981301 0.166693
vn 0.096267 0.981290 0.166740
vn 0.096267 0.981290 0.166740
vn 0.096240 0.981301 0.166693
vn 0.000000 1.000000 0.000000
vn 0.000000 1.000000 0.000000
vn 0.096240 0.981301 0.166693
vn 0.000000 1.000000 0.000000
vn 0.000000 1.000000 0.000000
vn 0.000000 1.000000 0.000000
vn -0.096267 0.981290 -0.166740
vn -0.096267 0.981290 -0.166740
vn 0.000000 1.000000 0.000000
vn -0.096240 0.981301 -0.166693
vn -0.096267 0.981290 -0.166740
vn -0.096240 0.981301 -0.166693
vn -0.191460 0.923782 -0.331618
vn -0.096267 0.981290 -0.166740
vn -0.191460 0.923782 -0.331618
vn -0.191492 0.923755 -0.331673
vn -0.191492 0.923755 -0.331673
vn -0.191460 0.923782 -0.331618
vn -0.279044 0.829781 -0.483319
vn -0.191492 0.923755 -0.331673
vn -0.279044 0.829781 -0.483319
vn -0.279063 0.829757 -0.483351
vn -0.279063 0.829757 -0.483351
vn -0.279044 0.829781 -0.483319
vn -0.353551 0.707111 -0.612369
vn -0.279063 0.829757 -0.483351
vn -0.353551 0.707111 -0.612369
vn -0.353550 0.707113 -0.612367
vn -0.353550 0.707113 -0.612367
vn -0.353551 0.707111 -0.612369
vn -0.414874 0.558138 -0.718583
vn -0.414874 0.558138 -0.718583
vn -0.353551 0.707111 -0.612369
vn -0.414888 0.558096 -0.718607
vn -0.414874 0.558138 -0.718583
vn -0.414888 0.558096 -0.718607
vn -0.461876 0.382991 -0.799993
vn -0.461876 0.382991 -0.799993
vn -0.414888 0.558096 -0.718607
vn -0.461890 0.382925 -0.800017
vn -0.461876 0.382991 -0.799993
vn -0.461890 0.382925 -0.800017
vn -0.490645 0.192537 -0.849822
vn -0.490645 0.192537 -0.849822
vn -0.461890 0.382925 -0.800017
vn -0.490650 0.192483 -0.849831
vn -0.490645 0.192537 -0.849822
vn -0.490650 0.192483 -0.849831
vn -0.500000 0.000000 -0.866025
vn -0.500000 0.000000 -0.866025
vn -0.490650 0.192483 -0.849831
vn -0.500000 0.000000 -0.866025
vn -0.500000 0.000000 -0.866025
vn -0.500000 0.000000 -0.866025
vn -0.490650 -0.192483 -0.849831
vn -0.500000 0.000000 -0.866025
vn -0.490650 -0.192483 -0.849831
vn -0.490645 -0.192537 -0.849822
vn -0.490645 -0.192537 -0.849822
vn -0.490650 -0.192483 -0.849831
vn -0.461890 -0.382925 -0.800017
vn -0.490645 -0.192537 -0.849822
vn -0.461890 -0.382925 -0.800017
vn -0.461876 -0.382991 -0.799993
vn -0.461876 -0.382991 -0.799993
vn -0.461890 -0.382925 -0.800017
vn -0.414888 -0.558096 -0.718607
vn -0.461876 -0.382991 -0.799993
vn -0.414888 -0.558096 -0.718607
vn -0.414874 -0.558138 -0.718583
vn -0.414874 -0.558138 -0.718583
vn -0.414888 -0.558096 -0.718607
vn -0.353551 -0.707111 -0.612369
vn -0.414874 -0.558138 -0.718583
vn -0.353551 -0.707111 -0.612369
vn -0.353550 -0.707113 -0.612367
vn -0.353550 -0.707113 -0.612367
vn -0.353551 -0.707111 -0.612369
vn -0.279044 -0.829781 -0.483319
vn -0.353550 -0.707113 -0.612367
vn -0.279044 -0.829781 -0.483319
vn -0.279063 -0.829757 -0.483351
vn -0.279063 -0.829757 -0.483351
vn -0.279044 -0.829781 -0.483319
vn -0.191460 -0.923782 -0.331618
vn -0.279063 -0.829757 -0.483351
vn -0.191460 -0.923782 -0.331618
vn -0.191492 -0.923755 -0.331673
vn -0.191492 -0.923755 -0.331673
vn -0.191460 -0.923782 -0.331618
vn -0.096240 -0.981301 -0.166693
vn -0.191492 -0.923755 -0.331673
vn -0.096240 -0.981301 -0.166693
vn -0.096267 -0.981290 -0.166740
vn -0.096267 -0.981290 -0.166740
vn -0.096240 -0.981301 -0.166693
vn 0.000000 -1.000000 0.000000
vn 0.000000 -1.000000 0.000000
vn -0.096240 -0.981301 -0.166693
vn 0.000000 -1.000000 0.000000
vn 0.000000 -1.000000 0.000000
vn 0.000000 -1.000000 0.000000
vn 0.096267 -0.981290 0.166740
vn 0.096267 -0.981290 0.166740
vn 0.000000 -1.000000 0.000000
vn 0.096240 -0.981301 0.166693
vn 0.096267 -0.981290 0.166740
vn 0.096240 -0.981301 0.166693
vn 0.191460 -0.923782 0.331618
vn 0.096267 -0.981290 0.166740
vn 0.191460 -0.923782 0.331618
vn 0.191492 -0.923755 0.331673
vn 0.191492 -0.923755 0.331673
vn 0.191460 -0.923782 0.331618
vn 0.279044 -0.829781 0.483319
vn 0.191492 -0.923755 0.331673
vn 0.279044 -0.829781 0.483319
vn 0.279063 -0.829757 0.483351
vn 0.279063 -0.829757 0.483351
vn 0.279044 -0.829781 0.483319
vn 0.353551 -0.707111 0.612369
vn 0.279063 -0.829757 0.483351
vn 0.353551 -0.707111 0.612369
vn 0.353550 -0.707113 0.612367
vn 0.353550 -0.707113 0.612367
vn 0.353551 -0.707111 0.612369
vn 0.414874 -0.558138 0.718583
vn 0.414874 -0.558138 0.718583
vn 0.353551 -0.707111 0.612369
vn 0.414888 -0.558096 0.718607
vn 0.414874 -0.558138 0.718583
vn 0.414888 -0.558096 0.718607
vn 0.461876 -0.382991 0.799993
vn 0.461876 -0.382991 0.799993
vn 0.414888 -0.558096 0.718607
vn 0.461890 -0.382925 0.800017
vn 0.461876 -0.382991 0.799993
vn 0.461890 -0.382925 0.800017
vn 0.490645 -0.192537 0.849822
vn 0.490645 -0.192537 0.849822
vn 0.461890 -0.382925 0.800017
vn 0.490650 -0.192483 0.849831
vn 0.490645 -0.192537 0.849822
vn 0.490650 -0.192483 0.849831
vn 0.500000 -0.000000 0.866025
vn 0.224144 0.965926 -0.129410
vn 0.224144 0.965926 -0.129410
vn 0.224144 0.965926 -0.129410
vn 0.224144 0.965926 -0.129410
vn 0.224144 0.965926 -0.129410
vn 0.224144 0.965926 -0.129410
vn 0.224144 -0.965926 -0.129410
vn 0.224144 -0.965926 -0.129410
vn 0.224144 -0.965926 -0.129410
vn 0.224144 -0.965926 -0.129410
vn 0.224144 -0.965926 -0.129410
vn 0.224144 -0.965926 -0.129410
vn -0.836516 0.258819 0.482963
vn -0.836516 0.258819 0.482963
vn -0.851003 0.185448 0.491327
vn -0.851003 0.185448 0.491327
vn -0.836516 0.258819 0.482963
vn -0.857140 0.142880 0.494870
vn -0.851003 0.185448 0.491327
vn -0.857140 0.142880 0.494870
vn -0.857476 0.140170 0.495064
vn -0.857140 0.142880 0.494870
vn -0.836516 0.258819 0.482963
vn -0.857476 0.140170 0.495064
vn -0.857476 0.140170 0.495064
vn -0.836516 0.258819 0.482963
vn -0.858617 0.130526 0.495722
vn -0.857476 0.140170 0.495064
vn -0.858617 0.130526 0.495722
vn -0.858449 0.131990 0.495626
vn -0.858449 0.131990 0.495626
vn -0.858617 0.130526 0.495722
vn -0.859921 0.118528 0.496475
vn -0.859921 0.118528 0.496475
vn -0.858617 0.130526 0.495722
vn -0.861594 0.101032 0.497442
vn -0.861594 0.101032 0.497442
vn -0.858617 0.130526 0.495722
vn -0.863269 0.079720 0.498409
vn -0.863269 0.079720 0.498409
vn -0.858617 0.130526 0.495722
vn -0.864728 0.054712 0.499251
vn -0.864728 0.054712 0.499251
vn -0.858617 0.130526 0.495722
vn -0.866025 0.000000 0.500000
vn -0.864728 0.054712 0.499251
vn -0.866025 0.000000 0.500000
vn -0.865698 0.027495 0.499811
vn -0.865698 0.027495 0.499811
vn -0.866025 0.000000 0.500000
vn -0.866025 0.000000 0.500000
vn -0.866025 0.000000 0.500000
vn -0.866025 0.000000 0.500000
vn -0.865698 -0.027495 0.499811
vn -0.865698 -0.027495 0.499811
vn -0.866025 0.000000 0.500000
vn -0.864728 -0.054712 0.499251
vn -0.864728 -0.054712 0.499251
vn -0.866025 0.000000 0.500000
vn -0.858617 -0.130526 0.495722
vn -0.864728 -0.054712 0.499251
vn -0.858617 -0.130526 0.495722
vn -0.863269 -0.079720 0.498409
vn -0.863269 -0.079720 0.498409
vn -0.858617 -0.130526 0.495722
vn -0.861594 -0.101032 0.497442
vn -0.861594 -0.101032 0.497442
vn -0.858617 -0.130526 0.495722
vn -0.859921 -0.118528 0.496475
vn -0.859921 -0.118528 0.496475
vn -0.858617 -0.130526 0.495722
vn -0.858449 -0.131990 0.495626
vn -0.858449 -0.131990 0.495626
vn -0.858617 -0.130526 0.495722
vn -0.857476 -0.140170 0.495064
vn -0.857476 -0.140170 0.495064
vn -0.858617 -0.130526 0.495722
vn -0.857140 -0.142880 0.494870
vn -0.857140 -0.142880 0.494870
vn -0.858617 -0.130526 0.495722
vn -0.851003 -0.185448 0.491327
vn -0.857140 -0.142880 0.494870
vn -0.851003 -0.185448 0.491327
vn -0.857476 -0.140170 0.495064
vn -0.857476 -0.140170 0.495064
vn -0.851003 -0.185448 0.491327
vn -0.858449 -0.131990 0.495626
vn -0.858449 -0.131990 0.495626
vn -0.851003 -0.185448 0.491327
vn -0.859921 -0.118528 0.496475
vn -0.859921 -0.118528 0.496475
vn -0.851003 -0.185448 0.491327
vn -0.864352 -0.062136 0.499034
vn -0.859921 -0.118528 0.496475
vn -0.864352 -0.062136 0.499034
vn -0.861594 -0.101032 0.497442
vn -0.861594 -0.101032 0.497442
vn -0.864352 -0.062136 0.499034
vn -0.863269 -0.079720 0.498409
vn -0.863269 -0.079720 0.498409
vn -0.864352 -0.062136 0.499034
vn -0.864728 -0.054712 0.499251
vn -0.864728 -0.054712 0.499251
vn -0.864352 -0.062136 0.499034
vn -0.865698 -0.027495 0.499811
vn -0.865698 -0.027495 0.499811
vn -0.864352 -0.062136 0.499034
vn -0.866025 0.000000 0.500000
vn -0.866025 0.000000 0.500000
vn -0.864352 -0.062136 0.499034
vn -0.864352 0.062136 0.499034
vn -0.866025 0.000000 0.500000
vn -0.864352 0.062136 0.499034
vn -0.865698 0.027495 0.499811
vn -0.865698 0.027495 0.499811
vn -0.864352 0.062136 0.499034
vn -0.864728 0.054712 0.499251
vn -0.864728 0.054712 0.499251
vn -0.864352 0.062136 0.499034
vn -0.863269 0.079720 0.498409
vn -0.863269 0.079720 0.498409
vn -0.864352 0.062136 0.499034
vn -0.861594 0.101032 0.497442
vn -0.861594 0.101032 0.497442
vn -0.864352 0.062136 0.499034
vn -0.851003 0.185448 0.491327
vn -0.861594 0.101032 0.497442
vn -0.851003 0.185448 0.491327
vn -0.859921 0.118528 0.496475
vn -0.859921 0.118528 0.496475
vn -0.851003 0.185448 0.491327
vn -0.858449 0.131990 0.495626
vn -0.858449 0.131990 0.495626
vn -0.851003 0.185448 0.491327
vn -0.857476 0.140170 0.495064
vn -0.858617 -0.130526 0.495722
vn -0.836516 -0.258819 0.482963
vn -0.851003 -0.185448 0.491327
vn -0.851003 -0.185448 0.491327
vn -0.836516 -0.258819 0.482963
vn -0.836516 -0.258819 0.482963
vn 0.940517 0.339746 0.000000
vn 0.978448 0.206492 0.000000
vn 0.962202 0.258819 -0.084740
vn 0.962202 0.258819 -0.084740
vn 0.978448 0.206492 0.000000
vn 0.970052 0.169837 -0.173648
vn 0.962202 0.258819 -0.084740
vn 0.970052 0.169837 -0.173648
vn 0.939804 0.258819 -0.223119
vn 0.939804 0.258819 -0.223119
vn 0.970052 0.169837 -0.173648
vn 0.925613 0.162057 -0.342020
vn 0.939804 0.258819 -0.223119
vn 0.925613 0.162057 -0.342020
vn 0.897612 0.258819 -0.356798
vn 0.897612 0.258819 -0.356798
vn 0.925613 0.162057 -0.342020
vn 0.858617 0.130526 -0.495722
vn 0.897612 0.258819 -0.356798
vn 0.858617 0.130526 -0.495722
vn 0.836516 0.258819 -0.482963
vn 0.978448 0.206492 0.000000
vn 0.997598 0.069274 0.000000
vn 0.970052 0.169837 -0.173648
vn 0.970052 0.169837 -0.173648
vn 0.997598 0.069274 0.000000
vn 0.984808 0.000000 -0.173648
vn 0.970052 0.169837 -0.173648
vn 0.984808 0.000000 -0.173648
vn 0.939693 0.000000 -0.342020
vn 0.939693 0.000000 -0.342020
vn 0.984808 0.000000 -0.173648
vn 0.925613 -0.162057 -0.342020
vn 0.939693 0.000000 -0.342020
vn 0.925613 -0.162057 -0.342020
vn 0.858617 -0.130526 -0.495722
vn 0.858617 -0.130526 -0.495722
vn 0.925613 -0.162057 -0.342020
vn 0.836516 -0.258819 -0.482963
vn 0.836516 -0.258819 -0.482963
vn 0.925613 -0.162057 -0.342020
vn 0.897612 -0.258819 -0.356798
vn 0.897612 -0.258819 -0.356798
vn 0.925613 -0.162057 -0.342020
vn 0.939804 -0.258819 -0.223119
vn 0.939804 -0.258819 -0.223119
vn 0.925613 -0.162057 -0.342020
vn 0.970052 -0.169837 -0.173648
vn 0.939804 -0.258819 -0.223119
vn 0.970052 -0.169837 -0.173648
vn 0.962202 -0.258819 -0.084740
vn 0.962202 -0.258819 -0.084740
vn 0.970052 -0.169837 -0.173648
vn 0.978448 -0.206492 0.000000
vn 0.962202 -0.258819 -0.084740
vn 0.978448 -0.206492 0.000000
vn 0.940517 -0.339746 0.000000
vn 0.997598 0.069274 0.000000
vn 0.997598 -0.069274 0.000000
vn 0.984808 0.000000 -0.173648
vn 0.984808 0.000000 -0.173648
vn 0.997598 -0.069274 0.000000
vn 0.970052 -0.169837 -0.173648
vn 0.984808 0.000000 -0.173648
vn 0.970052 -0.169837 -0.173648
vn 0.925613 -0.162057 -0.342020
vn 0.997598 -0.069274 0.000000
vn 0.978448 -0.206492 0.000000
vn 0.970052 -0.169837 -0.173648
vn 0.858617 -0.130526 -0.495722
vn 0.866025 0.000000 -0.500000
vn 0.939693 0.000000 -0.342020
vn 0.939693 0.000000 -0.342020
vn 0.866025 0.000000 -0.500000
vn 0.858617 0.130526 -0.495722
vn 0.939693 0.000000 -0.342020
vn 0.858617 0.130526 -0.495722
vn 0.925613 0.162057 -0.342020
vn 0.939693 0.000000 -0.342020
vn 0.925613 0.162057 -0.342020
vn 0.970052 0.169837 -0.173648
vn -0.943728 0.330724 0.000000
vn -0.979619 0.200867 0.000000
vn -0.962994 0.258819 0.075196
vn -0.962994 0.258819 0.075196
vn -0.979619 0.200867 0.000000
vn -0.971238 0.199148 0.130526
vn -0.962994 0.258819 0.075196
vn -0.971238 0.199148 0.130526
vn -0.941258 0.258819 0.216902
vn -0.941258 0.258819 0.216902
vn -0.971238 0.199148 0.130526
vn -0.946239 0.194022 0.258819
vn -0.941258 0.258819 0.216902
vn -0.946239 0.194022 0.258819
vn -0.898787 0.258819 0.353830
vn -0.898787 0.258819 0.353830
vn -0.946239 0.194022 0.258819
vn -0.905050 0.185576 0.382683
vn -0.898787 0.258819 0.353830
vn -0.905050 0.185576 0.382683
vn -0.836516 0.258819 0.482963
vn -0.836516 0.258819 0.482963
vn -0.905050 0.185576 0.382683
vn -0.858617 0.130526 0.495722
vn -0.858617 0.130526 0.495722
vn -0.905050 0.185576 0.382683
vn -0.921781 0.062235 0.382683
vn -0.858617 0.130526 0.495722
vn -0.921781 0.062235 0.382683
vn -0.866025 0.000000 0.500000
vn -0.866025 0.000000 0.500000
vn -0.921781 0.062235 0.382683
vn -0.921781 -0.062235 0.382683
vn -0.866025 0.000000 0.500000
vn -0.921781 -0.062235 0.382683
vn -0.858617 -0.130526 0.495722
vn -0.858617 -0.130526 0.495722
vn -0.921781 -0.062235 0.382683
vn -0.905050 -0.185576 0.382683
vn -0.858617 -0.130526 0.495722
vn -0.905050 -0.185576 0.382683
vn -0.836516 -0.258819 0.482963
vn -0.836516 -0.258819 0.482963
vn -0.905050 -0.185576 0.382683
vn -0.898787 -0.258819 0.353830
vn -0.898787 -0.258819 0.353830
vn -0.905050 -0.185576 0.382683
vn -0.946239 -0.194022 0.258819
vn -0.898787 -0.258819 0.353830
vn -0.946239 -0.194022 0.258819
vn -0.941258 -0.258819 0.216902
vn -0.941258 -0.258819 0.216902
vn -0.946239 -0.194022 0.258819
vn -0.971238 -0.199148 0.130526
vn -0.941258 -0.258819 0.216902
vn -0.971238 -0.199148 0.130526
vn -0.962994 -0.258819 0.075196
vn -0.962994 -0.258819 0.075196
vn -0.971238 -0.199148 0.130526
vn -0.979619 -0.200867 0.000000
vn -0.962994 -0.258819 0.075196
vn -0.979619 -0.200867 0.000000
vn -0.943728 -0.330724 0.000000
vn -0.971238 0.199148 0.130526
vn -0.979619 0.200867 0.000000
vn -0.989193 0.066787 0.130526
vn -0.989193 0.066787 0.130526
vn -0.979619 0.200867 0.000000
vn -0.997729 0.067363 0.000000
vn -0.989193 0.066787 0.130526
vn -0.997729 0.067363 0.000000
vn -0.989193 -0.066787 0.130526
vn -0.989193 -0.066787 0.130526
vn -0.997729 0.067363 0.000000
vn -0.997729 -0.067363 0.000000
vn -0.989193 -0.066787 0.130526
vn -0.997729 -0.067363 0.000000
vn -0.971238 -0.199148 0.130526
vn -0.971238 -0.199148 0.130526
vn -0.997729 -0.067363 0.000000
vn -0.979619 -0.200867 0.000000
vn -0.921781 0.062235 0.382683
vn -0.905050 0.185576 0.382683
vn -0.946239 0.194022 0.258819
vn -0.946239 0.194022 0.258819
vn -0.971238 0.199148 0.130526
vn -0.963732 0.065068 0.258819
vn -0.963732 0.065068 0.258819
vn -0.971238 0.199148 0.130526
vn -0.989193 0.066787 0.130526
vn -0.963732 0.065068 0.258819
vn -0.989193 0.066787 0.130526
vn -0.963732 -0.065068 0.258819
vn -0.963732 -0.065068 0.258819
vn -0.989193 0.066787 0.130526
vn -0.989193 -0.066787 0.130526
vn -0.963732 -0.065068 0.258819
vn -0.989193 -0.066787 0.130526
vn -0.946239 -0.194022 0.258819
vn -0.946239 -0.194022 0.258819
vn -0.989193 -0.066787 0.130526
vn -0.971238 -0.199148 0.130526
vn -0.921781 -0.062235 0.382683
vn -0.921781 0.062235 0.382683
vn -0.963732 0.065068 0.258819
vn -0.963732 0.065068 0.258819
vn -0.921781 0.062235 0.382683
vn -0.946239 0.194022 0.258819
vn -0.921781 -0.062235 0.382683
vn -0.963732 0.065068 0.258819
vn -0.963732 -0.065068 0.258819
vn -0.905050 -0.185576 0.382683
vn -0.921781 -0.062235 0.382683
vn -0.963732 -0.065068 0.258819
vn -0.905050 -0.185576 0.382683
vn -0.963732 -0.065068 0.258819
vn -0.946239 -0.194022 0.258819
vn 0.000000 0.000000 1.000000
vn 0.000000 0.000000 1.000000
vn 0.000000 0.000000 1.000000
vn 0.000000 0.000000 1.000000
vn 0.000000 0.000000 1.000000
vn 0.000000 0.000000 1.000000
vn 0.000000 0.000000 1.000000
vn 0.000000 0.000000 1.000000
vn 0.000000 0.000000 1.000000
vn 0.000000 0.000000 1.000000
vn 0.000000 0.000000 1.000000
vn 0.000000 0.000000 1.000000
vn 0.000000 0.000000 1.000000
vn 0.000000 0.000000 1.000000
vn 0.000000 0.000000 1.000000
vn 0.000000 0.000000 1.000000
vn 0.000000 0.000000 1.000000
vn 0.000000 0.000000 1.000000
vn 0.000000 0.000000 1.000000
vn 0.000000 0.000000 1.000000
vn 0.000000 0.000000 1.000000
vn 0.000000 0.000000 1.000000
vn 0.000000 0.000000 1.000000
vn 0.000000 0.000000 1.000000
vn 0.000000 0.000000 1.000000
vn 0.000000 0.000000 1.000000
vn 0.000000 0.000000 1.000000
vn 0.000000 0.000000 1.000000
vn 0.000000 0.000000 1.000000
vn 0.000000 0.000000 1.000000
vn 0.000000 0.000000 1.000000
vn 0.000000 0.000000 1.000000
vn 0.000000 0.000000 1.000000
vn 0.000000 0.000000 1.000000
vn 0.000000 0.000000 1.000000
vn 0.000000 0.000000 1.000000
vn 0.000000 0.000000 1.000000
vn 0.000000 0.000000 1.000000
vn 0.000000 0.000000 1.000000
vn 0.000000 0.000000 1.000000
vn 0.000000 0.000000 1.000000
vn 0.000000 0.000000 1.000000
vn 0.000000 0.000000 1.000000
vn 0.000000 0.000000 1.000000
vn 0.000000 0.000000 1.000000
vn 0.000000 0.000000 1.000000
vn 0.000000 0.000000 1.000000
vn 0.000000 0.000000 1.000000
vn 0.000000 0.000000 1.000000
vn 0.000000 0.000000 1.000000
vn 0.000000 0.000000 1.000000
vn 0.000000 0.000000 1.000000
vn 0.000000 0.000000 1.000000
vn 0.000000 0.000000 1.000000
vn 0.000000 0.000000 1.000000
vn 0.000000 0.000000 1.000000
vn 0.000000 0.000000 1.000000
vn 0.000000 0.000000 1.000000
vn 0.000000 0.000000 1.000000
vn 0.000000 0.000000 1.000000
vn 0.000000 0.000000 1.000000
vn 0.000000 0.000000 1.000000
vn 0.000000 0.000000 1.000000
vn 0.000000 0.000000 1.000000
vn 0.000000 0.000000 1.000000
vn 0.000000 0.000000 1.000000
vn -0.125479 0.353871 0.926839
vn -0.040392 0.313297 0.948796
vn 0.036356 0.274351 0.960942
vn 0.036356 0.274351 0.960942
vn -0.040392 0.313297 0.948796
vn 0.130196 0.223705 0.965922
vn 0.036356 0.274351 0.960942
vn 0.130196 0.223705 0.965922
vn 0.215136 0.174909 0.960793
vn 0.215136 0.174909 0.960793
vn 0.130196 0.223705 0.965922
vn 0.295890 0.125757 0.946908
vn 0.215136 0.174909 0.960793
vn 0.295890 0.125757 0.946908
vn 0.389870 0.064825 0.918585
vn 0.389870 0.064825 0.918585
vn 0.295890 0.125757 0.946908
vn 0.454629 0.020198 0.890452
vn 0.389870 0.064825 0.918585
vn 0.454629 0.020198 0.890452
vn 0.548865 -0.049360 0.834452
vn 0.548865 -0.049360 0.834452
vn 0.454629 0.020198 0.890452
vn 0.595243 -0.086034 0.798927
vn 0.548865 -0.049360 0.834452
vn 0.595243 -0.086034 0.798927
vn 0.680574 -0.159145 0.715187
vn 0.680574 -0.159145 0.715187
vn 0.595243 -0.086034 0.798927
vn 0.709321 -0.185938 0.679920
vn 0.680574 -0.159145 0.715187
vn 0.709321 -0.185938 0.679920
vn 0.780820 -0.259965 0.568100
vn 0.780820 -0.259965 0.568100
vn 0.709321 -0.185938 0.679920
vn 0.797060 -0.278952 0.535613
vn 0.780820 -0.259965 0.568100
vn 0.797060 -0.278952 0.535613
vn 0.850159 -0.352868 0.390786
vn 0.850159 -0.352868 0.390786
vn 0.797060 -0.278952 0.535613
vn 0.856449 -0.363920 0.366139
vn 0.850159 -0.352868 0.390786
vn 0.856449 -0.363920 0.366139
vn 0.881398 -0.430262 0.194968
vn 0.881398 -0.430262 0.194968
vn 0.856449 -0.363920 0.366139
vn 0.882045 -0.434597 0.181995
vn 0.881398 -0.430262 0.194968
vn 0.882045 -0.434597 0.181995
vn 0.873471 -0.486859 -0.004047
vn 0.873471 -0.486859 -0.004047
vn 0.882045 -0.434597 0.181995
vn 0.873471 -0.486859 -0.004047
vn 0.873471 -0.486859 -0.004047
vn 0.873471 -0.486859 -0.004047
vn 0.832215 -0.520905 -0.189937
vn -0.040392 0.313297 0.948796
vn -0.125479 0.353871 0.926839
vn -0.214313 0.393229 0.894115
vn -0.214313 0.393229 0.894115
vn -0.125479 0.353871 0.926839
vn -0.285018 0.422238 0.860512
vn -0.214313 0.393229 0.894115
vn -0.285018 0.422238 0.860512
vn -0.379657 0.457549 0.804058
vn -0.379657 0.457549 0.804058
vn -0.285018 0.422238 0.860512
vn -0.433208 0.475542 0.765631
vn -0.379657 0.457549 0.804058
vn -0.433208 0.475542 0.765631
vn -0.525858 0.502684 0.686136
vn -0.525858 0.502684 0.686136
vn -0.433208 0.475542 0.765631
vn -0.562626 0.511813 0.649230
vn -0.525858 0.502684 0.686136
vn -0.562626 0.511813 0.649230
vn -0.652396 0.529054 0.542661
vn -0.652396 0.529054 0.542661
vn -0.562626 0.511813 0.649230
vn -0.676461 0.532155 0.509129
vn -0.652396 0.529054 0.542661
vn -0.676461 0.532155 0.509129
vn -0.757257 0.535585 0.373779
vn -0.757257 0.535585 0.373779
vn -0.676461 0.532155 0.509129
vn -0.769638 0.534803 0.348774
vn -0.757257 0.535585 0.373779
vn -0.769638 0.534803 0.348774
vn -0.832201 0.520911 0.189982
vn -0.832201 0.520911 0.189982
vn -0.769638 0.534803 0.348774
vn -0.836193 0.519121 0.176904
vn -0.832201 0.520911 0.189982
vn -0.836193 0.519121 0.176904
vn -0.873471 0.486859 0.004047
vn -0.873471 0.486859 0.004047
vn -0.836193 0.519121 0.176904
vn -0.873471 0.486859 0.004047
vn -0.873471 0.486859 0.004047
vn -0.873471 0.486859 0.004047
vn -0.882527 0.438867 -0.168943
vn -0.873471 0.486859 0.004047
vn -0.882527 0.438867 -0.168943
vn -0.882043 0.434584 -0.182037
vn -0.882043 0.434584 -0.182037
vn -0.882527 0.438867 -0.168943
vn -0.862078 0.374689 -0.341218
vn -0.882043 0.434584 -0.182037
vn -0.862078 0.374689 -0.341218
vn -0.856411 0.363851 -0.366296
vn -0.856411 0.363851 -0.366296
vn -0.862078 0.374689 -0.341218
vn -0.811955 0.297464 -0.502239
vn -0.856411 0.363851 -0.366296
vn -0.811955 0.297464 -0.502239
vn -0.796906 0.278767 -0.535938
vn -0.796906 0.278767 -0.535938
vn -0.811955 0.297464 -0.502239
vn -0.735780 0.211898 -0.643216
vn -0.796906 0.278767 -0.535938
vn -0.735780 0.211898 -0.643216
vn -0.708942 0.185575 -0.680414
vn -0.708942 0.185575 -0.680414
vn -0.735780 0.211898 -0.643216
vn -0.637690 0.121359 -0.760673
vn -0.708942 0.185575 -0.680414
vn -0.637690 0.121359 -0.760673
vn -0.594505 0.085436 -0.799540
vn -0.594505 0.085436 -0.799540
vn -0.637690 0.121359 -0.760673
vn -0.515090 0.023729 -0.856808
vn -0.594505 0.085436 -0.799540
vn -0.515090 0.023729 -0.856808
vn -0.453482 -0.021009 -0.891018
vn -0.453482 -0.021009 -0.891018
vn -0.515090 0.023729 -0.856808
vn -0.373513 -0.075741 -0.924528
vn -0.453482 -0.021009 -0.891018
vn -0.373513 -0.075741 -0.924528
vn -0.294416 -0.126679 -0.947244
vn -0.294416 -0.126679 -0.947244
vn -0.373513 -0.075741 -0.924528
vn -0.221013 -0.171426 -0.960087
vn -0.294416 -0.126679 -0.947244
vn -0.221013 -0.171426 -0.960087
vn -0.128623 -0.224582 -0.965929
vn -0.128623 -0.224582 -0.965929
vn -0.221013 -0.171426 -0.960087
vn -0.042415 -0.271182 -0.961593
vn -0.128623 -0.224582 -0.965929
vn -0.042415 -0.271182 -0.961593
vn 0.041957 -0.314067 -0.948473
vn 0.041957 -0.314067 -0.948473
vn -0.042415 -0.271182 -0.961593
vn 0.143410 -0.362067 -0.921054
vn 0.041957 -0.314067 -0.948473
vn 0.143410 -0.362067 -0.921054
vn 0.215617 -0.393783 -0.893557
vn 0.215617 -0.393783 -0.893557
vn 0.143410 -0.362067 -0.921054
vn 0.324739 -0.437572 -0.838496
vn 0.215617 -0.393783 -0.893557
vn 0.324739 -0.437572 -0.838496
vn 0.380565 -0.457866 -0.803448
vn 0.380565 -0.457866 -0.803448
vn 0.324739 -0.437572 -0.838496
vn 0.488218 -0.492321 -0.720599
vn 0.380565 -0.457866 -0.803448
vn 0.488218 -0.492321 -0.720599
vn 0.526370 -0.502818 -0.685645
vn 0.526370 -0.502818 -0.685645
vn 0.488218 -0.492321 -0.720599
vn 0.627729 -0.525137 -0.574619
vn 0.526370 -0.502818 -0.685645
vn 0.627729 -0.525137 -0.574619
vn 0.652643 -0.529090 -0.542329
vn 0.652643 -0.529090 -0.542329
vn 0.627729 -0.525137 -0.574619
vn 0.744462 -0.535947 -0.398168
vn 0.652643 -0.529090 -0.542329
vn 0.744462 -0.535947 -0.398168
vn 0.757340 -0.535581 -0.373615
vn 0.757340 -0.535581 -0.373615
vn 0.744462 -0.535947 -0.398168
vn 0.828096 -0.522584 -0.202886
vn 0.757340 -0.535581 -0.373615
vn 0.828096 -0.522584 -0.202886
vn 0.832215 -0.520905 -0.189937
vn 0.832215 -0.520905 -0.189937
vn 0.828096 -0.522584 -0.202886
vn 0.873471 -0.486859 -0.004047
vn 0.961516 -0.266457 -0.066987
vn 0.961516 -0.266457 -0.066987
vn 0.961516 -0.266457 -0.066987
vn 0.961516 -0.266457 -0.066987
vn 0.961516 -0.266457 -0.066987
vn 0.961516 -0.266457 -0.066987
vn 0.176030 0.984385 0.000000
vn 0.310397 0.950607 0.000000
vn 0.255041 0.959382 -0.120584
vn 0.255041 0.959382 -0.120584
vn 0.310397 0.950607 0.000000
vn 0.338943 0.931980 -0.128571
vn 0.255041 0.959382 -0.120584
vn 0.338943 0.931980 -0.128571
vn 0.251799 0.953767 -0.164093
vn 0.251799 0.953767 -0.164093
vn 0.338943 0.931980 -0.128571
vn 0.247570 0.946442 -0.207261
vn 0.247570 0.946442 -0.207261
vn 0.338943 0.931980 -0.128571
vn 0.365792 0.894623 -0.256605
vn 0.247570 0.946442 -0.207261
vn 0.365792 0.894623 -0.256605
vn 0.242362 0.937422 -0.250000
vn 0.310397 0.950607 0.000000
vn 0.438806 0.898582 0.000000
vn 0.338943 0.931980 -0.128571
vn 0.338943 0.931980 -0.128571
vn 0.438806 0.898582 0.000000
vn 0.495722 0.858617 -0.130526
vn 0.338943 0.931980 -0.128571
vn 0.495722 0.858617 -0.130526
vn 0.365792 0.894623 -0.256605
vn 0.365792 0.894623 -0.256605
vn 0.495722 0.858617 -0.130526
vn 0.482963 0.836516 -0.258819
vn 0.482963 0.836516 -0.258819
vn 0.495722 0.858617 -0.130526
vn 0.591870 0.764097 -0.256605
vn 0.591870 0.764097 -0.256605
vn 0.495722 0.858617 -0.130526
vn 0.637647 0.759523 -0.128571
vn 0.591870 0.764097 -0.256605
vn 0.637647 0.759523 -0.128571
vn 0.695858 0.687623 -0.207261
vn 0.695858 0.687623 -0.207261
vn 0.637647 0.759523 -0.128571
vn 0.700087 0.694948 -0.164093
vn 0.700087 0.694948 -0.164093
vn 0.637647 0.759523 -0.128571
vn 0.703329 0.700563 -0.120584
vn 0.703329 0.700563 -0.120584
vn 0.637647 0.759523 -0.128571
vn 0.668051 0.744115 0.000000
vn 0.703329 0.700563 -0.120584
vn 0.668051 0.744115 0.000000
vn 0.764487 0.644639 0.000000
vn 0.438806 0.898582 0.000000
vn 0.558792 0.829308 0.000000
vn 0.495722 0.858617 -0.130526
vn 0.495722 0.858617 -0.130526
vn 0.558792 0.829308 0.000000
vn 0.637647 0.759523 -0.128571
vn 0.558792 0.829308 0.000000
vn 0.668051 0.744115 0.000000
vn 0.637647 0.759523 -0.128571
vn 0.695858 0.687623 -0.207261
vn 0.690650 0.678603 -0.250000
vn 0.591870 0.764097 -0.256605
vn -0.758279 -0.651930 0.000000
vn -0.663765 -0.747941 0.000000
vn -0.704399 -0.702417 0.102138
vn -0.704399 -0.702417 0.102138
vn -0.663765 -0.747941 0.000000
vn -0.659574 -0.740683 0.127866
vn -0.704399 -0.702417 0.102138
vn -0.659574 -0.740683 0.127866
vn -0.701099 -0.696701 0.151880
vn -0.701099 -0.696701 0.151880
vn -0.659574 -0.740683 0.127866
vn -0.696512 -0.688756 0.201211
vn -0.696512 -0.688756 0.201211
vn -0.659574 -0.740683 0.127866
vn -0.690650 -0.678603 0.250000
vn -0.690650 -0.678603 0.250000
vn -0.659574 -0.740683 0.127866
vn -0.591870 -0.764097 0.256605
vn -0.591870 -0.764097 0.256605
vn -0.659574 -0.740683 0.127866
vn -0.552935 -0.822985 0.130230
vn -0.591870 -0.764097 0.256605
vn -0.552935 -0.822985 0.130230
vn -0.482963 -0.836516 0.258819
vn -0.482963 -0.836516 0.258819
vn -0.552935 -0.822985 0.130230
vn -0.436258 -0.890348 0.130230
vn -0.482963 -0.836516 0.258819
vn -0.436258 -0.890348 0.130230
vn -0.365792 -0.894623 0.256605
vn -0.365792 -0.894623 0.256605
vn -0.436258 -0.890348 0.130230
vn -0.311663 -0.941550 0.127866
vn -0.365792 -0.894623 0.256605
vn -0.311663 -0.941550 0.127866
vn -0.248224 -0.947575 0.201211
vn -0.248224 -0.947575 0.201211
vn -0.311663 -0.941550 0.127866
vn -0.252811 -0.955520 0.151880
vn -0.252811 -0.955520 0.151880
vn -0.311663 -0.941550 0.127866
vn -0.256111 -0.961236 0.102138
vn -0.256111 -0.961236 0.102138
vn -0.311663 -0.941550 0.127866
vn -0.315854 -0.948808 0.000000
vn -0.256111 -0.961236 0.102138
vn -0.315854 -0.948808 0.000000
vn -0.185448 -0.982654 0.000000
vn -0.663765 -0.747941 0.000000
vn -0.557202 -0.830377 0.000000
vn -0.659574 -0.740683 0.127866
vn -0.659574 -0.740683 0.127866
vn -0.557202 -0.830377 0.000000
vn -0.552935 -0.822985 0.130230
vn -0.557202 -0.830377 0.000000
vn -0.440526 -0.897740 0.000000
vn -0.552935 -0.822985 0.130230
vn -0.552935 -0.822985 0.130230
vn -0.440526 -0.897740 0.000000
vn -0.436258 -0.890348 0.130230
vn -0.440526 -0.897740 0.000000
vn -0.315854 -0.948808 0.000000
vn -0.436258 -0.890348 0.130230
vn -0.436258 -0.890348 0.130230
vn -0.315854 -0.948808 0.000000
vn -0.311663 -0.941550 0.127866
vn -0.248224 -0.947575 0.201211
vn -0.242362 -0.937422 0.250000
vn -0.365792 -0.894623 0.256605
vn 0.000000 0.000000 1.000000
vn 0.000000 0.000000 1.000000
vn 0.000000 0.000000 1.000000
vn 0.000000 0.000000 1.000000
vn 0.000000 0.000000 1.000000
vn 0.000000 0.000000 1.000000
vn 0.000000 0.000000 1.000000
vn 0.000000 0.000000 1.000000
vn 0.000000 0.000000 1.000000
vn 0.000000 0.000000 1.000000
vn 0.000000 0.000000 1.000000
vn 0.000000 0.000000 1.000000
vn 0.000000 0.000000 1.000000
vn 0.000000 0.000000 1.000000
vn 0.000000 0.000000 1.000000
vn 0.000000 0.000000 1.000000
vn 0.000000 0.000000 1.000000
vn 0.000000 0.000000 1.000000
vn 0.000000 0.000000 1.000000
vn 0.000000 0.000000 1.000000
vn 0.000000 0.000000 1.000000
vn 0.000000 0.000000 1.000000
vn 0.000000 0.000000 1.000000
vn 0.000000 0.000000 1.000000
vn 0.000000 0.000000 1.000000
vn 0.000000 0.000000 1.000000
vn 0.000000 0.000000 1.000000
vn 0.000000 0.000000 1.000000
vn 0.000000 0.000000 1.000000
vn 0.000000 0.000000 1.000000
vn 0.000000 0.000000 1.000000
vn 0.000000 0.000000 1.000000
vn 0.000000 0.000000 1.000000
vn 0.000000 0.000000 1.000000
vn 0.000000 0.000000 1.000000
vn 0.000000 0.000000 1.000000
vn 0.000000 0.000000 1.000000
vn 0.000000 0.000000 1.000000
vn 0.000000 0.000000 1.000000
vn 0.000000 0.000000 1.000000
vn 0.000000 0.000000 1.000000
vn 0.000000 0.000000 1.000000
vn -0.613773 0.351245 0.707043
vn -0.502088 0.509955 0.698465
vn -0.484890 0.530701 0.695153
vn -0.484890 0.530701 0.695153
vn -0.502088 0.509955 0.698465
vn -0.367943 0.652656 0.662313
vn -0.484890 0.530701 0.695153
vn -0.367943 0.652656 0.662313
vn -0.368672 0.651986 0.662567
vn -0.368672 0.651986 0.662567
vn -0.367943 0.652656 0.662313
vn -0.241655 0.754186 0.610579
vn -0.241655 0.754186 0.610579
vn -0.367943 0.652656 0.662313
vn -0.219220 0.769458 0.599898
vn -0.241655 0.754186 0.610579
vn -0.219220 0.769458 0.599898
vn -0.110354 0.832899 0.542311
vn -0.110354 0.832899 0.542311
vn -0.219220 0.769458 0.599898
vn -0.066422 0.853713 0.516490
vn -0.110354 0.832899 0.542311
vn -0.066422 0.853713 0.516490
vn 0.020997 0.887230 0.460849
vn 0.020997 0.887230 0.460849
vn -0.066422 0.853713 0.516490
vn 0.088760 0.906014 0.413837
vn 0.020997 0.887230 0.460849
vn 0.088760 0.906014 0.413837
vn 0.155972 0.918326 0.363799
vn 0.155972 0.918326 0.363799
vn 0.088760 0.906014 0.413837
vn 0.245061 0.924491 0.291997
vn 0.155972 0.918326 0.363799
vn 0.245061 0.924491 0.291997
vn 0.288185 0.923040 0.254847
vn 0.288185 0.923040 0.254847
vn 0.245061 0.924491 0.291997
vn 0.391725 0.906324 0.158517
vn 0.288185 0.923040 0.254847
vn 0.391725 0.906324 0.158517
vn 0.411252 0.900846 0.139096
vn 0.411252 0.900846 0.139096
vn 0.391725 0.906324 0.158517
vn 0.519422 0.854215 0.022725
vn 0.411252 0.900846 0.139096
vn 0.519422 0.854215 0.022725
vn 0.519422 0.854215 0.022725
vn 0.519422 0.854215 0.022725
vn 0.519422 0.854215 0.022725
vn 0.613352 0.784164 -0.094269
vn 0.613352 0.784164 -0.094269
vn 0.519422 0.854215 0.022725
vn 0.627658 0.770109 -0.113914
vn 0.613352 0.784164 -0.094269
vn 0.627658 0.770109 -0.113914
vn 0.692438 0.689644 -0.211944
vn 0.692438 0.689644 -0.211944
vn 0.627658 0.770109 -0.113914
vn 0.714453 0.653494 -0.250007
vn 0.692438 0.689644 -0.211944
vn 0.714453 0.653494 -0.250007
vn 0.751699 0.574383 -0.324087
vn 0.751699 0.574383 -0.324087
vn 0.714453 0.653494 -0.250007
vn 0.772895 0.511039 -0.376128
vn 0.751699 0.574383 -0.324087
vn 0.772895 0.511039 -0.376128
vn 0.788538 0.444090 -0.425431
vn 0.788538 0.444090 -0.425431
vn 0.772895 0.511039 -0.376128
vn 0.800357 0.353280 -0.484378
vn 0.788538 0.444090 -0.425431
vn 0.800357 0.353280 -0.484378
vn 0.802722 0.305734 -0.512019
vn 0.802722 0.305734 -0.512019
vn 0.800357 0.353280 -0.484378
vn 0.797908 0.182235 -0.574572
vn 0.802722 0.305734 -0.512019
vn 0.797908 0.182235 -0.574572
vn 0.794935 0.155710 -0.586372
vn 0.794935 0.155710 -0.586372
vn 0.797908 0.182235 -0.574572
vn 0.764206 -0.000975 -0.644972
vn 0.794935 0.155710 -0.586372
vn 0.764206 -0.000975 -0.644972
vn 0.763950 -0.001933 -0.645273
vn 0.763950 -0.001933 -0.645273
vn 0.764206 -0.000975 -0.644972
vn 0.710598 -0.159514 -0.685278
vn 0.710598 -0.159514 -0.685278
vn 0.764206 -0.000975 -0.644972
vn 0.700186 -0.184172 -0.689797
vn 0.710598 -0.159514 -0.685278
vn 0.700186 -0.184172 -0.689797
vn 0.610968 -0.355859 -0.707166
vn 0.610968 -0.355859 -0.707166
vn 0.700186 -0.184172 -0.689797
vn 0.611409 -0.355136 -0.707148
vn 0.610968 -0.355859 -0.707166
vn 0.611409 -0.355136 -0.707148
vn 0.499798 -0.512766 -0.698050
vn -0.712621 0.154560 0.684312
vn -0.701617 0.180862 0.689219
vn -0.613773 0.351245 0.707043
vn -0.613773 0.351245 0.707043
vn -0.701617 0.180862 0.689219
vn -0.613334 0.351969 0.707063
vn -0.613773 0.351245 0.707043
vn -0.613334 0.351969 0.707063
vn -0.502088 0.509955 0.698465
vn -0.701617 0.180862 0.689219
vn -0.712621 0.154560 0.684312
vn -0.764976 -0.001928 0.644056
vn -0.764976 -0.001928 0.644056
vn -0.712621 0.154560 0.684312
vn -0.777755 -0.055109 0.626147
vn -0.764976 -0.001928 0.644056
vn -0.777755 -0.055109 0.626147
vn -0.798118 -0.184369 0.573599
vn -0.798118 -0.184369 0.573599
vn -0.777755 -0.055109 0.626147
vn -0.802722 -0.259937 0.536721
vn -0.798118 -0.184369 0.573599
vn -0.802722 -0.259937 0.536721
vn -0.800259 -0.354550 0.483611
vn -0.800259 -0.354550 0.483611
vn -0.802722 -0.259937 0.536721
vn -0.788213 -0.445821 0.424222
vn -0.800259 -0.354550 0.483611
vn -0.788213 -0.445821 0.424222
vn -0.772707 -0.511703 0.375612
vn -0.772707 -0.511703 0.375612
vn -0.788213 -0.445821 0.424222
vn -0.733943 -0.615668 0.286846
vn -0.772707 -0.511703 0.375612
vn -0.733943 -0.615668 0.286846
vn -0.714311 -0.653746 0.249752
vn -0.714311 -0.653746 0.249752
vn -0.733943 -0.615668 0.286846
vn -0.641406 -0.755519 0.133377
vn -0.714311 -0.653746 0.249752
vn -0.641406 -0.755519 0.133377
vn -0.627609 -0.770160 0.113845
vn -0.627609 -0.770160 0.113845
vn -0.641406 -0.755519 0.133377
vn -0.519422 -0.854215 -0.022725
vn -0.627609 -0.770160 0.113845
vn -0.519422 -0.854215 -0.022725
vn -0.519422 -0.854215 -0.022725
vn -0.519422 -0.854215 -0.022725
vn -0.519422 -0.854215 -0.022725
vn -0.391792 -0.906307 -0.158451
vn -0.391792 -0.906307 -0.158451
vn -0.519422 -0.854215 -0.022725
vn -0.371993 -0.911065 -0.177714
vn -0.391792 -0.906307 -0.158451
vn -0.371993 -0.911065 -0.177714
vn -0.245349 -0.924491 -0.291753
vn -0.245349 -0.924491 -0.291753
vn -0.371993 -0.911065 -0.177714
vn -0.201662 -0.922981 -0.327779
vn -0.245349 -0.924491 -0.291753
vn -0.201662 -0.922981 -0.327779
vn -0.089439 -0.906170 -0.413349
vn -0.089439 -0.906170 -0.413349
vn -0.201662 -0.922981 -0.327779
vn -0.022712 -0.887783 -0.459701
vn -0.089439 -0.906170 -0.413349
vn -0.022712 -0.887783 -0.459701
vn 0.065232 -0.854240 -0.515771
vn 0.065232 -0.854240 -0.515771
vn -0.022712 -0.887783 -0.459701
vn 0.151578 -0.810902 -0.565210
vn 0.065232 -0.854240 -0.515771
vn 0.151578 -0.810902 -0.565210
vn 0.217409 -0.770657 -0.599017
vn 0.217409 -0.770657 -0.599017
vn 0.151578 -0.810902 -0.565210
vn 0.323957 -0.691183 -0.646001
vn 0.217409 -0.770657 -0.599017
vn 0.323957 -0.691183 -0.646001
vn 0.365706 -0.654703 -0.661531
vn 0.365706 -0.654703 -0.661531
vn 0.323957 -0.691183 -0.646001
vn 0.481403 -0.534810 -0.694428
vn 0.365706 -0.654703 -0.661531
vn 0.481403 -0.534810 -0.694428
vn 0.499798 -0.512766 -0.698050
vn 0.499798 -0.512766 -0.698050
vn 0.481403 -0.534810 -0.694428
vn 0.610968 -0.355859 -0.707166
vn 0.324469 0.928023 -0.183013
vn 0.324469 0.928023 -0.183013
vn 0.324469 0.928023 -0.183013
vn 0.324469 0.928023 -0.183013
vn 0.324469 0.928023 -0.183013
vn 0.324469 0.928023 -0.183013
vn -0.984385 0.176030 0.000000
vn -0.950607 0.310397 0.000000
vn -0.959834 0.255302 -0.116361
vn -0.959834 0.255302 -0.116361
vn -0.950607 0.310397 0.000000
vn -0.922887 0.333693 -0.192167
vn -0.959834 0.255302 -0.116361
vn -0.922887 0.333693 -0.192167
vn -0.931729 0.239076 -0.273355
vn -0.931729 0.239076 -0.273355
vn -0.922887 0.333693 -0.192167
vn -0.874344 0.305666 -0.376950
vn -0.931729 0.239076 -0.273355
vn -0.874344 0.305666 -0.376950
vn -0.881525 0.210090 -0.422820
vn -0.881525 0.210090 -0.422820
vn -0.874344 0.305666 -0.376950
vn -0.795513 0.260154 -0.547246
vn -0.881525 0.210090 -0.422820
vn -0.795513 0.260154 -0.547246
vn -0.810602 0.169143 -0.560638
vn -0.810602 0.169143 -0.560638
vn -0.795513 0.260154 -0.547246
vn -0.720916 0.117362 -0.683013
vn -0.720916 0.117362 -0.683013
vn -0.795513 0.260154 -0.547246
vn -0.672397 0.237490 -0.701057
vn -0.672397 0.237490 -0.701057
vn -0.795513 0.260154 -0.547246
vn -0.720074 0.415735 -0.555570
vn -0.672397 0.237490 -0.701057
vn -0.720074 0.415735 -0.555570
vn -0.612372 0.353553 -0.707107
vn -0.612372 0.353553 -0.707107
vn -0.720074 0.415735 -0.555570
vn -0.541870 0.463568 -0.701057
vn -0.541870 0.463568 -0.701057
vn -0.720074 0.415735 -0.555570
vn -0.623057 0.558858 -0.547246
vn -0.541870 0.463568 -0.701057
vn -0.623057 0.558858 -0.547246
vn -0.551783 0.617431 -0.560638
vn -0.551783 0.617431 -0.560638
vn -0.623057 0.558858 -0.547246
vn -0.622706 0.658378 -0.422820
vn -0.622706 0.658378 -0.422820
vn -0.623057 0.558858 -0.547246
vn -0.701887 0.604371 -0.376950
vn -0.622706 0.658378 -0.422820
vn -0.701887 0.604371 -0.376950
vn -0.672910 0.687364 -0.273355
vn -0.672910 0.687364 -0.273355
vn -0.701887 0.604371 -0.376950
vn -0.750430 0.632397 -0.192167
vn -0.672910 0.687364 -0.273355
vn -0.750430 0.632397 -0.192167
vn -0.701015 0.703590 -0.116361
vn -0.701015 0.703590 -0.116361
vn -0.750430 0.632397 -0.192167
vn -0.744115 0.668051 0.000000
vn -0.701015 0.703590 -0.116361
vn -0.744115 0.668051 0.000000
vn -0.644639 0.764487 0.000000
vn -0.950607 0.310397 0.000000
vn -0.898582 0.438806 0.000000
vn -0.922887 0.333693 -0.192167
vn -0.922887 0.333693 -0.192167
vn -0.898582 0.438806 0.000000
vn -0.849385 0.490393 -0.195090
vn -0.922887 0.333693 -0.192167
vn -0.849385 0.490393 -0.195090
vn -0.874344 0.305666 -0.376950
vn -0.874344 0.305666 -0.376950
vn -0.849385 0.490393 -0.195090
vn -0.800103 0.461940 -0.382683
vn -0.874344 0.305666 -0.376950
vn -0.800103 0.461940 -0.382683
vn -0.795513 0.260154 -0.547246
vn -0.795513 0.260154 -0.547246
vn -0.800103 0.461940 -0.382683
vn -0.720074 0.415735 -0.555570
vn -0.898582 0.438806 0.000000
vn -0.829308 0.558792 0.000000
vn -0.849385 0.490393 -0.195090
vn -0.849385 0.490393 -0.195090
vn -0.829308 0.558792 0.000000
vn -0.750430 0.632397 -0.192167
vn -0.849385 0.490393 -0.195090
vn -0.750430 0.632397 -0.192167
vn -0.800103 0.461940 -0.382683
vn -0.800103 0.461940 -0.382683
vn -0.750430 0.632397 -0.192167
vn -0.701887 0.604371 -0.376950
vn -0.800103 0.461940 -0.382683
vn -0.701887 0.604371 -0.376950
vn -0.720074 0.415735 -0.555570
vn -0.720074 0.415735 -0.555570
vn -0.701887 0.604371 -0.376950
vn -0.623057 0.558858 -0.547246
vn -0.829308 0.558792 0.000000
vn -0.744115 0.668051 0.000000
vn -0.750430 0.632397 -0.192167
vn -0.551783 0.617431 -0.560638
vn -0.462097 0.565650 -0.683013
vn -0.541870 0.463568 -0.701057
vn 0.651930 -0.758279 0.000000
vn 0.747941 -0.663765 0.000000
vn 0.702693 -0.704559 0.099092
vn 0.702693 -0.704559 0.099092
vn 0.747941 -0.663765 0.000000
vn 0.737497 -0.657734 0.153246
vn 0.702693 -0.704559 0.099092
vn 0.737497 -0.657734 0.153246
vn 0.676031 -0.689165 0.260830
vn 0.676031 -0.689165 0.260830
vn 0.737497 -0.657734 0.153246
vn 0.706419 -0.639792 0.302719
vn 0.676031 -0.689165 0.260830
vn 0.706419 -0.639792 0.302719
vn 0.625969 -0.660262 0.414991
vn 0.625969 -0.660262 0.414991
vn 0.706419 -0.639792 0.302719
vn 0.655474 -0.610379 0.444738
vn 0.625969 -0.660262 0.414991
vn 0.655474 -0.610379 0.444738
vn 0.553960 -0.618687 0.557095
vn 0.553960 -0.618687 0.557095
vn 0.655474 -0.610379 0.444738
vn 0.585916 -0.570220 0.575805
vn 0.553960 -0.618687 0.557095
vn 0.585916 -0.570220 0.575805
vn 0.462097 -0.565650 0.683013
vn 0.462097 -0.565650 0.683013
vn 0.585916 -0.570220 0.575805
vn 0.541870 -0.463568 0.701057
vn 0.541870 -0.463568 0.701057
vn 0.585916 -0.570220 0.575805
vn 0.665356 -0.461928 0.586450
vn 0.541870 -0.463568 0.701057
vn 0.665356 -0.461928 0.586450
vn 0.612372 -0.353553 0.707107
vn 0.612372 -0.353553 0.707107
vn 0.665356 -0.461928 0.586450
vn 0.732719 -0.345252 0.586450
vn 0.612372 -0.353553 0.707107
vn 0.732719 -0.345252 0.586450
vn 0.672397 -0.237490 0.701057
vn 0.672397 -0.237490 0.701057
vn 0.732719 -0.345252 0.586450
vn 0.786783 -0.222309 0.575805
vn 0.672397 -0.237490 0.701057
vn 0.786783 -0.222309 0.575805
vn 0.720916 -0.117362 0.683013
vn 0.720916 -0.117362 0.683013
vn 0.786783 -0.222309 0.575805
vn 0.812779 -0.170400 0.557095
vn 0.812779 -0.170400 0.557095
vn 0.786783 -0.222309 0.575805
vn 0.856340 -0.262468 0.444738
vn 0.812779 -0.170400 0.557095
vn 0.856340 -0.262468 0.444738
vn 0.884788 -0.211974 0.414991
vn 0.884788 -0.211974 0.414991
vn 0.856340 -0.262468 0.444738
vn 0.907285 -0.291881 0.302719
vn 0.884788 -0.211974 0.414991
vn 0.907285 -0.291881 0.302719
vn 0.934851 -0.240878 0.260830
vn 0.934851 -0.240878 0.260830
vn 0.907285 -0.291881 0.302719
vn 0.938363 -0.309823 0.153246
vn 0.934851 -0.240878 0.260830
vn 0.938363 -0.309823 0.153246
vn 0.961512 -0.256271 0.099092
vn 0.961512 -0.256271 0.099092
vn 0.938363 -0.309823 0.153246
vn 0.948808 -0.315854 0.000000
vn 0.961512 -0.256271 0.099092
vn 0.948808 -0.315854 0.000000
vn 0.982654 -0.185448 0.000000
vn 0.747941 -0.663765 0.000000
vn 0.830377 -0.557202 0.000000
vn 0.737497 -0.657734 0.153246
vn 0.737497 -0.657734 0.153246
vn 0.830377 -0.557202 0.000000
vn 0.819739 -0.551061 0.156079
vn 0.737497 -0.657734 0.153246
vn 0.819739 -0.551061 0.156079
vn 0.706419 -0.639792 0.302719
vn 0.706419 -0.639792 0.302719
vn 0.819739 -0.551061 0.156079
vn 0.788087 -0.532786 0.308315
vn 0.706419 -0.639792 0.302719
vn 0.788087 -0.532786 0.308315
vn 0.655474 -0.610379 0.444738
vn 0.655474 -0.610379 0.444738
vn 0.788087 -0.532786 0.308315
vn 0.736200 -0.502829 0.452959
vn 0.655474 -0.610379 0.444738
vn 0.736200 -0.502829 0.452959
vn 0.585916 -0.570220 0.575805
vn 0.585916 -0.570220 0.575805
vn 0.736200 -0.502829 0.452959
vn 0.665356 -0.461928 0.586450
vn 0.830377 -0.557202 0.000000
vn 0.897740 -0.440526 0.000000
vn 0.819739 -0.551061 0.156079
vn 0.819739 -0.551061 0.156079
vn 0.897740 -0.440526 0.000000
vn 0.887102 -0.434384 0.156079
vn 0.819739 -0.551061 0.156079
vn 0.887102 -0.434384 0.156079
vn 0.788087 -0.532786 0.308315
vn 0.788087 -0.532786 0.308315
vn 0.887102 -0.434384 0.156079
vn 0.855450 -0.416110 0.308315
vn 0.788087 -0.532786 0.308315
vn 0.855450 -0.416110 0.308315
vn 0.736200 -0.502829 0.452959
vn 0.736200 -0.502829 0.452959
vn 0.855450 -0.416110 0.308315
vn 0.803563 -0.386153 0.452959
vn 0.736200 -0.502829 0.452959
vn 0.803563 -0.386153 0.452959
vn 0.665356 -0.461928 0.586450
vn 0.665356 -0.461928 0.586450
vn 0.803563 -0.386153 0.452959
vn 0.732719 -0.345252 0.586450
vn 0.897740 -0.440526 0.000000
vn 0.948808 -0.315854 0.000000
vn 0.887102 -0.434384 0.156079
vn 0.887102 -0.434384 0.156079
vn 0.948808 -0.315854 0.000000
vn 0.938363 -0.309823 0.153246
vn 0.887102 -0.434384 0.156079
vn 0.938363 -0.309823 0.153246
vn 0.855450 -0.416110 0.308315
vn 0.855450 -0.416110 0.308315
vn 0.938363 -0.309823 0.153246
vn 0.907285 -0.291881 0.302719
vn 0.855450 -0.416110 0.308315
vn 0.907285 -0.291881 0.302719
vn 0.803563 -0.386153 0.452959
vn 0.803563 -0.386153 0.452959
vn 0.907285 -0.291881 0.302719
vn 0.856340 -0.262468 0.444738
vn 0.803563 -0.386153 0.452959
vn 0.856340 -0.262468 0.444738
vn 0.732719 -0.345252 0.586450
vn 0.732719 -0.345252 0.586450
vn 0.856340 -0.262468 0.444738
vn 0.786783 -0.222309 0.575805
vn 0.000000 0.000000 1.000000
vn 0.000000 0.000000 1.000000
vn 0.000000 0.000000 1.000000
vn 0.000000 0.000000 1.000000
vn 0.000000 0.000000 1.000000
vn 0.000000 0.000000 1.000000
vn 0.000000 0.000000 1.000000
vn 0.000000 0.000000 1.000000
vn 0.000000 0.000000 1.000000
vn 0.000000 0.000000 1.000000
vn 0.000000 0.000000 1.000000
vn 0.000000 0.000000 1.000000
vn 0.000000 0.000000 1.000000
vn 0.000000 0.000000 1.000000
vn 0.000000 0.000000 1.000000
vn 0.000000 0.000000 1.000000
vn 0.000000 0.000000 1.000000
vn 0.000000 0.000000 1.000000
vn 0.000000 0.000000 1.000000
vn 0.000000 0.000000 1.000000
vn 0.000000 0.000000 1.000000
vn 0.000000 0.000000 1.000000
vn 0.000000 0.000000 1.000000
vn 0.000000 0.000000 1.000000
vn 0.000000 0.000000 1.000000
vn 0.000000 0.000000 1.000000
vn 0.000000 0.000000 1.000000
vn 0.000000 0.000000 1.000000
vn 0.000000 0.000000 1.000000
vn 0.000000 0.000000 1.000000
vn 0.000000 0.000000 1.000000
vn 0.000000 0.000000 1.000000
vn 0.000000 0.000000 1.000000
vn 0.000000 0.000000 1.000000
vn 0.000000 0.000000 1.000000
vn 0.000000 0.000000 1.000000
vn 0.000000 0.000000 1.000000
vn 0.000000 0.000000 1.000000
vn 0.000000 0.000000 1.000000
vn 0.000000 0.000000 1.000000
vn 0.000000 0.000000 1.000000
vn 0.000000 0.000000 1.000000
vn 0.000000 0.000000 1.000000
vn 0.000000 0.000000 1.000000
vn 0.000000 0.000000 1.000000
vn 0.000000 0.000000 1.000000
vn 0.000000 0.000000 1.000000
vn 0.000000 0.000000 1.000000
vn 0.000000 0.000000 1.000000
vn 0.000000 0.000000 1.000000
vn 0.000000 0.000000 1.000000
vn 0.000000 0.000000 1.000000
vn 0.000000 0.000000 1.000000
vn 0.000000 0.000000 1.000000
vn 0.000000 0.000000 1.000000
vn 0.000000 0.000000 1.000000
vn 0.000000 0.000000 1.000000
vn 0.000000 0.000000 1.000000
vn 0.000000 0.000000 1.000000
vn 0.000000 0.000000 1.000000
vn -0.192483 -0.956150 0.220745
vn 0.000000 -0.974370 0.224951
vn 0.000000 -0.974370 0.224951
vn 0.000000 -0.974370 0.224951
vn 0.000000 -0.974370 0.224951
vn 0.192483 -0.956150 0.220745
vn 0.000000 -0.974370 0.224951
vn 0.192483 -0.956150 0.220745
vn 0.192537 -0.956139 0.220742
vn 0.192537 -0.956139 0.220742
vn 0.192483 -0.956150 0.220745
vn 0.382925 -0.900103 0.207805
vn 0.192537 -0.956139 0.220742
vn 0.382925 -0.900103 0.207805
vn 0.382991 -0.900076 0.207799
vn 0.382991 -0.900076 0.207799
vn 0.382925 -0.900103 0.207805
vn 0.558096 -0.808509 0.186659
vn 0.382991 -0.900076 0.207799
vn 0.558096 -0.808509 0.186659
vn 0.558138 -0.808482 0.186653
vn 0.558138 -0.808482 0.186653
vn 0.558096 -0.808509 0.186659
vn 0.707111 -0.688980 0.159064
vn 0.558138 -0.808482 0.186653
vn 0.707111 -0.688980 0.159064
vn 0.707113 -0.688978 0.159063
vn 0.707113 -0.688978 0.159063
vn 0.707111 -0.688980 0.159064
vn 0.829781 -0.543785 0.125543
vn 0.707113 -0.688978 0.159063
vn 0.829781 -0.543785 0.125543
vn 0.829757 -0.543821 0.125551
vn 0.829757 -0.543821 0.125551
vn 0.829781 -0.543785 0.125543
vn 0.923782 -0.373105 0.086138
vn 0.829757 -0.543821 0.125551
vn 0.923782 -0.373105 0.086138
vn 0.923756 -0.373167 0.086152
vn 0.923756 -0.373167 0.086152
vn 0.923782 -0.373105 0.086138
vn 0.981301 -0.187548 0.043299
vn 0.923756 -0.373167 0.086152
vn 0.981301 -0.187548 0.043299
vn 0.981290 -0.187600 0.043311
vn 0.981290 -0.187600 0.043311
vn 0.981301 -0.187548 0.043299
vn 1.000000 -0.000000 0.000000
vn 1.000000 -0.000000 0.000000
vn 0.981301 -0.187548 0.043299
vn 1.000000 -0.000000 0.000000
vn 1.000000 -0.000000 0.000000
vn 1.000000 -0.000000 0.000000
vn 0.981290 0.187600 -0.043311
vn 0.981290 0.187600 -0.043311
vn 1.000000 -0.000000 0.000000
vn 0.981301 0.187548 -0.043299
vn 0.981290 0.187600 -0.043311
vn 0.981301 0.187548 -0.043299
vn 0.923782 0.373105 -0.086138
vn 0.981290 0.187600 -0.043311
vn 0.923782 0.373105 -0.086138
vn 0.923756 0.373167 -0.086152
vn 0.923756 0.373167 -0.086152
vn 0.923782 0.373105 -0.086138
vn 0.829781 0.543785 -0.125543
vn 0.923756 0.373167 -0.086152
vn 0.829781 0.543785 -0.125543
vn 0.829757 0.543821 -0.125551
vn 0.829757 0.543821 -0.125551
vn 0.829781 0.543785 -0.125543
vn 0.707111 0.688980 -0.159064
vn 0.829757 0.543821 -0.125551
vn 0.707111 0.688980 -0.159064
vn 0.707113 0.688978 -0.159063
vn 0.707113 0.688978 -0.159063
vn 0.707111 0.688980 -0.159064
vn 0.558138 0.808482 -0.186653
vn 0.558138 0.808482 -0.186653
vn 0.707111 0.688980 -0.159064
vn 0.558096 0.808509 -0.186659
vn 0.558138 0.808482 -0.186653
vn 0.558096 0.808509 -0.186659
vn 0.382991 0.900076 -0.207799
vn 0.382991 0.900076 -0.207799
vn 0.558096 0.808509 -0.186659
vn 0.382925 0.900103 -0.207805
vn 0.382991 0.900076 -0.207799
vn 0.382925 0.900103 -0.207805
vn 0.192537 0.956139 -0.220742
vn 0.192537 0.956139 -0.220742
vn 0.382925 0.900103 -0.207805
vn 0.192483 0.956150 -0.220745
vn 0.192537 0.956139 -0.220742
vn 0.192483 0.956150 -0.220745
vn 0.000000 0.974370 -0.224951
vn 0.000000 0.974370 -0.224951
vn 0.192483 0.956150 -0.220745
vn 0.000000 0.974370 -0.224951
vn 0.000000 0.974370 -0.224951
vn 0.000000 0.974370 -0.224951
vn -0.192483 0.956150 -0.220745
vn 0.000000 0.974370 -0.224951
vn -0.192483 0.956150 -0.220745
vn -0.192537 0.956139 -0.220742
vn -0.192537 0.956139 -0.220742
vn -0.192483 0.956150 -0.220745
vn -0.382925 0.900103 -0.207805
vn -0.192537 0.956139 -0.220742
vn -0.382925 0.900103 -0.207805
vn -0.382991 0.900076 -0.207799
vn -0.382991 0.900076 -0.207799
vn -0.382925 0.900103 -0.207805
vn -0.558096 0.808509 -0.186659
vn -0.382991 0.900076 -0.207799
vn -0.558096 0.808509 -0.186659
vn -0.558138 0.808482 -0.186653
vn -0.558138 0.808482 -0.186653
vn -0.558096 0.808509 -0.186659
vn -0.707111 0.688980 -0.159064
vn -0.558138 0.808482 -0.186653
vn -0.707111 0.688980 -0.159064
vn -0.707113 0.688978 -0.159063
vn -0.707113 0.688978 -0.159063
vn -0.707111 0.688980 -0.159064
vn -0.829781 0.543785 -0.125543
vn -0.707113 0.688978 -0.159063
vn -0.829781 0.543785 -0.125543
vn -0.829757 0.543821 -0.125551
vn -0.829757 0.543821 -0.125551
vn -0.829781 0.543785 -0.125543
vn -0.923782 0.373105 -0.086138
vn -0.829757 0.543821 -0.125551
vn -0.923782 0.373105 -0.086138
vn -0.923756 0.373167 -0.086152
vn -0.923756 0.373167 -0.086152
vn -0.923782 0.373105 -0.086138
vn -0.981301 0.187548 -0.043299
vn -0.923756 0.373167 -0.086152
vn -0.981301 0.187548 -0.043299
vn -0.981290 0.187600 -0.043311
vn -0.981290 0.187600 -0.043311
vn -0.981301 0.187548 -0.043299
vn -1.000000 0.000000 0.000000
vn -1.000000 0.000000 0.000000
vn -0.981301 0.187548 -0.043299
vn -1.000000 0.000000 0.000000
vn -1.000000 0.000000 0.000000
vn -1.000000 0.000000 0.000000
vn -0.981290 -0.187600 0.043311
vn -0.981290 -0.187600 0.043311
vn -1.000000 0.000000 0.000000
vn -0.981301 -0.187548 0.043299
vn -0.981290 -0.187600 0.043311
vn -0.981301 -0.187548 0.043299
vn -0.923782 -0.373105 0.086138
vn -0.981290 -0.187600 0.043311
vn -0.923782 -0.373105 0.086138
vn -0.923756 -0.373167 0.086152
vn -0.923756 -0.373167 0.086152
vn -0.923782 -0.373105 0.086138
vn -0.829781 -0.543785 0.125543
vn -0.923756 -0.373167 0.086152
vn -0.829781 -0.543785 0.125543
vn -0.829757 -0.543821 0.125551
vn -0.829757 -0.543821 0.125551
vn -0.829781 -0.543785 0.125543
vn -0.707111 -0.688980 0.159064
vn -0.829757 -0.543821 0.125551
vn -0.707111 -0.688980 0.159064
vn -0.707113 -0.688978 0.159063
vn -0.707113 -0.688978 0.159063
vn -0.707111 -0.688980 0.159064
vn -0.558138 -0.808482 0.186653
vn -0.558138 -0.808482 0.186653
vn -0.707111 -0.688980 0.159064
vn -0.558096 -0.808509 0.186659
vn -0.558138 -0.808482 0.186653
vn -0.558096 -0.808509 0.186659
vn -0.382991 -0.900076 0.207799
vn -0.382991 -0.900076 0.207799
vn -0.558096 -0.808509 0.186659
vn -0.382925 -0.900103 0.207805
vn -0.382991 -0.900076 0.207799
vn -0.382925 -0.900103 0.207805
vn -0.192537 -0.956139 0.220742
vn -0.192537 -0.956139 0.220742
vn -0.382925 -0.900103 0.207805
vn -0.192483 -0.956150 0.220745
vn -0.192537 -0.956139 0.220742
vn -0.192483 -0.956150 0.220745
vn 0.000000 -0.974370 0.224951
vn 0.965926 -0.058222 -0.252186
vn 0.965926 -0.058222 -0.252186
vn 0.965926 -0.058222 -0.252186
vn 0.965926 -0.058222 -0.252186
vn 0.965926 -0.058222 -0.252186
vn 0.965926 -0.058222 -0.252186
vn -0.965926 -0.058222 -0.252186
vn -0.965926 -0.058222 -0.252186
vn -0.965926 -0.058222 -0.252186
vn -0.965926 -0.058222 -0.252186
vn -0.965926 -0.058222 -0.252186
vn -0.965926 -0.058222 -0.252186
vn 0.258819 0.217286 0.941169
vn 0.258819 0.217286 0.941169
vn 0.185448 0.221049 0.957469
vn 0.185448 0.221049 0.957469
vn 0.258819 0.217286 0.941169
vn 0.142880 0.222643 0.964373
vn 0.185448 0.221049 0.957469
vn 0.142880 0.222643 0.964373
vn 0.140170 0.222730 0.964751
vn 0.142880 0.222643 0.964373
vn 0.258819 0.217286 0.941169
vn 0.140170 0.222730 0.964751
vn 0.140170 0.222730 0.964751
vn 0.258819 0.217286 0.941169
vn 0.130526 0.223027 0.966034
vn 0.140170 0.222730 0.964751
vn 0.130526 0.223027 0.966034
vn 0.131990 0.222983 0.965845
vn 0.131990 0.222983 0.965845
vn 0.130526 0.223027 0.966034
vn 0.118528 0.223365 0.967501
vn 0.118528 0.223365 0.967501
vn 0.130526 0.223027 0.966034
vn 0.101032 0.223800 0.969384
vn 0.101032 0.223800 0.969384
vn 0.130526 0.223027 0.966034
vn 0.079720 0.224235 0.971269
vn 0.079720 0.224235 0.971269
vn 0.130526 0.223027 0.966034
vn 0.054712 0.224614 0.972911
vn 0.054712 0.224614 0.972911
vn 0.130526 0.223027 0.966034
vn 0.000000 0.224951 0.974370
vn 0.054712 0.224614 0.972911
vn 0.000000 0.224951 0.974370
vn 0.027495 0.224866 0.974002
vn 0.027495 0.224866 0.974002
vn 0.000000 0.224951 0.974370
vn 0.000000 0.224951 0.974370
vn 0.000000 0.224951 0.974370
vn 0.000000 0.224951 0.974370
vn -0.027495 0.224866 0.974002
vn -0.027495 0.224866 0.974002
vn 0.000000 0.224951 0.974370
vn -0.054712 0.224614 0.972911
vn -0.054712 0.224614 0.972911
vn 0.000000 0.224951 0.974370
vn -0.130526 0.223027 0.966034
vn -0.054712 0.224614 0.972911
vn -0.130526 0.223027 0.966034
vn -0.079720 0.224235 0.971269
vn -0.079720 0.224235 0.971269
vn -0.130526 0.223027 0.966034
vn -0.101032 0.223800 0.969384
vn -0.101032 0.223800 0.969384
vn -0.130526 0.223027 0.966034
vn -0.118528 0.223365 0.967501
vn -0.118528 0.223365 0.967501
vn -0.130526 0.223027 0.966034
vn -0.131990 0.222983 0.965845
vn -0.131990 0.222983 0.965845
vn -0.130526 0.223027 0.966034
vn -0.140170 0.222730 0.964751
vn -0.140170 0.222730 0.964751
vn -0.130526 0.223027 0.966034
vn -0.142880 0.222643 0.964373
vn -0.142880 0.222643 0.964373
vn -0.130526 0.223027 0.966034
vn -0.185448 0.221049 0.957469
vn -0.142880 0.222643 0.964373
vn -0.185448 0.221049 0.957469
vn -0.140170 0.222730 0.964751
vn -0.140170 0.222730 0.964751
vn -0.185448 0.221049 0.957469
vn -0.131990 0.222983 0.965845
vn -0.131990 0.222983 0.965845
vn -0.185448 0.221049 0.957469
vn -0.118528 0.223365 0.967501
vn -0.118528 0.223365 0.967501
vn -0.185448 0.221049 0.957469
vn -0.062136 0.224516 0.972487
vn -0.118528 0.223365 0.967501
vn -0.062136 0.224516 0.972487
vn -0.101032 0.223800 0.969384
vn -0.101032 0.223800 0.969384
vn -0.062136 0.224516 0.972487
vn -0.079720 0.224235 0.971269
vn -0.079720 0.224235 0.971269
vn -0.062136 0.224516 0.972487
vn -0.054712 0.224614 0.972911
vn -0.054712 0.224614 0.972911
vn -0.062136 0.224516 0.972487
vn -0.027495 0.224866 0.974002
vn -0.027495 0.224866 0.974002
vn -0.062136 0.224516 0.972487
vn 0.000000 0.224951 0.974370
vn 0.000000 0.224951 0.974370
vn -0.062136 0.224516 0.972487
vn 0.062136 0.224516 0.972487
vn 0.000000 0.224951 0.974370
vn 0.062136 0.224516 0.972487
vn 0.027495 0.224866 0.974002
vn 0.027495 0.224866 0.974002
vn 0.062136 0.224516 0.972487
vn 0.054712 0.224614 0.972911
vn 0.054712 0.224614 0.972911
vn 0.062136 0.224516 0.972487
vn 0.079720 0.224235 0.971269
vn 0.079720 0.224235 0.971269
vn 0.062136 0.224516 0.972487
vn 0.101032 0.223800 0.969384
vn 0.101032 0.223800 0.969384
vn 0.062136 0.224516 0.972487
vn 0.185448 0.221049 0.957469
vn 0.101032 0.223800 0.969384
vn 0.185448 0.221049 0.957469
vn 0.118528 0.223365 0.967501
vn 0.118528 0.223365 0.967501
vn 0.185448 0.221049 0.957469
vn 0.131990 0.222983 0.965845
vn 0.131990 0.222983 0.965845
vn 0.185448 0.221049 0.957469
vn 0.140170 0.222730 0.964751
vn -0.130526 0.223027 0.966034
vn -0.258819 0.217286 0.941169
vn -0.185448 0.221049 0.957469
vn -0.185448 0.221049 0.957469
vn -0.258819 0.217286 0.941169
vn -0.258819 0.217286 0.941169
vn 0.339746 -0.940517 0.000000
vn 0.206492 -0.978448 0.000000
vn 0.258819 -0.962202 -0.084740
vn 0.258819 -0.962202 -0.084740
vn 0.206492 -0.978448 0.000000
vn 0.171155 -0.970953 -0.167199
vn 0.258819 -0.962202 -0.084740
vn 0.171155 -0.970953 -0.167199
vn 0.258819 -0.937116 -0.234151
vn 0.258819 -0.937116 -0.234151
vn 0.171155 -0.970953 -0.167199
vn 0.163893 -0.929754 -0.329691
vn 0.258819 -0.937116 -0.234151
vn 0.163893 -0.929754 -0.329691
vn 0.258819 -0.888976 -0.377801
vn 0.258819 -0.888976 -0.377801
vn 0.163893 -0.929754 -0.329691
vn 0.152016 -0.862380 -0.482900
vn 0.258819 -0.888976 -0.377801
vn 0.152016 -0.862380 -0.482900
vn 0.258819 -0.818967 -0.512158
vn 0.258819 -0.818967 -0.512158
vn 0.152016 -0.862380 -0.482900
vn 0.135860 -0.770725 -0.622515
vn 0.258819 -0.818967 -0.512158
vn 0.135860 -0.770725 -0.622515
vn 0.258819 -0.728811 -0.633914
vn 0.258819 -0.728811 -0.633914
vn 0.135860 -0.770725 -0.622515
vn 0.115878 -0.657373 -0.744603
vn 0.258819 -0.728811 -0.633914
vn 0.115878 -0.657373 -0.744603
vn 0.228238 -0.627275 -0.744603
vn 0.228238 -0.627275 -0.744603
vn 0.115878 -0.657373 -0.744603
vn 0.092635 -0.525512 -0.845728
vn 0.228238 -0.627275 -0.744603
vn 0.092635 -0.525512 -0.845728
vn 0.182456 -0.501452 -0.845728
vn 0.182456 -0.501452 -0.845728
vn 0.092635 -0.525512 -0.845728
vn 0.066783 -0.378857 -0.923042
vn 0.182456 -0.501452 -0.845728
vn 0.066783 -0.378857 -0.923042
vn 0.131538 -0.361511 -0.923043
vn 0.131538 -0.361511 -0.923043
vn 0.066783 -0.378857 -0.923042
vn 0.130526 -0.223027 -0.966034
vn 0.131538 -0.361511 -0.923043
vn 0.130526 -0.223027 -0.966034
vn 0.192299 -0.333187 -0.923043
vn 0.192299 -0.333187 -0.923043
vn 0.130526 -0.223027 -0.966034
vn 0.247220 -0.294746 -0.923042
vn 0.192299 -0.333187 -0.923043
vn 0.247220 -0.294746 -0.923042
vn 0.258819 -0.361778 -0.895617
vn 0.258819 -0.361778 -0.895617
vn 0.247220 -0.294746 -0.923042
vn 0.258819 -0.217286 -0.941169
vn 0.258819 -0.217286 -0.941169
vn 0.247220 -0.294746 -0.923042
vn 0.130526 -0.223027 -0.966034
vn 0.206492 -0.978448 0.000000
vn 0.069274 -0.997598 0.000000
vn 0.171155 -0.970953 -0.167199
vn 0.171155 -0.970953 -0.167199
vn 0.069274 -0.997598 0.000000
vn 0.000000 -0.985923 -0.167199
vn 0.171155 -0.970953 -0.167199
vn 0.000000 -0.985923 -0.167199
vn 0.000000 -0.944089 -0.329691
vn 0.000000 -0.944089 -0.329691
vn 0.000000 -0.985923 -0.167199
vn -0.163893 -0.929754 -0.329691
vn 0.000000 -0.944089 -0.329691
vn -0.163893 -0.929754 -0.329691
vn -0.152016 -0.862380 -0.482900
vn -0.152016 -0.862380 -0.482900
vn -0.163893 -0.929754 -0.329691
vn -0.258819 -0.888976 -0.377801
vn -0.152016 -0.862380 -0.482900
vn -0.258819 -0.888976 -0.377801
vn -0.258819 -0.818967 -0.512158
vn 0.069274 -0.997598 0.000000
vn -0.069274 -0.997598 0.000000
vn 0.000000 -0.985923 -0.167199
vn 0.000000 -0.985923 -0.167199
vn -0.069274 -0.997598 0.000000
vn -0.171155 -0.970953 -0.167199
vn 0.000000 -0.985923 -0.167199
vn -0.171155 -0.970953 -0.167199
vn -0.163893 -0.929754 -0.329691
vn -0.163893 -0.929754 -0.329691
vn -0.171155 -0.970953 -0.167199
vn -0.258819 -0.937116 -0.234151
vn -0.163893 -0.929754 -0.329691
vn -0.258819 -0.937116 -0.234151
vn -0.258819 -0.888976 -0.377801
vn -0.069274 -0.997598 0.000000
vn -0.206492 -0.978448 0.000000
vn -0.171155 -0.970953 -0.167199
vn -0.171155 -0.970953 -0.167199
vn -0.206492 -0.978448 0.000000
vn -0.258819 -0.962202 -0.084740
vn -0.171155 -0.970953 -0.167199
vn -0.258819 -0.962202 -0.084740
vn -0.258819 -0.937116 -0.234151
vn -0.206492 -0.978448 0.000000
vn -0.339746 -0.940517 0.000000
vn -0.258819 -0.962202 -0.084740
vn -0.152016 -0.862380 -0.482900
vn -0.258819 -0.818967 -0.512158
vn -0.135860 -0.770725 -0.622515
vn -0.135860 -0.770725 -0.622515
vn -0.258819 -0.818967 -0.512158
vn -0.258819 -0.728811 -0.633914
vn -0.135860 -0.770725 -0.622515
vn -0.258819 -0.728811 -0.633914
vn -0.115878 -0.657373 -0.744603
vn -0.115878 -0.657373 -0.744603
vn -0.258819 -0.728811 -0.633914
vn -0.228238 -0.627275 -0.744603
vn -0.115878 -0.657373 -0.744603
vn -0.228238 -0.627275 -0.744603
vn -0.182456 -0.501452 -0.845728
vn -0.182456 -0.501452 -0.845728
vn -0.228238 -0.627275 -0.744603
vn -0.258819 -0.497369 -0.828032
vn -0.182456 -0.501452 -0.845728
vn -0.258819 -0.497369 -0.828032
vn -0.258819 -0.361778 -0.895617
vn -0.258819 -0.728811 -0.633914
vn -0.258819 -0.620725 -0.740076
vn -0.228238 -0.627275 -0.744603
vn -0.228238 -0.627275 -0.744603
vn -0.258819 -0.620725 -0.740076
vn -0.258819 -0.497369 -0.828032
vn -0.258819 -0.217286 -0.941169
vn -0.247220 -0.294746 -0.923042
vn -0.258819 -0.361778 -0.895617
vn -0.258819 -0.361778 -0.895617
vn -0.247220 -0.294746 -0.923042
vn -0.192299 -0.333187 -0.923043
vn -0.258819 -0.361778 -0.895617
vn -0.192299 -0.333187 -0.923043
vn -0.182456 -0.501452 -0.845728
vn -0.182456 -0.501452 -0.845728
vn -0.192299 -0.333187 -0.923043
vn -0.131538 -0.361511 -0.923043
vn -0.182456 -0.501452 -0.845728
vn -0.131538 -0.361511 -0.923043
vn -0.092635 -0.525512 -0.845728
vn -0.092635 -0.525512 -0.845728
vn -0.131538 -0.361511 -0.923043
vn -0.066783 -0.378857 -0.923042
vn -0.092635 -0.525512 -0.845728
vn -0.066783 -0.378857 -0.923042
vn 0.000000 -0.533615 -0.845728
vn 0.000000 -0.533615 -0.845728
vn -0.066783 -0.378857 -0.923042
vn 0.000000 -0.384698 -0.923042
vn 0.000000 -0.533615 -0.845728
vn 0.000000 -0.384698 -0.923042
vn 0.092635 -0.525512 -0.845728
vn 0.092635 -0.525512 -0.845728
vn 0.000000 -0.384698 -0.923042
vn 0.066783 -0.378857 -0.923042
vn -0.258819 -0.217286 -0.941169
vn -0.130526 -0.223027 -0.966034
vn -0.247220 -0.294746 -0.923042
vn -0.247220 -0.294746 -0.923042
vn -0.130526 -0.223027 -0.966034
vn -0.192299 -0.333187 -0.923043
vn -0.192299 -0.333187 -0.923043
vn -0.130526 -0.223027 -0.966034
vn -0.131538 -0.361511 -0.923043
vn -0.131538 -0.361511 -0.923043
vn -0.130526 -0.223027 -0.966034
vn 0.000000 -0.224951 -0.974370
vn -0.131538 -0.361511 -0.923043
vn 0.000000 -0.224951 -0.974370
vn -0.066783 -0.378857 -0.923042
vn -0.066783 -0.378857 -0.923042
vn 0.000000 -0.224951 -0.974370
vn 0.000000 -0.384698 -0.923042
vn 0.000000 -0.384698 -0.923042
vn 0.000000 -0.224951 -0.974370
vn 0.066783 -0.378857 -0.923042
vn 0.066783 -0.378857 -0.923042
vn 0.000000 -0.224951 -0.974370
vn 0.130526 -0.223027 -0.966034
vn 0.258819 -0.361778 -0.895617
vn 0.258819 -0.497369 -0.828032
vn 0.192299 -0.333187 -0.923043
vn 0.192299 -0.333187 -0.923043
vn 0.258819 -0.497369 -0.828032
vn 0.182456 -0.501452 -0.845728
vn 0.192299 -0.333187 -0.923043
vn 0.182456 -0.501452 -0.845728
vn 0.131538 -0.361511 -0.923043
vn 0.258819 -0.497369 -0.828032
vn 0.258819 -0.620725 -0.740076
vn 0.182456 -0.501452 -0.845728
vn 0.182456 -0.501452 -0.845728
vn 0.258819 -0.620725 -0.740076
vn 0.228238 -0.627275 -0.744603
vn 0.258819 -0.620725 -0.740076
vn 0.258819 -0.728811 -0.633914
vn 0.228238 -0.627275 -0.744603
vn 0.171155 -0.970953 -0.167199
vn 0.000000 -0.944089 -0.329691
vn 0.163893 -0.929754 -0.329691
vn 0.163893 -0.929754 -0.329691
vn 0.000000 -0.944089 -0.329691
vn 0.000000 -0.875675 -0.482900
vn 0.163893 -0.929754 -0.329691
vn 0.000000 -0.875675 -0.482900
vn 0.152016 -0.862380 -0.482900
vn 0.152016 -0.862380 -0.482900
vn 0.000000 -0.875675 -0.482900
vn 0.000000 -0.782608 -0.622515
vn 0.152016 -0.862380 -0.482900
vn 0.000000 -0.782608 -0.622515
vn 0.135860 -0.770725 -0.622515
vn 0.135860 -0.770725 -0.622515
vn 0.000000 -0.782608 -0.622515
vn 0.000000 -0.667508 -0.744603
vn 0.135860 -0.770725 -0.622515
vn 0.000000 -0.667508 -0.744603
vn 0.115878 -0.657373 -0.744603
vn 0.115878 -0.657373 -0.744603
vn 0.000000 -0.667508 -0.744603
vn 0.000000 -0.533615 -0.845728
vn 0.115878 -0.657373 -0.744603
vn 0.000000 -0.533615 -0.845728
vn 0.092635 -0.525512 -0.845728
vn 0.000000 -0.944089 -0.329691
vn -0.152016 -0.862380 -0.482900
vn 0.000000 -0.875675 -0.482900
vn 0.000000 -0.875675 -0.482900
vn -0.152016 -0.862380 -0.482900
vn -0.135860 -0.770725 -0.622515
vn 0.000000 -0.875675 -0.482900
vn -0.135860 -0.770725 -0.622515
vn 0.000000 -0.782608 -0.622515
vn 0.000000 -0.782608 -0.622515
vn -0.135860 -0.770725 -0.622515
vn -0.115878 -0.657373 -0.744603
vn 0.000000 -0.782608 -0.622515
vn -0.115878 -0.657373 -0.744603
vn 0.000000 -0.667508 -0.744603
vn 0.000000 -0.667508 -0.744603
vn -0.115878 -0.657373 -0.744603
vn -0.092635 -0.525512 -0.845728
vn 0.000000 -0.667508 -0.744603
vn -0.092635 -0.525512 -0.845728
vn 0.000000 -0.533615 -0.845728
vn -0.182456 -0.501452 -0.845728
vn -0.092635 -0.525512 -0.845728
vn -0.115878 -0.657373 -0.744603
vn 0.330724 0.943728 0.000000
vn 0.200867 0.979619 0.000000
vn 0.258819 0.962994 0.075196
vn 0.258819 0.962994 0.075196
vn 0.200867 0.979619 0.000000
vn 0.233069 0.961013 0.148768
vn 0.258819 0.962994 0.075196
vn 0.233069 0.961013 0.148768
vn 0.258819 0.939112 0.226013
vn 0.258819 0.939112 0.226013
vn 0.233069 0.961013 0.148768
vn 0.225260 0.928811 0.294226
vn 0.258819 0.939112 0.226013
vn 0.225260 0.928811 0.294226
vn 0.258819 0.891761 0.371181
vn 0.258819 0.891761 0.371181
vn 0.225260 0.928811 0.294226
vn 0.212436 0.875937 0.433135
vn 0.258819 0.891761 0.371181
vn 0.212436 0.875937 0.433135
vn 0.258819 0.822125 0.507073
vn 0.258819 0.822125 0.507073
vn 0.212436 0.875937 0.433135
vn 0.194885 0.803568 0.562404
vn 0.258819 0.822125 0.507073
vn 0.194885 0.803568 0.562404
vn 0.258819 0.731944 0.630294
vn 0.258819 0.731944 0.630294
vn 0.194885 0.803568 0.562404
vn 0.172997 0.713315 0.679157
vn 0.258819 0.731944 0.630294
vn 0.172997 0.713315 0.679157
vn 0.258819 0.623473 0.737763
vn 0.258819 0.623473 0.737763
vn 0.172997 0.713315 0.679157
vn 0.147258 0.607187 0.780794
vn 0.258819 0.623473 0.737763
vn 0.147258 0.607187 0.780794
vn 0.241318 0.576304 0.780794
vn 0.241318 0.576304 0.780794
vn 0.147258 0.607187 0.780794
vn 0.118242 0.487545 0.865054
vn 0.241318 0.576304 0.780794
vn 0.118242 0.487545 0.865054
vn 0.193768 0.462747 0.865054
vn 0.193768 0.462747 0.865054
vn 0.118242 0.487545 0.865054
vn 0.086594 0.357053 0.930062
vn 0.193768 0.462747 0.865054
vn 0.086594 0.357053 0.930062
vn 0.141906 0.338892 0.930062
vn 0.141906 0.338892 0.930062
vn 0.086594 0.357053 0.930062
vn 0.130526 0.223027 0.966034
vn 0.141906 0.338892 0.930062
vn 0.130526 0.223027 0.966034
vn 0.193654 0.312223 0.930062
vn 0.193654 0.312223 0.930062
vn 0.130526 0.223027 0.966034
vn 0.258819 0.217286 0.941169
vn 0.193654 0.312223 0.930062
vn 0.258819 0.217286 0.941169
vn 0.240541 0.277714 0.930062
vn 0.240541 0.277714 0.930062
vn 0.258819 0.217286 0.941169
vn 0.258819 0.362887 0.895168
vn 0.240541 0.277714 0.930062
vn 0.258819 0.362887 0.895168
vn 0.193654 0.312223 0.930062
vn 0.193654 0.312223 0.930062
vn 0.258819 0.362887 0.895168
vn 0.193768 0.462747 0.865054
vn 0.193654 0.312223 0.930062
vn 0.193768 0.462747 0.865054
vn 0.141906 0.338892 0.930062
vn 0.233069 0.961013 0.148768
vn 0.200867 0.979619 0.000000
vn 0.078346 0.985764 0.148768
vn 0.078346 0.985764 0.148768
vn 0.200867 0.979619 0.000000
vn 0.067363 0.997729 0.000000
vn 0.078346 0.985764 0.148768
vn 0.067363 0.997729 0.000000
vn -0.067363 0.997729 0.000000
vn 0.078346 0.985764 0.148768
vn -0.067363 0.997729 0.000000
vn -0.078346 0.985764 0.148768
vn -0.078346 0.985764 0.148768
vn -0.067363 0.997729 0.000000
vn -0.200867 0.979619 0.000000
vn -0.078346 0.985764 0.148768
vn -0.200867 0.979619 0.000000
vn -0.233069 0.961013 0.148768
vn -0.233069 0.961013 0.148768
vn -0.200867 0.979619 0.000000
vn -0.258819 0.962994 0.075196
vn -0.233069 0.961013 0.148768
vn -0.258819 0.962994 0.075196
vn -0.258819 0.939112 0.226013
vn -0.200867 0.979619 0.000000
vn -0.330724 0.943728 0.000000
vn -0.258819 0.962994 0.075196
vn -0.233069 0.961013 0.148768
vn -0.258819 0.939112 0.226013
vn -0.225260 0.928811 0.294226
vn -0.225260 0.928811 0.294226
vn -0.258819 0.939112 0.226013
vn -0.258819 0.891761 0.371181
vn -0.225260 0.928811 0.294226
vn -0.258819 0.891761 0.371181
vn -0.212436 0.875937 0.433135
vn -0.212436 0.875937 0.433135
vn -0.258819 0.891761 0.371181
vn -0.258819 0.822125 0.507073
vn -0.212436 0.875937 0.433135
vn -0.258819 0.822125 0.507073
vn -0.194885 0.803568 0.562404
vn -0.194885 0.803568 0.562404
vn -0.258819 0.822125 0.507073
vn -0.258819 0.731944 0.630294
vn -0.194885 0.803568 0.562404
vn -0.258819 0.731944 0.630294
vn -0.172997 0.713315 0.679157
vn -0.172997 0.713315 0.679157
vn -0.258819 0.731944 0.630294
vn -0.258819 0.623473 0.737763
vn -0.172997 0.713315 0.679157
vn -0.258819 0.623473 0.737763
vn -0.147258 0.607187 0.780794
vn -0.147258 0.607187 0.780794
vn -0.258819 0.623473 0.737763
vn -0.241318 0.576304 0.780794
vn -0.147258 0.607187 0.780794
vn -0.241318 0.576304 0.780794
vn -0.193768 0.462747 0.865054
vn -0.193768 0.462747 0.865054
vn -0.241318 0.576304 0.780794
vn -0.258819 0.499420 0.826796
vn -0.193768 0.462747 0.865054
vn -0.258819 0.499420 0.826796
vn -0.258819 0.362887 0.895168
vn -0.258819 0.623473 0.737763
vn -0.258819 0.499420 0.826796
vn -0.241318 0.576304 0.780794
vn -0.258819 0.217286 0.941169
vn -0.240541 0.277714 0.930062
vn -0.258819 0.362887 0.895168
vn -0.258819 0.362887 0.895168
vn -0.240541 0.277714 0.930062
vn -0.193654 0.312223 0.930062
vn -0.258819 0.362887 0.895168
vn -0.193654 0.312223 0.930062
vn -0.141906 0.338892 0.930062
vn -0.141906 0.338892 0.930062
vn -0.193654 0.312223 0.930062
vn -0.130526 0.223027 0.966034
vn -0.141906 0.338892 0.930062
vn -0.130526 0.223027 0.966034
vn -0.086594 0.357053 0.930062
vn -0.086594 0.357053 0.930062
vn -0.130526 0.223027 0.966034
vn 0.000000 0.224951 0.974370
vn -0.086594 0.357053 0.930062
vn 0.000000 0.224951 0.974370
vn -0.029108 0.366248 0.930062
vn -0.029108 0.366248 0.930062
vn 0.000000 0.224951 0.974370
vn 0.029108 0.366248 0.930062
vn -0.029108 0.366248 0.930062
vn 0.029108 0.366248 0.930062
vn 0.039747 0.500102 0.865054
vn 0.039747 0.500102 0.865054
vn 0.029108 0.366248 0.930062
vn 0.118242 0.487545 0.865054
vn 0.039747 0.500102 0.865054
vn 0.118242 0.487545 0.865054
vn 0.147258 0.607187 0.780794
vn -0.258819 0.217286 0.941169
vn -0.130526 0.223027 0.966034
vn -0.240541 0.277714 0.930062
vn -0.240541 0.277714 0.930062
vn -0.130526 0.223027 0.966034
vn -0.193654 0.312223 0.930062
vn 0.029108 0.366248 0.930062
vn 0.000000 0.224951 0.974370
vn 0.086594 0.357053 0.930062
vn 0.086594 0.357053 0.930062
vn 0.000000 0.224951 0.974370
vn 0.130526 0.223027 0.966034
vn 0.258819 0.362887 0.895168
vn 0.258819 0.499420 0.826796
vn 0.193768 0.462747 0.865054
vn 0.193768 0.462747 0.865054
vn 0.258819 0.499420 0.826796
vn 0.241318 0.576304 0.780794
vn 0.258819 0.499420 0.826796
vn 0.258819 0.623473 0.737763
vn 0.241318 0.576304 0.780794
vn 0.225260 0.928811 0.294226
vn 0.233069 0.961013 0.148768
vn 0.075720 0.952732 0.294226
vn 0.075720 0.952732 0.294226
vn 0.233069 0.961013 0.148768
vn 0.078346 0.985764 0.148768
vn 0.075720 0.952732 0.294226
vn 0.078346 0.985764 0.148768
vn -0.075720 0.952732 0.294226
vn -0.075720 0.952732 0.294226
vn 0.078346 0.985764 0.148768
vn -0.078346 0.985764 0.148768
vn -0.075720 0.952732 0.294226
vn -0.078346 0.985764 0.148768
vn -0.225260 0.928811 0.294226
vn -0.225260 0.928811 0.294226
vn -0.078346 0.985764 0.148768
vn -0.233069 0.961013 0.148768
vn 0.212436 0.875937 0.433135
vn 0.225260 0.928811 0.294226
vn 0.071410 0.898496 0.433135
vn 0.071410 0.898496 0.433135
vn 0.225260 0.928811 0.294226
vn 0.075720 0.952732 0.294226
vn 0.071410 0.898496 0.433135
vn 0.075720 0.952732 0.294226
vn -0.071410 0.898496 0.433135
vn -0.071410 0.898496 0.433135
vn 0.075720 0.952732 0.294226
vn -0.075720 0.952732 0.294226
vn -0.071410 0.898496 0.433135
vn -0.075720 0.952732 0.294226
vn -0.212436 0.875937 0.433135
vn -0.212436 0.875937 0.433135
vn -0.075720 0.952732 0.294226
vn -0.225260 0.928811 0.294226
vn 0.194885 0.803568 0.562404
vn 0.212436 0.875937 0.433135
vn 0.065510 0.824263 0.562404
vn 0.065510 0.824263 0.562404
vn 0.212436 0.875937 0.433135
vn 0.071410 0.898496 0.433135
vn 0.065510 0.824263 0.562404
vn 0.071410 0.898496 0.433135
vn -0.065510 0.824263 0.562404
vn -0.065510 0.824263 0.562404
vn 0.071410 0.898496 0.433135
vn -0.071410 0.898496 0.433135
vn -0.065510 0.824263 0.562404
vn -0.071410 0.898496 0.433135
vn -0.194885 0.803568 0.562404
vn -0.194885 0.803568 0.562404
vn -0.071410 0.898496 0.433135
vn -0.212436 0.875937 0.433135
vn 0.172997 0.713315 0.679157
vn 0.194885 0.803568 0.562404
vn 0.058152 0.731686 0.679157
vn 0.058152 0.731686 0.679157
vn 0.194885 0.803568 0.562404
vn 0.065510 0.824263 0.562404
vn 0.058152 0.731686 0.679157
vn 0.065510 0.824263 0.562404
vn -0.058152 0.731686 0.679157
vn -0.058152 0.731686 0.679157
vn 0.065510 0.824263 0.562404
vn -0.065510 0.824263 0.562404
vn -0.058152 0.731686 0.679157
vn -0.065510 0.824263 0.562404
vn -0.172997 0.713315 0.679157
vn -0.172997 0.713315 0.679157
vn -0.065510 0.824263 0.562404
vn -0.194885 0.803568 0.562404
vn 0.147258 0.607187 0.780794
vn 0.172997 0.713315 0.679157
vn 0.049500 0.622825 0.780794
vn 0.049500 0.622825 0.780794
vn 0.172997 0.713315 0.679157
vn 0.058152 0.731686 0.679157
vn 0.049500 0.622825 0.780794
vn 0.058152 0.731686 0.679157
vn -0.049500 0.622825 0.780794
vn -0.049500 0.622825 0.780794
vn 0.058152 0.731686 0.679157
vn -0.058152 0.731686 0.679157
vn -0.049500 0.622825 0.780794
vn -0.058152 0.731686 0.679157
vn -0.147258 0.607187 0.780794
vn -0.147258 0.607187 0.780794
vn -0.058152 0.731686 0.679157
vn -0.172997 0.713315 0.679157
vn 0.029108 0.366248 0.930062
vn 0.086594 0.357053 0.930062
vn 0.118242 0.487545 0.865054
vn 0.147258 0.607187 0.780794
vn 0.049500 0.622825 0.780794
vn 0.039747 0.500102 0.865054
vn 0.039747 0.500102 0.865054
vn 0.049500 0.622825 0.780794
vn -0.039747 0.500102 0.865054
vn 0.039747 0.500102 0.865054
vn -0.039747 0.500102 0.865054
vn -0.029108 0.366248 0.930062
vn -0.029108 0.366248 0.930062
vn -0.039747 0.500102 0.865054
vn -0.086594 0.357053 0.930062
vn -0.039747 0.500102 0.865054
vn 0.049500 0.622825 0.780794
vn -0.049500 0.622825 0.780794
vn -0.039747 0.500102 0.865054
vn -0.049500 0.622825 0.780794
vn -0.118242 0.487545 0.865054
vn -0.118242 0.487545 0.865054
vn -0.049500 0.622825 0.780794
vn -0.147258 0.607187 0.780794
vn -0.118242 0.487545 0.865054
vn -0.147258 0.607187 0.780794
vn -0.193768 0.462747 0.865054
vn -0.141906 0.338892 0.930062
vn -0.086594 0.357053 0.930062
vn -0.118242 0.487545 0.865054
vn -0.118242 0.487545 0.865054
vn -0.086594 0.357053 0.930062
vn -0.039747 0.500102 0.865054
vn -0.141906 0.338892 0.930062
vn -0.118242 0.487545 0.865054
vn -0.193768 0.462747 0.865054
vn -0.258819 0.362887 0.895168
vn -0.141906 0.338892 0.930062
vn -0.193768 0.462747 0.865054
vn -0.639486 0.301758 -0.707107
vn -0.639486 0.301758 -0.707107
vn -0.600130 0.373957 -0.707107
vn -0.600130 0.373957 -0.707107
vn -0.639486 0.301758 -0.707107
vn -0.600130 0.373957 -0.707107
vn -0.600130 0.373957 -0.707107
vn -0.600130 0.373957 -0.707107
vn -0.552658 0.441100 -0.707107
vn -0.497713 0.502277 -0.707107
vn -0.497713 0.502277 -0.707107
vn -0.552658 0.441100 -0.707107
vn -0.552658 0.441100 -0.707107
vn -0.497713 0.502277 -0.707107
vn -0.552658 0.441100 -0.707107
vn -0.552658 0.441100 -0.707107
vn -0.552658 0.441100 -0.707107
vn -0.600130 0.373957 -0.707107
vn -0.904370 0.426750 0.000000
vn -0.904370 0.426750 0.000000
vn -0.848712 0.528855 0.000000
vn -0.848712 0.528855 0.000000
vn -0.904370 0.426750 0.000000
vn -0.848712 0.528855 0.000000
vn -0.848712 0.528855 0.000000
vn -0.848712 0.528855 0.000000
vn -0.781577 0.623809 0.000000
vn -0.703872 0.710327 0.000000
vn -0.703872 0.710327 0.000000
vn -0.781577 0.623809 0.000000
vn -0.781577 0.623809 0.000000
vn -0.703872 0.710327 0.000000
vn -0.781577 0.623809 0.000000
vn -0.781577 0.623809 0.000000
vn -0.781577 0.623809 0.000000
vn -0.848712 0.528855 0.000000
vn -0.710327 -0.703872 0.000000
vn -0.710327 -0.703872 0.000000
vn -0.710327 -0.703872 0.000000
vn -0.710327 -0.703872 0.000000
vn -0.710327 -0.703872 0.000000
vn -0.710327 -0.703872 0.000000
vn -0.710327 -0.703872 0.000000
vn -0.710327 -0.703872 0.000000
vn -0.710327 -0.703872 0.000000
vn -0.408219 -0.577371 -0.707107
vn -0.408219 -0.577371 -0.707107
vn -0.502277 -0.497713 -0.707107
vn -0.502277 -0.497713 -0.707107
vn -0.408219 -0.577371 -0.707107
vn -0.502277 -0.497713 -0.707107
vn -0.502277 -0.497713 -0.707107
vn -0.502277 -0.497713 -0.707107
vn -0.581073 -0.402932 -0.707107
vn -0.581073 -0.402932 -0.707107
vn -0.502277 -0.497713 -0.707107
vn -0.581073 -0.402932 -0.707107
vn -0.581073 -0.402932 -0.707107
vn -0.581073 -0.402932 -0.707107
vn -0.642214 -0.295908 -0.707107
vn -0.642214 -0.295908 -0.707107
vn -0.581073 -0.402932 -0.707107
vn -0.642214 -0.295908 -0.707107
vn -0.577309 -0.816526 0.000000
vn -0.577309 -0.816526 0.000000
vn -0.710327 -0.703872 0.000000
vn -0.710327 -0.703872 0.000000
vn -0.577309 -0.816526 0.000000
vn -0.710327 -0.703872 0.000000
vn -0.710327 -0.703872 0.000000
vn -0.710327 -0.703872 0.000000
vn -0.821761 -0.569832 0.000000
vn -0.821761 -0.569832 0.000000
vn -0.710327 -0.703872 0.000000
vn -0.821761 -0.569832 0.000000
vn -0.821761 -0.569832 0.000000
vn -0.821761 -0.569832 0.000000
vn -0.908227 -0.418478 0.000000
vn -0.908227 -0.418478 0.000000
vn -0.821761 -0.569832 0.000000
vn -0.908227 -0.418478 0.000000
vn 0.418478 -0.908227 0.000000
vn 0.418478 -0.908227 0.000000
vn 0.418478 -0.908227 0.000000
vn 0.418478 -0.908227 0.000000
vn 0.418478 -0.908227 0.000000
vn 0.418478 -0.908227 0.000000
vn 0.418478 -0.908227 0.000000
vn 0.418478 -0.908227 0.000000
vn 0.418478 -0.908227 0.000000
vn 0.518361 0.480938 -0.707107
vn 0.518361 0.480938 -0.707107
vn 0.570690 0.417508 -0.707107
vn 0.570690 0.417508 -0.707107
vn 0.518361 0.480938 -0.707107
vn 0.570690 0.417508 -0.707107
vn 0.570690 0.417508 -0.707107
vn 0.570690 0.417508 -0.707107
vn 0.615301 0.348432 -0.707107
vn 0.651591 0.274644 -0.707107
vn 0.651591 0.274644 -0.707107
vn 0.615301 0.348432 -0.707107
vn 0.615301 0.348432 -0.707107
vn 0.651591 0.274644 -0.707107
vn 0.615301 0.348432 -0.707107
vn 0.615301 0.348432 -0.707107
vn 0.615301 0.348432 -0.707107
vn 0.570690 0.417508 -0.707107
vn 0.733073 0.680150 0.000000
vn 0.733073 0.680150 0.000000
vn 0.807077 0.590446 0.000000
vn 0.807077 0.590446 0.000000
vn 0.733073 0.680150 0.000000
vn 0.807077 0.590446 0.000000
vn 0.807077 0.590446 0.000000
vn 0.807077 0.590446 0.000000
vn 0.870166 0.492758 0.000000
vn 0.921488 0.388406 0.000000
vn 0.921488 0.388406 0.000000
vn 0.870166 0.492758 0.000000
vn 0.870166 0.492758 0.000000
vn 0.921488 0.388406 0.000000
vn 0.870166 0.492758 0.000000
vn 0.870166 0.492758 0.000000
vn 0.870166 0.492758 0.000000
vn 0.807077 0.590446 0.000000
vn -0.388406 0.921488 0.000000
vn -0.388406 0.921488 0.000000
vn -0.388406 0.921488 0.000000
vn -0.388406 0.921488 0.000000
vn -0.388406 0.921488 0.000000
vn -0.388406 0.921488 0.000000
vn -0.388406 0.921488 0.000000
vn -0.388406 0.921488 0.000000
vn -0.388406 0.921488 0.000000
vn 0.629224 -0.322609 -0.707107
vn 0.629224 -0.322609 -0.707107
vn 0.563644 -0.426972 -0.707107
vn 0.563644 -0.426972 -0.707107
vn 0.629224 -0.322609 -0.707107
vn 0.563644 -0.426972 -0.707107
vn 0.563644 -0.426972 -0.707107
vn 0.563644 -0.426972 -0.707107
vn 0.480938 -0.518361 -0.707107
vn 0.480938 -0.518361 -0.707107
vn 0.563644 -0.426972 -0.707107
vn 0.480938 -0.518361 -0.707107
vn 0.480938 -0.518361 -0.707107
vn 0.480938 -0.518361 -0.707107
vn 0.383619 -0.594000 -0.707107
vn 0.383619 -0.594000 -0.707107
vn 0.480938 -0.518361 -0.707107
vn 0.383619 -0.594000 -0.707107
vn 0.889857 -0.456239 0.000000
vn 0.889857 -0.456239 0.000000
vn 0.797114 -0.603829 0.000000
vn 0.797114 -0.603829 0.000000
vn 0.889857 -0.456239 0.000000
vn 0.797114 -0.603829 0.000000
vn 0.797114 -0.603829 0.000000
vn 0.797114 -0.603829 0.000000
vn 0.680150 -0.733073 0.000000
vn 0.680150 -0.733073 0.000000
vn 0.797114 -0.603829 0.000000
vn 0.680150 -0.733073 0.000000
vn 0.680150 -0.733073 0.000000
vn 0.680150 -0.733073 0.000000
vn 0.542520 -0.840043 0.000000
vn 0.542520 -0.840043 0.000000
vn 0.680150 -0.733073 0.000000
vn 0.542520 -0.840043 0.000000
vn 0.840043 0.542520 0.000000
vn 0.840043 0.542520 0.000000
vn 0.840043 0.542520 0.000000
vn 0.840043 0.542520 0.000000
vn 0.840043 0.542520 0.000000
vn 0.840043 0.542520 0.000000
vn 0.840043 0.542520 0.000000
vn 0.840043 0.542520 0.000000
vn 0.840043 0.542520 0.000000
vn -0.200867 0.979619 0.000000
vn -0.290285 0.956940 -0.000000
vn -0.330724 0.943728 0.000000
vn -0.330724 0.943728 0.000000
vn -0.290285 0.956940 -0.000000
vn -0.382683 0.923880 -0.000000
vn -0.330724 0.943728 0.000000
vn -0.382683 0.923880 -0.000000
vn -0.467546 0.883969 -0.000000
vn -0.467546 0.883969 -0.000000
vn -0.382683 0.923880 -0.000000
vn -0.471397 0.881921 -0.000000
vn -0.467546 0.883969 -0.000000
vn -0.471397 0.881921 -0.000000
vn -0.555570 0.831470 -0.000000
vn -0.067363 0.997729 0.000000
vn -0.098017 0.995185 -0.000000
vn -0.200867 0.979619 0.000000
vn -0.200867 0.979619 0.000000
vn -0.098017 0.995185 -0.000000
vn -0.195090 0.980785 -0.000000
vn -0.200867 0.979619 0.000000
vn -0.195090 0.980785 -0.000000
vn -0.290285 0.956940 -0.000000
vn -0.098017 0.995185 -0.000000
vn -0.067363 0.997729 0.000000
vn -0.000000 1.000000 -0.000000
vn -0.000000 1.000000 -0.000000
vn -0.067363 0.997729 0.000000
vn 0.067363 0.997729 0.000000
vn -0.000000 1.000000 -0.000000
vn 0.067363 0.997729 0.000000
vn 0.098017 0.995185 0.000000
vn 0.098017 0.995185 0.000000
vn 0.067363 0.997729 0.000000
vn 0.200867 0.979619 0.000000
vn 0.098017 0.995185 0.000000
vn 0.200867 0.979619 0.000000
vn 0.195090 0.980785 0.000000
vn 0.195090 0.980785 0.000000
vn 0.200867 0.979619 0.000000
vn 0.290285 0.956940 0.000000
vn 0.290285 0.956940 0.000000
vn 0.200867 0.979619 0.000000
vn 0.330724 0.943728 0.000000
vn 0.290285 0.956940 0.000000
vn 0.330724 0.943728 0.000000
vn 0.382683 0.923880 0.000000
vn 0.382683 0.923880 0.000000
vn 0.330724 0.943728 0.000000
vn 0.474923 0.880027 0.000000
vn 0.382683 0.923880 0.000000
vn 0.474923 0.880027 0.000000
vn 0.471397 0.881921 0.000000
vn 0.471397 0.881921 0.000000
vn 0.474923 0.880027 0.000000
vn 0.555570 0.831470 0.000000
vn 0.555570 0.831470 0.000000
vn 0.474923 0.880027 0.000000
vn 0.607320 0.794457 0.000000
vn 0.555570 0.831470 0.000000
vn 0.607320 0.794457 0.000000
vn 0.634393 0.773010 0.000000
vn 0.634393 0.773010 0.000000
vn 0.607320 0.794457 0.000000
vn 0.724624 0.689144 0.000000
vn 0.634393 0.773010 0.000000
vn 0.724624 0.689144 0.000000
vn 0.707107 0.707107 0.000000
vn 0.707107 0.707107 0.000000
vn 0.724624 0.689144 0.000000
vn 0.773010 0.634393 0.000000
vn 0.773010 0.634393 0.000000
vn 0.724624 0.689144 0.000000
vn 0.823920 0.566705 0.000000
vn 0.773010 0.634393 0.000000
vn 0.823920 0.566705 0.000000
vn 0.831470 0.555570 0.000000
vn 0.831470 0.555570 0.000000
vn 0.823920 0.566705 0.000000
vn 0.881921 0.471397 0.000000
vn 0.881921 0.471397 0.000000
vn 0.823920 0.566705 0.000000
vn 0.902742 0.430183 0.000000
vn 0.881921 0.471397 0.000000
vn 0.902742 0.430183 0.000000
vn 0.923880 0.382683 0.000000
vn 0.923880 0.382683 0.000000
vn 0.902742 0.430183 0.000000
vn 0.959128 0.282971 0.000000
vn 0.923880 0.382683 0.000000
vn 0.959128 0.282971 0.000000
vn 0.956940 0.290285 0.000000
vn 0.956940 0.290285 0.000000
vn 0.959128 0.282971 0.000000
vn 0.980785 0.195090 0.000000
vn 0.980785 0.195090 0.000000
vn 0.959128 0.282971 0.000000
vn 0.991680 0.128726 0.000000
vn 0.980785 0.195090 0.000000
vn 0.991680 0.128726 0.000000
vn 0.995185 0.098017 0.000000
vn 0.995185 0.098017 0.000000
vn 0.991680 0.128726 0.000000
vn 0.999588 -0.028718 0.000000
vn 0.995185 0.098017 0.000000
vn 0.999588 -0.028718 0.000000
vn 1.000000 0.000000 0.000000
vn 1.000000 0.000000 0.000000
vn 0.999588 -0.028718 0.000000
vn 0.995185 -0.098017 0.000000
vn 0.995185 -0.098017 0.000000
vn 0.999588 -0.028718 0.000000
vn 0.982654 -0.185448 0.000000
vn 0.995185 -0.098017 0.000000
vn 0.982654 -0.185448 0.000000
vn 0.980785 -0.195090 0.000000
vn 0.980785 -0.195090 0.000000
vn 0.982654 -0.185448 0.000000
vn 0.956940 -0.290285 0.000000
vn 0.956940 -0.290285 0.000000
vn 0.982654 -0.185448 0.000000
vn 0.948808 -0.315854 0.000000
vn 0.956940 -0.290285 0.000000
vn 0.948808 -0.315854 0.000000
vn 0.923880 -0.382683 0.000000
vn 0.923880 -0.382683 0.000000
vn 0.948808 -0.315854 0.000000
vn 0.897740 -0.440526 0.000000
vn 0.923880 -0.382683 0.000000
vn 0.897740 -0.440526 0.000000
vn 0.881921 -0.471397 0.000000
vn 0.881921 -0.471397 0.000000
vn 0.897740 -0.440526 0.000000
vn 0.830377 -0.557202 0.000000
vn 0.881921 -0.471397 0.000000
vn 0.830377 -0.557202 0.000000
vn 0.831470 -0.555570 0.000000
vn 0.831470 -0.555570 0.000000
vn 0.830377 -0.557202 0.000000
vn 0.773010 -0.634393 0.000000
vn 0.773010 -0.634393 0.000000
vn 0.830377 -0.557202 0.000000
vn 0.747941 -0.663765 0.000000
vn 0.773010 -0.634393 0.000000
vn 0.747941 -0.663765 0.000000
vn 0.707107 -0.707107 0.000000
vn 0.707107 -0.707107 0.000000
vn 0.747941 -0.663765 0.000000
vn 0.651930 -0.758279 0.000000
vn 0.707107 -0.707107 0.000000
vn 0.651930 -0.758279 0.000000
vn 0.634393 -0.773010 0.000000
vn 0.634393 -0.773010 0.000000
vn 0.651930 -0.758279 0.000000
vn 0.555570 -0.831470 0.000000
vn 0.555570 -0.831470 0.000000
vn 0.651930 -0.758279 0.000000
vn 0.531766 -0.846891 0.000000
vn 0.555570 -0.831470 0.000000
vn 0.531766 -0.846891 0.000000
vn 0.471397 -0.881921 0.000000
vn 0.471397 -0.881921 0.000000
vn 0.531766 -0.846891 0.000000
vn 0.399748 -0.916625 0.000000
vn 0.471397 -0.881921 0.000000
vn 0.399748 -0.916625 0.000000
vn 0.382683 -0.923880 0.000000
vn 0.382683 -0.923880 0.000000
vn 0.399748 -0.916625 0.000000
vn 0.290285 -0.956940 0.000000
vn 0.290285 -0.956940 0.000000
vn 0.399748 -0.916625 0.000000
vn 0.258819 -0.965926 0.000000
vn 0.290285 -0.956940 0.000000
vn 0.258819 -0.965926 0.000000
vn 0.195090 -0.980785 0.000000
vn 0.195090 -0.980785 0.000000
vn 0.258819 -0.965926 0.000000
vn 0.112121 -0.993695 0.000000
vn 0.195090 -0.980785 0.000000
vn 0.112121 -0.993695 0.000000
vn 0.098017 -0.995185 0.000000
vn 0.098017 -0.995185 0.000000
vn 0.112121 -0.993695 0.000000
vn 0.000000 -1.000000 0.000000
vn 0.000000 -1.000000 0.000000
vn 0.112121 -0.993695 0.000000
vn -0.037077 -0.999312 0.000000
vn 0.000000 -1.000000 0.000000
vn -0.037077 -0.999312 0.000000
vn -0.098017 -0.995185 0.000000
vn -0.098017 -0.995185 0.000000
vn -0.037077 -0.999312 0.000000
vn -0.185448 -0.982654 0.000000
vn -0.098017 -0.995185 0.000000
vn -0.185448 -0.982654 0.000000
vn -0.195090 -0.980785 0.000000
vn -0.195090 -0.980785 0.000000
vn -0.185448 -0.982654 0.000000
vn -0.290285 -0.956940 0.000000
vn -0.290285 -0.956940 0.000000
vn -0.185448 -0.982654 0.000000
vn -0.315854 -0.948808 0.000000
vn -0.290285 -0.956940 0.000000
vn -0.315854 -0.948808 0.000000
vn -0.382683 -0.923880 0.000000
vn -0.382683 -0.923880 0.000000
vn -0.315854 -0.948808 0.000000
vn -0.440526 -0.897740 0.000000
vn -0.382683 -0.923880 0.000000
vn -0.440526 -0.897740 0.000000
vn -0.471397 -0.881921 0.000000
vn -0.471397 -0.881921 0.000000
vn -0.440526 -0.897740 0.000000
vn -0.557202 -0.830377 0.000000
vn -0.471397 -0.881921 0.000000
vn -0.557202 -0.830377 0.000000
vn -0.555570 -0.831470 0.000000
vn -0.555570 -0.831470 0.000000
vn -0.557202 -0.830377 0.000000
vn -0.634393 -0.773010 0.000000
vn -0.634393 -0.773010 0.000000
vn -0.557202 -0.830377 0.000000
vn -0.663765 -0.747941 0.000000
vn -0.634393 -0.773010 0.000000
vn -0.663765 -0.747941 0.000000
vn -0.707107 -0.707107 0.000000
vn -0.707107 -0.707107 0.000000
vn -0.663765 -0.747941 0.000000
vn -0.758279 -0.651930 0.000000
vn -0.707107 -0.707107 0.000000
vn -0.758279 -0.651930 0.000000
vn -0.773010 -0.634393 0.000000
vn -0.773010 -0.634393 0.000000
vn -0.758279 -0.651930 0.000000
vn -0.833284 -0.552845 0.000000
vn -0.773010 -0.634393 0.000000
vn -0.833284 -0.552845 0.000000
vn -0.831470 -0.555570 0.000000
vn -0.831470 -0.555570 0.000000
vn -0.833284 -0.552845 0.000000
vn -0.881921 -0.471397 0.000000
vn -0.881921 -0.471397 0.000000
vn -0.833284 -0.552845 0.000000
vn -0.895420 -0.445223 0.000000
vn -0.881921 -0.471397 0.000000
vn -0.895420 -0.445223 0.000000
vn -0.923880 -0.382683 0.000000
vn -0.923880 -0.382683 0.000000
vn -0.895420 -0.445223 0.000000
vn -0.943728 -0.330724 0.000000
vn -0.923880 -0.382683 0.000000
vn -0.943728 -0.330724 0.000000
vn -0.956940 -0.290285 0.000000
vn -0.956940 -0.290285 0.000000
vn -0.943728 -0.330724 0.000000
vn -0.979619 -0.200867 0.000000
vn -0.956940 -0.290285 0.000000
vn -0.979619 -0.200867 0.000000
vn -0.980785 -0.195090 0.000000
vn -0.980785 -0.195090 0.000000
vn -0.979619 -0.200867 0.000000
vn -0.995185 -0.098017 0.000000
vn -0.995185 -0.098017 0.000000
vn -0.979619 -0.200867 0.000000
vn -0.997729 -0.067363 0.000000
vn -0.995185 -0.098017 0.000000
vn -0.997729 -0.067363 0.000000
vn -1.000000 0.000000 0.000000
vn -1.000000 0.000000 0.000000
vn -0.997729 -0.067363 0.000000
vn -0.997729 0.067363 0.000000
vn -1.000000 0.000000 0.000000
vn -0.997729 0.067363 0.000000
vn -0.995185 0.098017 -0.000000
vn -0.995185 0.098017 -0.000000
vn -0.997729 0.067363 0.000000
vn -0.979619 0.200867 0.000000
vn -0.995185 0.098017 -0.000000
vn -0.979619 0.200867 0.000000
vn -0.980785 0.195090 -0.000000
vn -0.980785 0.195090 -0.000000
vn -0.979619 0.200867 0.000000
vn -0.956940 0.290285 -0.000000
vn -0.956940 0.290285 -0.000000
vn -0.979619 0.200867 0.000000
vn -0.943728 0.330724 0.000000
vn -0.956940 0.290285 -0.000000
vn -0.943728 0.330724 0.000000
vn -0.923880 0.382683 -0.000000
vn -0.923880 0.382683 -0.000000
vn -0.943728 0.330724 0.000000
vn -0.883969 0.467546 -0.000000
vn -0.923880 0.382683 -0.000000
vn -0.883969 0.467546 -0.000000
vn -0.881921 0.471397 -0.000000
vn -0.881921 0.471397 -0.000000
vn -0.883969 0.467546 -0.000000
vn -0.831470 0.555570 -0.000000
vn -0.831470 0.555570 -0.000000
vn -0.883969 0.467546 -0.000000
vn -0.804504 0.593947 -0.000000
vn -0.831470 0.555570 -0.000000
vn -0.804504 0.593947 -0.000000
vn -0.773010 0.634393 -0.000000
vn -0.773010 0.634393 -0.000000
vn -0.804504 0.593947 -0.000000
vn -0.707107 0.707107 -0.000000
vn -0.773010 0.634393 -0.000000
vn -0.707107 0.707107 -0.000000
vn -0.707107 0.707107 -0.000000
vn -0.707107 0.707107 -0.000000
vn -0.707107 0.707107 -0.000000
vn -0.634393 0.773010 -0.000000
vn -0.634393 0.773010 -0.000000
vn -0.707107 0.707107 -0.000000
vn -0.593947 0.804504 -0.000000
vn -0.634393 0.773010 -0.000000
vn -0.593947 0.804504 -0.000000
vn -0.555570 0.831470 -0.000000
vn -0.555570 0.831470 -0.000000
vn -0.593947 0.804504 -0.000000
vn -0.467546 0.883969 -0.000000
vn 0.000000 0.000000 1.000000
vn 0.000000 0.000000 1.000000
vn 0.000000 0.000000 1.000000
vn 0.000000 0.000000 1.000000
vn 0.000000 0.000000 1.000000
vn 0.000000 0.000000 1.000000
vn 0.000000 0.000000 1.000000
vn 0.000000 0.000000 1.000000
vn 0.000000 0.000000 1.000000
vn 0.000000 0.000000 1.000000
vn 0.000000 0.000000 1.000000
vn 0.000000 0.000000 1.000000
vn 0.000000 0.000000 1.000000
vn 0.000000 0.000000 1.000000
vn 0.000000 0.000000 1.000000
vn 0.000000 0.000000 1.000000
vn 0.000000 0.000000 1.000000
vn 0.000000 0.000000 1.000000
vn 0.000000 0.000000 1.000000
vn 0.000000 0.000000 1.000000
vn 0.000000 0.000000 1.000000
vn 0.000000 0.000000 1.000000
vn 0.000000 0.000000 1.000000
vn 0.000000 0.000000 1.000000
vn 0.000000 0.000000 1.000000
vn 0.000000 0.000000 1.000000
vn 0.000000 0.000000 1.000000
vn 0.000000 0.000000 1.000000
vn 0.000000 0.000000 1.000000
vn 0.000000 0.000000 1.000000
vn 0.000000 0.000000 1.000000
vn 0.000000 0.000000 1.000000
vn 0.000000 0.000000 1.000000
vn 0.000000 0.000000 1.000000
vn 0.000000 0.000000 1.000000
vn 0.000000 0.000000 1.000000
vn 0.000000 0.000000 1.000000
vn 0.000000 0.000000 1.000000
vn 0.000000 0.000000 1.000000
vn 0.000000 0.000000 1.000000
vn 0.000000 0.000000 1.000000
vn 0.000000 0.000000 1.000000
vn 0.000000 0.000000 1.000000
vn 0.000000 0.000000 1.000000
vn 0.000000 0.000000 1.000000
vn 0.000000 0.000000 1.000000
vn 0.000000 0.000000 1.000000
vn 0.000000 0.000000 1.000000
vn 0.000000 0.000000 1.000000
vn 0.000000 0.000000 1.000000
vn 0.000000 0.000000 1.000000
vn 0.000000 0.000000 1.000000
vn 0.000000 0.000000 1.000000
vn 0.000000 0.000000 1.000000
vn 0.000000 0.000000 1.000000
vn 0.000000 0.000000 1.000000
vn 0.000000 0.000000 1.000000
vn 0.000000 0.000000 1.000000
vn 0.000000 0.000000 1.000000
vn 0.000000 0.000000 1.000000
vn 0.000000 0.000000 1.000000
vn 0.000000 0.000000 1.000000
vn 0.000000 0.000000 1.000000
vn 0.000000 0.000000 1.000000
vn 0.000000 0.000000 1.000000
vn 0.000000 0.000000 1.000000
vn 0.000000 0.000000 1.000000
vn 0.000000 0.000000 1.000000
vn 0.000000 0.000000 1.000000
vn 0.000000 0.000000 1.000000
vn 0.000000 0.000000 1.000000
vn 0.000000 0.000000 1.000000
vn 0.000000 0.000000 1.000000
vn 0.000000 0.000000 1.000000
vn 0.000000 0.000000 1.000000
vn 0.000000 0.000000 1.000000
vn 0.000000 0.000000 1.000000
vn 0.000000 0.000000 1.000000
vn 0.000000 0.000000 1.000000
vn 0.000000 0.000000 1.000000
vn 0.000000 0.000000 1.000000
vn 0.000000 0.000000 1.000000
vn 0.000000 0.000000 1.000000
vn 0.000000 0.000000 1.000000
vn 0.000000 0.000000 1.000000
vn 0.000000 0.000000 1.000000
vn 0.000000 0.000000 1.000000
vn 0.000000 0.000000 1.000000
vn 0.000000 0.000000 1.000000
vn 0.000000 0.000000 1.000000
vn 0.000000 0.000000 1.000000
vn 0.000000 0.000000 1.000000
vn 0.000000 0.000000 1.000000
vn 0.000000 0.000000 1.000000
vn 0.000000 0.000000 1.000000
vn 0.000000 0.000000 1.000000
vn 0.000000 0.000000 1.000000
vn 0.000000 0.000000 1.000000
vn 0.000000 0.000000 1.000000
vn 0.000000 0.000000 1.000000
vn 0.000000 0.000000 1.000000
vn 0.000000 0.000000 1.000000
vn 0.000000 0.000000 1.000000
vn 0.000000 0.000000 1.000000
vn 0.000000 0.000000 1.000000
vn 0.000000 0.000000 1.000000
vn 0.000000 0.000000 1.000000
vn 0.000000 0.000000 1.000000
vn 0.000000 0.000000 1.000000
vn 0.000000 0.000000 1.000000
vn 0.000000 0.000000 1.000000
vn 0.000000 0.000000 1.000000
vn 0.000000 0.000000 1.000000
vn 0.000000 0.000000 1.000000
vn 0.000000 0.000000 1.000000
vn 0.000000 0.000000 1.000000
vn 0.000000 0.000000 1.000000
vn 0.000000 0.000000 1.000000
vn 0.000000 0.000000 1.000000
vn 0.000000 0.000000 1.000000
vn 0.000000 0.000000 1.000000
vn 0.000000 0.000000 1.000000
vn 0.000000 0.000000 1.000000
vn 0.000000 0.000000 1.000000
vn 0.000000 0.000000 1.000000
vn 0.000000 0.000000 1.000000
vn 0.000000 0.000000 1.000000
vn 0.000000 0.000000 1.000000
vn 0.000000 0.000000 1.000000
vn 0.000000 0.000000 1.000000
vn 0.000000 0.000000 1.000000
vn 0.000000 0.000000 1.000000
vn 0.000000 0.000000 1.000000
vn 0.000000 0.000000 1.000000
vn 0.000000 0.000000 1.000000
vn 0.000000 0.000000 1.000000
vn 0.000000 0.000000 1.000000
vn 0.000000 0.000000 1.000000
vn 0.000000 0.000000 1.000000
vn 0.000000 0.000000 1.000000
vn 0.000000 0.000000 1.000000
vn 0.000000 0.000000 1.000000
vn 0.000000 0.000000 1.000000
vn 0.000000 0.000000 1.000000
vn 0.000000 0.000000 1.000000
vn 0.000000 0.000000 1.000000
vn 0.000000 0.000000 1.000000
vn 0.000000 0.000000 1.000000
vn 0.000000 0.000000 1.000000
vn 0.000000 0.000000 1.000000
vn 0.000000 0.000000 1.000000
vn 0.000000 0.000000 1.000000
vn 0.000000 0.000000 1.000000
vn 0.000000 0.000000 1.000000
vn 0.000000 0.000000 1.000000
vn 0.000000 0.000000 1.000000
vn 0.000000 0.000000 1.000000
vn 0.000000 0.000000 1.000000
vn 0.000000 0.000000 1.000000
vn 0.000000 0.000000 1.000000
vn 0.000000 0.000000 1.000000
vn 0.000000 0.000000 1.000000
vn 0.000000 0.000000 1.000000
vn 0.000000 0.000000 1.000000
vn 0.000000 0.000000 1.000000
vn 0.000000 0.000000 1.000000
vn 0.000000 0.000000 1.000000
vn 0.000000 0.000000 1.000000
vn 0.000000 0.000000 1.000000
vn 0.000000 0.000000 1.000000
vn 0.000000 0.000000 1.000000
vn 0.000000 0.000000 1.000000
vn 0.000000 0.000000 1.000000
vn 0.000000 0.000000 1.000000
vn 0.000000 0.000000 1.000000
vn 0.000000 0.000000 1.000000
vn 0.000000 0.000000 1.000000
vn 0.000000 0.000000 1.000000
vn 0.000000 0.000000 1.000000
vn 0.000000 0.000000 1.000000
vn 0.000000 0.000000 1.000000
vn 0.000000 0.000000 1.000000
vn 0.000000 0.000000 1.000000
vn 0.000000 0.000000 1.000000
vn 0.000000 0.000000 1.000000
vn 0.000000 0.000000 1.000000
vn 0.000000 0.000000 1.000000
vn 0.000000 0.000000 1.000000
vn 0.000000 0.000000 1.000000
vn 0.000000 0.000000 1.000000
vn 0.000000 0.000000 1.000000
vn 0.000000 0.000000 1.000000
vn 0.000000 0.000000 1.000000
vn 0.000000 0.000000 1.000000
vn 0.000000 0.000000 1.000000
vn 0.000000 0.000000 1.000000
vn 0.000000 0.000000 1.000000
vn 0.000000 0.000000 1.000000
vn 0.000000 0.000000 1.000000
vn 0.000000 0.000000 1.000000
vn 0.000000 0.000000 1.000000
vn 0.000000 0.000000 1.000000
vn 0.000000 0.000000 1.000000
vn 0.000000 0.000000 1.000000
vn 0.000000 0.000000 1.000000
vn 0.000000 0.000000 1.000000
vn 0.000000 0.000000 1.000000
vn 0.000000 0.000000 1.000000
vn 0.000000 0.000000 1.000000
vn 0.000000 0.000000 1.000000
vn 0.000000 0.000000 1.000000
vn 0.000000 0.000000 1.000000
vn 0.000000 0.000000 1.000000
vn 0.000000 0.000000 1.000000
vn 0.000000 0.000000 1.000000
vn 0.000000 0.000000 1.000000
vn 0.000000 0.000000 1.000000
vn 0.000000 0.000000 1.000000
vn 0.000000 0.000000 1.000000
vn 0.000000 0.000000 1.000000
vn 0.000000 0.000000 1.000000
vn 0.000000 0.000000 1.000000
vn 0.000000 0.000000 1.000000
vn 0.000000 0.000000 1.000000
vn 0.000000 0.000000 1.000000
vn 0.000000 0.000000 1.000000
vn 0.000000 0.000000 1.000000
vn 0.000000 0.000000 1.000000
vn 0.000000 0.000000 1.000000
vn 0.000000 0.000000 1.000000
vn 0.000000 0.000000 1.000000
vn 0.000000 0.000000 1.000000
vn 0.000000 0.000000 1.000000
vn 0.000000 0.000000 1.000000
vn 0.000000 0.000000 1.000000
vn 0.000000 0.000000 1.000000
vn 0.000000 0.000000 1.000000
vn 0.000000 0.000000 1.000000
vn 0.000000 0.000000 1.000000
vn 0.000000 0.000000 1.000000
vn 0.000000 0.000000 1.000000
vn 0.000000 0.000000 1.000000
vn 0.000000 0.000000 1.000000
vn 0.000000 0.000000 1.000000
vn 0.000000 0.000000 1.000000
vn 0.000000 0.000000 1.000000
vn 0.000000 0.000000 1.000000
vn 0.000000 0.000000 1.000000
vn 0.000000 0.000000 1.000000
vn 0.000000 0.000000 1.000000
vn 0.000000 0.000000 1.000000
vn 0.000000 0.000000 1.000000
vn 0.000000 0.000000 1.000000
vn 0.000000 0.000000 1.000000
vn 0.000000 0.000000 1.000000
vn 0.000000 0.000000 1.000000
vn 0.000000 0.000000 1.000000
vn 0.000000 0.000000 1.000000
vn 0.000000 0.000000 1.000000
vn 0.000000 0.000000 1.000000
vn 0.000000 0.000000 1.000000
vn 0.000000 0.000000 1.000000
vn 0.000000 0.000000 1.000000
vn 0.000000 0.000000 1.000000
vn 0.000000 0.000000 1.000000
vn 0.000000 0.000000 1.000000
vn 0.000000 0.000000 1.000000
vn 0.000000 0.000000 1.000000
vn 0.000000 0.000000 1.000000
vn 0.000000 0.000000 1.000000
vn 0.000000 0.000000 1.000000
vn 0.000000 0.000000 1.000000
vn 0.000000 0.000000 1.000000
vn 0.000000 0.000000 1.000000
vn 0.000000 0.000000 1.000000
vn 0.000000 0.000000 1.000000
vn 0.000000 0.000000 1.000000
vn 0.000000 0.000000 1.000000
vn 0.000000 0.000000 1.000000
vn 0.000000 0.000000 1.000000
vn 0.000000 0.000000 1.000000
vn 0.000000 0.000000 1.000000
vn 0.000000 0.000000 1.000000
vn 0.000000 0.000000 1.000000
vn 0.000000 0.000000 1.000000
vn 0.000000 0.000000 1.000000
vn 0.000000 0.000000 1.000000
vn 0.000000 0.000000 1.000000
vn 0.000000 0.000000 1.000000
vn 0.000000 0.000000 1.000000
vn 0.000000 0.000000 1.000000
vn 0.000000 0.000000 1.000000
vn 0.000000 0.000000 1.000000
vn 0.000000 0.000000 1.000000
vn 0.000000 0.000000 1.000000
vn 0.000000 0.000000 1.000000
vn 0.000000 0.000000 1.000000
vn 0.000000 0.000000 1.000000
vn 0.000000 0.000000 1.000000
vn 0.000000 0.000000 1.000000
vn 0.000000 0.000000 1.000000
vn 0.000000 0.000000 1.000000
vn 0.000000 0.000000 1.000000
vn 0.000000 0.000000 1.000000
vn 0.000000 0.000000 1.000000
vn 0.000000 0.000000 1.000000
vn 0.000000 0.000000 1.000000
vn 0.000000 0.000000 1.000000
vn 0.000000 0.000000 1.000000
vn 0.000000 0.000000 1.000000
vn 0.000000 0.000000 1.000000
vn 0.000000 0.000000 1.000000
vn 0.000000 0.000000 1.000000
vn 0.000000 0.000000 1.000000
vn 0.000000 0.000000 1.000000
vn 0.000000 0.000000 1.000000
vn 0.000000 0.000000 1.000000
vn 0.000000 0.000000 1.000000
vn 0.000000 0.000000 1.000000
vn 0.000000 0.000000 1.000000
vn 0.000000 0.000000 1.000000
vn 0.000000 0.000000 1.000000
vn 0.000000 0.000000 1.000000
vn 0.000000 0.000000 1.000000
vn 0.000000 0.000000 1.000000
vn 0.000000 0.000000 1.000000
vn 0.000000 0.000000 1.000000
vn 0.000000 0.000000 1.000000
vn 0.000000 0.000000 1.000000
vn 0.000000 0.000000 1.000000
vn 0.000000 0.000000 1.000000
vn 0.000000 0.000000 1.000000
vn 0.000000 0.000000 1.000000
vn 0.000000 0.000000 1.000000
vn 0.000000 0.000000 1.000000
vn 0.000000 0.000000 1.000000
vn 0.000000 0.000000 1.000000
vn 0.000000 0.000000 1.000000
vn 0.000000 0.000000 1.000000
vn 0.000000 0.000000 1.000000
vn 0.000000 0.000000 1.000000
vn 0.000000 0.000000 1.000000
vn 0.000000 0.000000 1.000000
vn 0.000000 0.000000 1.000000
vn 0.000000 0.000000 1.000000
vn 0.000000 0.000000 1.000000
vn 0.000000 0.000000 1.000000
vn 0.000000 0.000000 1.000000
vn 0.000000 0.000000 1.000000
vn 0.000000 0.000000 1.000000
vn 0.000000 0.000000 1.000000
vn 0.000000 0.000000 1.000000
vn 0.000000 0.000000 1.000000
vn 0.000000 0.000000 1.000000
vn 0.000000 0.000000 1.000000
vn 0.000000 0.000000 1.000000
vn 0.000000 0.000000 1.000000
vn 0.000000 0.000000 1.000000
vn 0.000000 0.000000 1.000000
vn 0.000000 0.000000 1.000000
vn 0.000000 0.000000 1.000000
vn 0.000000 0.000000 1.000000
vn 0.000000 0.000000 1.000000
vn 0.000000 0.000000 1.000000
vn 0.000000 0.000000 1.000000
vn 0.000000 0.000000 1.000000
vn 0.000000 0.000000 1.000000
vn 0.000000 0.000000 1.000000
vn 0.000000 0.000000 1.000000
vn 0.000000 0.000000 1.000000
vn 0.000000 0.000000 1.000000
vn 0.000000 0.000000 1.000000
vn 0.000000 0.000000 1.000000
vn 0.000000 0.000000 1.000000
vn 0.000000 0.000000 1.000000
vn 0.000000 0.000000 1.000000
vn 0.000000 0.000000 1.000000
vn 0.000000 0.000000 1.000000
vn 0.000000 0.000000 1.000000
vn 0.000000 0.000000 1.000000
vn 0.000000 0.000000 1.000000
vn 0.000000 0.000000 1.000000
vn 0.000000 0.000000 1.000000
vn 0.000000 0.000000 1.000000
vn 0.000000 0.000000 1.000000
vn 0.000000 0.000000 1.000000
vn 0.000000 0.000000 1.000000
vn 0.000000 0.000000 1.000000
vn 0.000000 0.000000 1.000000
vn 0.000000 0.000000 1.000000
vn 0.000000 0.000000 1.000000
vn 0.000000 0.000000 1.000000
vn 0.000000 0.000000 1.000000
vn 0.000000 0.000000 1.000000
vn 0.000000 0.000000 1.000000
vn 0.000000 0.000000 1.000000
vn 0.000000 0.000000 1.000000
vn 0.000000 0.000000 1.000000
vn 0.000000 0.000000 1.000000
vn 0.000000 0.000000 1.000000
vn 0.000000 0.000000 1.000000
vn 0.000000 0.000000 1.000000
vn 0.000000 0.000000 1.000000
vn 0.000000 0.000000 1.000000
vn 0.000000 0.000000 1.000000
vn 0.000000 0.000000 1.000000
vn 0.000000 0.000000 1.000000
vn 0.000000 0.000000 1.000000
vn 0.000000 0.000000 1.000000
vn 0.000000 0.000000 1.000000
vn 0.000000 0.000000 1.000000
vn 0.000000 0.000000 1.000000
vn 0.000000 0.000000 1.000000
vn 0.000000 0.000000 1.000000
vn 0.000000 0.000000 1.000000
vn 0.000000 0.000000 1.000000
vn 0.000000 0.000000 1.000000
vn 0.000000 0.000000 1.000000
vn 0.000000 0.000000 1.000000
vn 0.000000 0.000000 1.000000
vn 0.000000 0.000000 1.000000
vn 0.000000 0.000000 1.000000
vn 0.000000 0.000000 1.000000
vn 0.000000 0.000000 1.000000
vn 0.000000 0.000000 1.000000
vn 0.000000 0.000000 1.000000
vn 0.000000 0.000000 1.000000
vn 0.000000 0.000000 1.000000
vn 0.000000 0.000000 1.000000
vn 0.000000 0.000000 1.000000
vn 0.000000 0.000000 1.000000
vn 0.000000 0.000000 1.000000
vn 0.000000 0.000000 1.000000
vn 0.000000 0.000000 1.000000
vn 0.000000 0.000000 1.000000
vn 0.000000 0.000000 1.000000
vn 0.000000 0.000000 1.000000
vn 0.000000 0.000000 1.000000
vn 0.000000 0.000000 1.000000
vn 0.000000 0.000000 1.000000
vn 0.000000 0.000000 1.000000
vn 0.000000 0.000000 1.000000
vn 0.000000 0.000000 1.000000
vn 0.000000 0.000000 1.000000
vn 0.000000 0.000000 1.000000
vn 0.000000 0.000000 1.000000
vn 0.000000 0.000000 1.000000
vn 0.000000 0.000000 1.000000
vn 0.000000 0.000000 1.000000
vn 0.000000 0.000000 1.000000
vn 0.000000 0.000000 1.000000
vn 0.000000 0.000000 1.000000
vn 0.000000 0.000000 1.000000
vn 0.000000 0.000000 1.000000
vn 0.000000 0.000000 1.000000
vn 0.000000 0.000000 1.000000
vn 0.000000 0.000000 1.000000
vn 0.000000 0.000000 1.000000
vn 0.000000 0.000000 1.000000
vn 0.000000 0.000000 1.000000
vn 0.000000 0.000000 1.000000
vn 0.000000 0.000000 1.000000
vn 0.000000 0.000000 1.000000
vn 0.000000 0.000000 1.000000
vn 0.000000 0.000000 1.000000
vn 0.000000 0.000000 1.000000
vn 0.000000 0.000000 1.000000
vn 0.000000 0.000000 1.000000
vn 0.000000 0.000000 1.000000
vn 0.000000 0.000000 1.000000
vn 0.000000 0.000000 1.000000
vn 0.000000 0.000000 1.000000
vn 0.000000 0.000000 1.000000
vn 0.000000 0.000000 1.000000
vn 0.000000 0.000000 1.000000
vn 0.000000 0.000000 1.000000
vn 0.000000 0.000000 1.000000
vn 0.000000 0.000000 1.000000
vn 0.000000 0.000000 1.000000
vn 0.000000 0.000000 1.000000
vn 0.000000 0.000000 1.000000
vn 0.000000 0.000000 1.000000
vn 0.000000 0.000000 1.000000
vn 0.000000 0.000000 1.000000
vn 0.000000 0.000000 1.000000
vn 0.000000 0.000000 1.000000
vn 0.000000 0.000000 1.000000
vn 0.000000 0.000000 1.000000
vn 0.000000 0.000000 1.000000
vn 0.000000 0.000000 1.000000
vn 0.000000 0.000000 1.000000
vn 0.000000 0.000000 1.000000
vn 0.000000 0.000000 1.000000
vn 0.000000 0.000000 1.000000
vn 0.000000 0.000000 1.000000
vn 0.000000 0.000000 1.000000
vn 0.000000 0.000000 1.000000
vn 0.000000 0.000000 1.000000
vn 0.000000 0.000000 1.000000
vn 0.000000 0.000000 1.000000
vn 0.000000 0.000000 1.000000
vn 0.000000 0.000000 1.000000
vn 0.000000 0.000000 1.000000
vn 0.000000 0.000000 1.000000
vn 0.000000 0.000000 1.000000
vn 0.000000 0.000000 1.000000
vn 0.000000 0.000000 1.000000
vn 0.000000 0.000000 1.000000
vn 0.000000 0.000000 1.000000
vn 0.000000 0.000000 1.000000
vn 0.000000 0.000000 1.000000
vn 0.000000 0.000000 1.000000
vn 0.000000 0.000000 1.000000
vn 0.000000 0.000000 1.000000
vn 0.000000 0.000000 1.000000
vn 0.000000 0.000000 1.000000
vn 0.000000 0.000000 1.000000
vn 0.000000 0.000000 1.000000
vn 0.000000 0.000000 1.000000
vn 0.000000 0.000000 1.000000
vn 0.000000 0.000000 1.000000
vn 0.000000 0.000000 1.000000
vn 0.000000 0.000000 1.000000
vn 0.000000 0.000000 1.000000
vn 0.000000 0.000000 1.000000
vn 0.000000 0.000000 1.000000
vn 0.000000 0.000000 1.000000
vn 0.000000 0.000000 1.000000
vn 0.000000 0.000000 1.000000
vn 0.000000 0.000000 1.000000
vn 0.000000 0.000000 1.000000
vn 0.000000 0.000000 1.000000
vn 0.000000 0.000000 1.000000
vn 0.000000 0.000000 1.000000
vn 0.000000 0.000000 1.000000
vn 0.000000 0.000000 1.000000
vn 0.000000 0.000000 1.000000
vn 0.000000 0.000000 1.000000
vn 0.000000 0.000000 1.000000
vn 0.000000 0.000000 1.000000
vn 0.000000 0.000000 1.000000
vn 0.000000 0.000000 1.000000
vn 0.000000 0.000000 1.000000
vn 0.000000 0.000000 1.000000
vn 0.000000 0.000000 1.000000
vn 0.000000 0.000000 1.000000
vn 0.000000 0.000000 1.000000
vn 0.000000 0.000000 1.000000
vn 0.000000 0.000000 1.000000
vn 0.000000 0.000000 1.000000
vn 0.000000 0.000000 1.000000
vn 0.000000 0.000000 1.000000
vn 0.000000 0.000000 1.000000
vn 0.000000 0.000000 1.000000
vn 0.000000 0.000000 1.000000
vn 0.000000 0.000000 1.000000
vn 0.000000 0.000000 1.000000
vn 0.000000 0.000000 1.000000
vn 0.000000 0.000000 1.000000
vn 0.000000 0.000000 1.000000
vn 0.000000 0.000000 1.000000
vn 0.000000 0.000000 1.000000
vn 0.000000 0.000000 1.000000
vn 0.000000 0.000000 1.000000
vn 0.000000 0.000000 1.000000
vn 0.000000 0.000000 1.000000
vn 0.000000 0.000000 1.000000
vn 0.000000 0.000000 1.000000
vn 0.000000 0.000000 1.000000
vn 0.000000 0.000000 1.000000
vn 0.000000 0.000000 1.000000
vn 0.000000 0.000000 1.000000
vn 0.000000 0.000000 1.000000
vn 0.000000 0.000000 1.000000
vn 0.000000 0.000000 1.000000
vn 0.000000 0.000000 1.000000
vn 0.000000 0.000000 1.000000
vn 0.000000 0.000000 1.000000
vn 0.000000 0.000000 1.000000
vn 0.000000 0.000000 1.000000
vn 0.000000 0.000000 1.000000
vn 0.000000 0.000000 1.000000
vn 0.000000 0.000000 1.000000
vn 0.000000 0.000000 1.000000
vn 0.000000 0.000000 1.000000
vn 0.000000 0.000000 1.000000
vn 0.000000 0.000000 1.000000
vn 0.000000 0.000000 1.000000
vn 0.000000 0.000000 1.000000
vn 0.000000 0.000000 1.000000
vn 0.000000 0.000000 1.000000
vn 0.000000 0.000000 1.000000
vn 0.000000 0.000000 1.000000
vn 0.000000 0.000000 1.000000
vn 0.000000 0.000000 1.000000
vn 0.000000 0.000000 1.000000
vn 0.000000 0.000000 1.000000
vn 0.000000 0.000000 1.000000
vn 0.000000 0.000000 1.000000
vn 0.000000 0.000000 1.000000
vn 0.000000 0.000000 1.000000
vn 0.000000 0.000000 1.000000
vn 0.000000 0.000000 1.000000
vn 0.000000 0.000000 1.000000
vn 0.000000 0.000000 1.000000
vn 0.000000 0.000000 1.000000
vn 0.000000 0.000000 1.000000
vn 0.000000 0.000000 1.000000
vn 0.000000 0.000000 1.000000
vn 0.000000 0.000000 1.000000
vn 0.000000 0.000000 1.000000
vn 0.000000 0.000000 1.000000
vn 0.000000 0.000000 1.000000
vn 0.000000 0.000000 1.000000
vn 0.000000 0.000000 1.000000
vn 0.000000 0.000000 1.000000
vn 0.000000 0.000000 1.000000
vn 0.000000 0.000000 1.000000
vn 0.000000 0.000000 1.000000
vn 0.000000 0.000000 1.000000
vn 0.000000 0.000000 1.000000
vn 0.000000 0.000000 1.000000
vn 0.000000 0.000000 1.000000
vn 0.000000 0.000000 1.000000
vn 0.000000 0.000000 1.000000
vn 0.000000 0.000000 1.000000
vn 0.000000 0.000000 1.000000
vn 0.000000 0.000000 1.000000
vn 0.000000 0.000000 1.000000
vn 0.000000 0.000000 1.000000
vn 0.000000 0.000000 1.000000
vn 0.000000 0.000000 1.000000
vn 0.000000 0.000000 1.000000
vn 0.000000 0.000000 1.000000
vn 0.000000 0.000000 1.000000
vn 0.000000 0.000000 1.000000
vn 0.000000 0.000000 1.000000
vn 0.000000 0.000000 1.000000
vn 0.000000 0.000000 1.000000
vn 0.995577 -0.093946 0.000000
vn 0.995577 -0.093946 0.000000
vn 0.989685 0.143261 0.000000
vn 0.989685 0.143261 0.000000
vn 0.995577 -0.093946 0.000000
vn 0.989685 0.143261 0.000000
vn 0.989685 0.143261 0.000000
vn 0.989685 0.143261 0.000000
vn 0.928072 0.372402 0.000000
vn 0.928072 0.372402 0.000000
vn 0.989685 0.143261 0.000000
vn 0.928072 0.372402 0.000000
vn 0.928072 0.372402 0.000000
vn 0.928072 0.372402 0.000000
vn 0.814206 0.580576 0.000000
vn 0.814206 0.580576 0.000000
vn 0.928072 0.372402 0.000000
vn 0.814206 0.580576 0.000000
vn 0.814206 0.580576 0.000000
vn 0.814206 0.580576 0.000000
vn 0.654500 0.756062 0.000000
vn 0.654500 0.756062 0.000000
vn 0.814206 0.580576 0.000000
vn 0.654500 0.756062 0.000000
vn 0.654500 0.756062 0.000000
vn 0.654500 0.756062 0.000000
vn 0.457943 0.888981 0.000000
vn 0.457943 0.888981 0.000000
vn 0.654500 0.756062 0.000000
vn 0.457943 0.888981 0.000000
vn 0.457943 0.888981 0.000000
vn 0.457943 0.888981 0.000000
vn 0.235604 0.971849 0.000000
vn 0.235604 0.971849 0.000000
vn 0.457943 0.888981 0.000000
vn 0.235604 0.971849 0.000000
vn 0.235604 0.971849 0.000000
vn 0.235604 0.971849 0.000000
vn 0.000000 1.000000 0.000000
vn 0.000000 1.000000 0.000000
vn 0.235604 0.971849 0.000000
vn 0.000000 1.000000 0.000000
vn -0.992215 0.124538 0.000000
vn -0.933373 0.358909 0.000000
vn -0.992215 0.124538 0.000000
vn -0.992215 0.124538 0.000000
vn -0.933373 0.358909 0.000000
vn -0.933373 0.358909 0.000000
vn -0.992215 0.124538 0.000000
vn -0.933373 0.358909 0.000000
vn -0.992215 0.124538 0.000000
vn -0.992215 0.124538 0.000000
vn -0.992215 0.124538 0.000000
vn -0.993119 -0.117106 0.000000
vn -0.993119 -0.117106 0.000000
vn -0.992215 0.124538 0.000000
vn -0.993119 -0.117106 0.000000
vn -0.993119 -0.117106 0.000000
vn -0.993119 -0.117106 0.000000
vn -0.936034 -0.351911 0.000000
vn -0.936034 -0.351911 0.000000
vn -0.993119 -0.117106 0.000000
vn -0.936034 -0.351911 0.000000
vn -0.936034 -0.351911 0.000000
vn -0.936034 -0.351911 0.000000
vn -0.824290 -0.566167 0.000000
vn -0.824290 -0.566167 0.000000
vn -0.936034 -0.351911 0.000000
vn -0.824290 -0.566167 0.000000
vn -0.824290 -0.566167 0.000000
vn -0.824290 -0.566167 0.000000
vn -0.664415 -0.747364 0.000000
vn -0.664415 -0.747364 0.000000
vn -0.824290 -0.566167 0.000000
vn -0.664415 -0.747364 0.000000
vn -0.664415 -0.747364 0.000000
vn -0.664415 -0.747364 0.000000
vn -0.465743 -0.884920 0.000000
vn -0.465743 -0.884920 0.000000
vn -0.664415 -0.747364 0.000000
vn -0.465743 -0.884920 0.000000
vn -0.465743 -0.884920 0.000000
vn -0.465743 -0.884920 0.000000
vn -0.239875 -0.970804 0.000000
vn -0.239875 -0.970804 0.000000
vn -0.465743 -0.884920 0.000000
vn -0.239875 -0.970804 0.000000
vn -0.239875 -0.970804 0.000000
vn -0.239875 -0.970804 0.000000
vn 0.000000 -1.000000 0.000000
vn 0.000000 -1.000000 0.000000
vn 0.000000 -1.000000 0.000000
vn -0.239875 -0.970804 0.000000
vn -0.239875 -0.970804 0.000000
vn 0.000000 -1.000000 0.000000
vn -0.239875 -0.970804 0.000000
vn -0.239875 -0.970804 0.000000
vn -0.239875 -0.970804 0.000000
vn -0.465743 -0.884920 0.000000
vn -0.465743 -0.884920 0.000000
vn -0.239875 -0.970804 0.000000
vn -0.465743 -0.884920 0.000000
vn -0.465743 -0.884920 0.000000
vn -0.465743 -0.884920 0.000000
vn -0.664415 -0.747364 0.000000
vn -0.664415 -0.747364 0.000000
vn -0.465743 -0.884920 0.000000
vn -0.664415 -0.747364 0.000000
vn -0.664415 -0.747364 0.000000
vn -0.664415 -0.747364 0.000000
vn -0.824290 -0.566167 0.000000
vn -0.824290 -0.566167 0.000000
vn -0.664415 -0.747364 0.000000
vn -0.824290 -0.566167 0.000000
vn -0.824290 -0.566167 0.000000
vn -0.824290 -0.566167 0.000000
vn -0.936034 -0.351911 0.000000
vn -0.936034 -0.351911 0.000000
vn -0.824290 -0.566167 0.000000
vn -0.936034 -0.351911 0.000000
vn -0.936034 -0.351911 0.000000
vn -0.936034 -0.351911 0.000000
vn -0.993119 -0.117106 0.000000
vn -0.993119 -0.117106 0.000000
vn -0.936034 -0.351911 0.000000
vn -0.993119 -0.117106 0.000000
vn -0.993119 -0.117106 0.000000
vn -0.993119 -0.117106 0.000000
vn -0.992215 0.124538 0.000000
vn -0.992215 0.124538 0.000000
vn -0.993119 -0.117106 0.000000
vn -0.992215 0.124538 0.000000
vn 0.000000 -1.000000 0.000000
vn 0.000000 -1.000000 0.000000
vn -0.258819 -0.965926 0.000000
vn -0.258819 -0.965926 0.000000
vn 0.000000 -1.000000 0.000000
vn -0.258819 -0.965926 0.000000
vn -0.258819 -0.965926 0.000000
vn -0.258819 -0.965926 0.000000
vn -0.500000 -0.866025 0.000000
vn -0.500000 -0.866025 0.000000
vn -0.258819 -0.965926 0.000000
vn -0.500000 -0.866025 0.000000
vn -0.500000 -0.866025 0.000000
vn -0.500000 -0.866025 0.000000
vn -0.707107 -0.707107 0.000000
vn -0.707107 -0.707107 0.000000
vn -0.500000 -0.866025 0.000000
vn -0.707107 -0.707107 0.000000
vn -0.707107 -0.707107 0.000000
vn -0.707107 -0.707107 0.000000
vn -0.866025 -0.500000 0.000000
vn -0.866025 -0.500000 0.000000
vn -0.707107 -0.707107 0.000000
vn -0.866025 -0.500000 0.000000
vn -0.866025 -0.500000 0.000000
vn -0.866025 -0.500000 0.000000
vn -0.965926 -0.258819 0.000000
vn -0.965926 -0.258819 0.000000
vn -0.866025 -0.500000 0.000000
vn -0.965926 -0.258819 0.000000
vn -0.965926 -0.258819 0.000000
vn -0.965926 -0.258819 0.000000
vn -1.000000 0.000000 0.000000
vn -1.000000 0.000000 0.000000
vn -0.965926 -0.258819 0.000000
vn -1.000000 0.000000 0.000000
vn -1.000000 0.000000 0.000000
vn -1.000000 0.000000 0.000000
vn -0.965926 0.258819 0.000000
vn -0.965926 0.258819 0.000000
vn -1.000000 0.000000 0.000000
vn -0.965926 0.258819 0.000000
vn -0.965926 0.258819 0.000000
vn -0.965926 0.258819 0.000000
vn -0.866025 0.500000 0.000000
vn -0.866025 0.500000 0.000000
vn -0.965926 0.258819 0.000000
vn -0.866025 0.500000 0.000000
vn -0.866025 0.500000 0.000000
vn -0.866025 0.500000 0.000000
vn -0.707107 0.707107 0.000000
vn -0.707107 0.707107 0.000000
vn -0.866025 0.500000 0.000000
vn -0.707107 0.707107 0.000000
vn -0.707107 0.707107 0.000000
vn -0.707107 0.707107 0.000000
vn -0.500000 0.866025 0.000000
vn -0.500000 0.866025 0.000000
vn -0.707107 0.707107 0.000000
vn -0.500000 0.866025 0.000000
vn -0.500000 0.866025 0.000000
vn -0.500000 0.866025 0.000000
vn -0.258819 0.965926 0.000000
vn -0.258819 0.965926 0.000000
vn -0.500000 0.866025 0.000000
vn -0.258819 0.965926 0.000000
vn -0.258819 0.965926 0.000000
vn -0.258819 0.965926 0.000000
vn 0.000000 1.000000 0.000000
vn 0.000000 1.000000 0.000000
vn 0.000000 1.000000 0.000000
vn -0.258819 0.965926 0.000000
vn -0.258819 0.965926 0.000000
vn 0.000000 1.000000 0.000000
vn -0.258819 0.965926 0.000000
vn -0.258819 0.965926 0.000000
vn -0.258819 0.965926 0.000000
vn -0.500000 0.866025 0.000000
vn -0.500000 0.866025 0.000000
vn -0.258819 0.965926 0.000000
vn -0.500000 0.866025 0.000000
vn -0.500000 0.866025 0.000000
vn -0.500000 0.866025 0.000000
vn -0.707107 0.707107 0.000000
vn -0.707107 0.707107 0.000000
vn -0.500000 0.866025 0.000000
vn -0.707107 0.707107 0.000000
vn -0.707107 0.707107 0.000000
vn -0.707107 0.707107 0.000000
vn -0.866025 0.500000 0.000000
vn -0.866025 0.500000 0.000000
vn -0.707107 0.707107 0.000000
vn -0.866025 0.500000 0.000000
vn -0.866025 0.500000 0.000000
vn -0.866025 0.500000 0.000000
vn -0.965926 0.258819 0.000000
vn -0.965926 0.258819 0.000000
vn -0.866025 0.500000 0.000000
vn -0.965926 0.258819 0.000000
vn -0.965926 0.258819 0.000000
vn -0.965926 0.258819 0.000000
vn -1.000000 0.000000 0.000000
vn -1.000000 0.000000 0.000000
vn -0.965926 0.258819 0.000000
vn -1.000000 0.000000 0.000000
vn -1.000000 0.000000 0.000000
vn -1.000000 0.000000 0.000000
vn -0.965926 -0.258819 0.000000
vn -0.965926 -0.258819 0.000000
vn -1.000000 0.000000 0.000000
vn -0.965926 -0.258819 0.000000
vn -0.965926 -0.258819 0.000000
vn -0.965926 -0.258819 0.000000
vn -0.866025 -0.500000 0.000000
vn -0.866025 -0.500000 0.000000
vn -0.965926 -0.258819 0.000000
vn -0.866025 -0.500000 0.000000
vn -0.866025 -0.500000 0.000000
vn -0.866025 -0.500000 0.000000
vn -0.707107 -0.707107 0.000000
vn -0.707107 -0.707107 0.000000
vn -0.866025 -0.500000 0.000000
vn -0.707107 -0.707107 0.000000
vn -0.707107 -0.707107 0.000000
vn -0.707107 -0.707107 0.000000
vn -0.500000 -0.866025 0.000000
vn -0.500000 -0.866025 0.000000
vn -0.707107 -0.707107 0.000000
vn -0.500000 -0.866025 0.000000
vn -0.500000 -0.866025 0.000000
vn -0.500000 -0.866025 0.000000
vn -0.258819 -0.965926 0.000000
vn -0.258819 -0.965926 0.000000
vn -0.500000 -0.866025 0.000000
vn -0.258819 -0.965926 0.000000
vn -0.258819 -0.965926 0.000000
vn -0.258819 -0.965926 0.000000
vn 0.000000 -1.000000 0.000000
vn 0.000000 -1.000000 0.000000
vn 0.000000 -1.000000 0.000000
vn 0.000000 -1.000000 0.000000
vn 0.000000 -1.000000 0.000000
vn 0.000000 -1.000000 0.000000
vn 0.000000 -1.000000 0.000000
vn 0.000000 -1.000000 0.000000
vn 0.000000 -1.000000 0.000000
vn 0.250174 -0.968201 0.000000
vn 0.250174 -0.968201 0.000000
vn 0.000000 -1.000000 0.000000
vn 0.250174 -0.968201 0.000000
vn 0.250174 -0.968201 0.000000
vn 0.250174 -0.968201 0.000000
vn 0.484437 -0.874826 0.000000
vn 0.484437 -0.874826 0.000000
vn 0.250174 -0.968201 0.000000
vn 0.484437 -0.874826 0.000000
vn 0.484437 -0.874826 0.000000
vn 0.484437 -0.874826 0.000000
vn 0.687890 -0.725815 0.000000
vn 0.687890 -0.725815 0.000000
vn 0.484437 -0.874826 0.000000
vn 0.687890 -0.725815 0.000000
vn 0.687890 -0.725815 0.000000
vn 0.687890 -0.725815 0.000000
vn 0.847596 -0.530643 0.000000
vn 0.847596 -0.530643 0.000000
vn 0.687890 -0.725815 0.000000
vn 0.847596 -0.530643 0.000000
vn 0.847596 -0.530643 0.000000
vn 0.847596 -0.530643 0.000000
vn 0.953396 -0.301723 0.000000
vn 0.953396 -0.301723 0.000000
vn 0.847596 -0.530643 0.000000
vn 0.953396 -0.301723 0.000000
vn 0.953396 -0.301723 0.000000
vn 0.953396 -0.301723 0.000000
vn 0.998562 -0.053614 0.000000
vn 0.998562 -0.053614 0.000000
vn 0.953396 -0.301723 0.000000
vn 0.998562 -0.053614 0.000000
vn 0.998562 -0.053614 0.000000
vn 0.998562 -0.053614 0.000000
vn 0.980221 0.197905 0.000000
vn 0.980221 0.197905 0.000000
vn 0.998562 -0.053614 0.000000
vn 0.980221 0.197905 0.000000
vn 0.980221 0.197905 0.000000
vn 0.980221 0.197905 0.000000
vn 0.899541 0.436837 0.000000
vn 0.899541 0.436837 0.000000
vn 0.980221 0.197905 0.000000
vn 0.899541 0.436837 0.000000
vn 0.899541 0.436837 0.000000
vn 0.899541 0.436837 0.000000
vn 0.761651 0.647987 0.000000
vn 0.761651 0.647987 0.000000
vn 0.899541 0.436837 0.000000
vn 0.761651 0.647987 0.000000
vn 0.761651 0.647987 0.000000
vn 0.761651 0.647987 0.000000
vn 0.575322 0.817927 0.000000
vn 0.575322 0.817927 0.000000
vn 0.761651 0.647987 0.000000
vn 0.575322 0.817927 0.000000
vn 0.000000 -1.000000 0.000000
vn 0.000000 -1.000000 0.000000
vn 0.000000 -1.000000 0.000000
vn 0.000000 -1.000000 0.000000
vn 0.000000 -1.000000 0.000000
vn 0.000000 -1.000000 0.000000
vn 0.000000 1.000000 0.000000
vn 0.000000 1.000000 0.000000
vn 0.258819 0.965926 0.000000
vn 0.258819 0.965926 0.000000
vn 0.000000 1.000000 0.000000
vn 0.258819 0.965926 0.000000
vn 0.258819 0.965926 0.000000
vn 0.258819 0.965926 0.000000
vn 0.500000 0.866025 0.000000
vn 0.500000 0.866025 0.000000
vn 0.258819 0.965926 0.000000
vn 0.500000 0.866025 0.000000
vn 0.500000 0.866025 0.000000
vn 0.500000 0.866025 0.000000
vn 0.707107 0.707107 0.000000
vn 0.707107 0.707107 0.000000
vn 0.500000 0.866025 0.000000
vn 0.707107 0.707107 0.000000
vn 0.707107 0.707107 0.000000
vn 0.707107 0.707107 0.000000
vn 0.866025 0.500000 0.000000
vn 0.866025 0.500000 0.000000
vn 0.707107 0.707107 0.000000
vn 0.866025 0.500000 0.000000
vn 0.866025 0.500000 0.000000
vn 0.866025 0.500000 0.000000
vn 0.965926 0.258819 0.000000
vn 0.965926 0.258819 0.000000
vn 0.866025 0.500000 0.000000
vn 0.965926 0.258819 0.000000
vn 0.965926 0.258819 0.000000
vn 0.965926 0.258819 0.000000
vn 1.000000 0.000000 0.000000
vn 1.000000 0.000000 0.000000
vn 0.965926 0.258819 0.000000
vn 1.000000 0.000000 0.000000
vn 1.000000 0.000000 0.000000
vn 1.000000 0.000000 0.000000
vn 0.965926 -0.258819 0.000000
vn 0.965926 -0.258819 0.000000
vn 1.000000 0.000000 0.000000
vn 0.965926 -0.258819 0.000000
vn 0.965926 -0.258819 0.000000
vn 0.965926 -0.258819 0.000000
vn 0.866025 -0.500000 0.000000
vn 0.866025 -0.500000 0.000000
vn 0.965926 -0.258819 0.000000
vn 0.866025 -0.500000 0.000000
vn 0.866025 -0.500000 0.000000
vn 0.866025 -0.500000 0.000000
vn 0.707107 -0.707107 0.000000
vn 0.707107 -0.707107 0.000000
vn 0.866025 -0.500000 0.000000
vn 0.707107 -0.707107 0.000000
vn 0.707107 -0.707107 0.000000
vn 0.707107 -0.707107 0.000000
vn 0.500000 -0.866025 0.000000
vn 0.500000 -0.866025 0.000000
vn 0.707107 -0.707107 0.000000
vn 0.500000 -0.866025 0.000000
vn 0.500000 -0.866025 0.000000
vn 0.500000 -0.866025 0.000000
vn 0.258819 -0.965926 0.000000
vn 0.258819 -0.965926 0.000000
vn 0.500000 -0.866025 0.000000
vn 0.258819 -0.965926 0.000000
vn 0.258819 -0.965926 0.000000
vn 0.258819 -0.965926 0.000000
vn 0.000000 -1.000000 0.000000
vn 0.000000 -1.000000 0.000000
vn 0.000000 -1.000000 0.000000
vn 0.258819 -0.965926 0.000000
vn 0.258819 -0.965926 0.000000
vn 0.000000 -1.000000 0.000000
vn 0.258819 -0.965926 0.000000
vn 0.258819 -0.965926 0.000000
vn 0.258819 -0.965926 0.000000
vn 0.500000 -0.866025 0.000000
vn 0.500000 -0.866025 0.000000
vn 0.258819 -0.965926 0.000000
vn 0.500000 -0.866025 0.000000
vn 0.500000 -0.866025 0.000000
vn 0.500000 -0.866025 0.000000
vn 0.707107 -0.707107 0.000000
vn 0.707107 -0.707107 0.000000
vn 0.500000 -0.866025 0.000000
vn 0.707107 -0.707107 0.000000
vn 0.707107 -0.707107 0.000000
vn 0.707107 -0.707107 0.000000
vn 0.866025 -0.500000 0.000000
vn 0.866025 -0.500000 0.000000
vn 0.707107 -0.707107 0.000000
vn 0.866025 -0.500000 0.000000
vn 0.866025 -0.500000 0.000000
vn 0.866025 -0.500000 0.000000
vn 0.965926 -0.258819 0.000000
vn 0.965926 -0.258819 0.000000
vn 0.866025 -0.500000 0.000000
vn 0.965926 -0.258819 0.000000
vn 0.965926 -0.258819 0.000000
vn 0.965926 -0.258819 0.000000
vn 1.000000 0.000000 0.000000
vn 1.000000 0.000000 0.000000
vn 0.965926 -0.258819 0.000000
vn 1.000000 0.000000 0.000000
vn 1.000000 0.000000 0.000000
vn 1.000000 0.000000 0.000000
vn 0.965926 0.258819 0.000000
vn 0.965926 0.258819 0.000000
vn 1.000000 0.000000 0.000000
vn 0.965926 0.258819 0.000000
vn 0.965926 0.258819 0.000000
vn 0.965926 0.258819 0.000000
vn 0.866025 0.500000 0.000000
vn 0.866025 0.500000 0.000000
vn 0.965926 0.258819 0.000000
vn 0.866025 0.500000 0.000000
vn 0.866025 0.500000 0.000000
vn 0.866025 0.500000 0.000000
vn 0.707107 0.707107 0.000000
vn 0.707107 0.707107 0.000000
vn 0.866025 0.500000 0.000000
vn 0.707107 0.707107 0.000000
vn 0.707107 0.707107 0.000000
vn 0.707107 0.707107 0.000000
vn 0.500000 0.866025 0.000000
vn 0.500000 0.866025 0.000000
vn 0.707107 0.707107 0.000000
vn 0.500000 0.866025 0.000000
vn 0.500000 0.866025 0.000000
vn 0.500000 0.866025 0.000000
vn 0.258819 0.965926 0.000000
vn 0.258819 0.965926 0.000000
vn 0.500000 0.866025 0.000000
vn 0.258819 0.965926 0.000000
vn 0.258819 0.965926 0.000000
vn 0.258819 0.965926 0.000000
vn 0.000000 1.000000 0.000000
vn 0.000000 1.000000 0.000000
vn 0.000000 1.000000 0.000000
vn 0.000000 1.000000 0.000000
vn 0.000000 1.000000 0.000000
vn 0.000000 1.000000 0.000000
vn 0.000000 1.000000 0.000000
vn 0.000000 -1.000000 0.000000
vn 0.000000 -1.000000 0.000000
vn 0.000000 -1.000000 0.000000
vn 0.000000 -1.000000 0.000000
vn 0.000000 -1.000000 0.000000
vn 0.000000 -1.000000 0.000000
vn -0.000000 1.000000 -0.000000
vn -0.000000 1.000000 -0.000000
vn -0.258819 0.965926 -0.000000
vn -0.258819 0.965926 -0.000000
vn -0.000000 1.000000 -0.000000
vn -0.258819 0.965926 -0.000000
vn -0.258819 0.965926 -0.000000
vn -0.258819 0.965926 -0.000000
vn -0.500000 0.866025 -0.000000
vn -0.500000 0.866025 -0.000000
vn -0.258819 0.965926 -0.000000
vn -0.500000 0.866025 -0.000000
vn -0.500000 0.866025 -0.000000
vn -0.500000 0.866025 -0.000000
vn -0.707107 0.707107 -0.000000
vn -0.707107 0.707107 -0.000000
vn -0.500000 0.866025 -0.000000
vn -0.707107 0.707107 -0.000000
vn -0.707107 0.707107 -0.000000
vn -0.707107 0.707107 -0.000000
vn -0.866025 0.500000 -0.000000
vn -0.866025 0.500000 -0.000000
vn -0.707107 0.707107 -0.000000
vn -0.866025 0.500000 -0.000000
vn -0.866025 0.500000 -0.000000
vn -0.866025 0.500000 -0.000000
vn -0.965926 0.258819 -0.000000
vn -0.965926 0.258819 -0.000000
vn -0.866025 0.500000 -0.000000
vn -0.965926 0.258819 -0.000000
vn -0.965926 0.258819 -0.000000
vn -0.965926 0.258819 -0.000000
vn -1.000000 0.000000 -0.000000
vn -1.000000 0.000000 -0.000000
vn -0.965926 0.258819 -0.000000
vn -1.000000 0.000000 -0.000000
vn -1.000000 0.000000 -0.000000
vn -1.000000 0.000000 -0.000000
vn -0.965926 -0.258819 0.000000
vn -0.965926 -0.258819 0.000000
vn -1.000000 0.000000 -0.000000
vn -0.965926 -0.258819 0.000000
vn -0.965926 -0.258819 0.000000
vn -0.965926 -0.258819 0.000000
vn -0.866025 -0.500000 0.000000
vn -0.866025 -0.500000 0.000000
vn -0.965926 -0.258819 0.000000
vn -0.866025 -0.500000 0.000000
vn -0.866025 -0.500000 0.000000
vn -0.866025 -0.500000 0.000000
vn -0.707107 -0.707107 0.000000
vn -0.707107 -0.707107 0.000000
vn -0.866025 -0.500000 0.000000
vn -0.707107 -0.707107 0.000000
vn -0.707107 -0.707107 0.000000
vn -0.707107 -0.707107 0.000000
vn -0.500000 -0.866025 0.000000
vn -0.500000 -0.866025 0.000000
vn -0.707107 -0.707107 0.000000
vn -0.500000 -0.866025 0.000000
vn -0.500000 -0.866025 0.000000
vn -0.500000 -0.866025 0.000000
vn -0.258819 -0.965926 0.000000
vn -0.258819 -0.965926 0.000000
vn -0.500000 -0.866025 0.000000
vn -0.258819 -0.965926 0.000000
vn -0.258819 -0.965926 0.000000
vn -0.258819 -0.965926 0.000000
vn 0.000000 -1.000000 0.000000
vn 0.000000 -1.000000 0.000000
vn -0.258819 -0.965926 0.000000
vn 0.000000 -1.000000 0.000000
vn 0.000000 1.000000 0.000000
vn -0.000000 1.000000 -0.000000
vn 0.000000 1.000000 0.000000
vn 0.000000 1.000000 0.000000
vn -0.000000 1.000000 -0.000000
vn -0.000000 1.000000 -0.000000
vn 0.137472 -0.990506 0.000000
vn 0.137472 -0.990506 0.000000
vn -0.024414 -0.999702 0.000000
vn -0.024414 -0.999702 0.000000
vn 0.137472 -0.990506 0.000000
vn -0.024414 -0.999702 0.000000
vn -0.024414 -0.999702 0.000000
vn -0.024414 -0.999702 0.000000
vn -0.185657 -0.982615 0.000000
vn -0.185657 -0.982615 0.000000
vn -0.024414 -0.999702 0.000000
vn -0.185657 -0.982615 0.000000
vn -0.185657 -0.982615 0.000000
vn -0.185657 -0.982615 0.000000
vn -0.342020 -0.939693 0.000000
vn -0.342020 -0.939693 0.000000
vn -0.185657 -0.982615 0.000000
vn -0.342020 -0.939693 0.000000
vn 0.273413 -0.961897 0.000000
vn 0.273413 -0.961897 0.000000
vn 0.296458 -0.955046 0.000000
vn 0.296458 -0.955046 0.000000
vn 0.273413 -0.961897 0.000000
vn 0.296458 -0.955046 0.000000
vn 0.296458 -0.955046 0.000000
vn 0.296458 -0.955046 0.000000
vn 0.319331 -0.947643 0.000000
vn 0.319331 -0.947643 0.000000
vn 0.296458 -0.955046 0.000000
vn 0.319331 -0.947643 0.000000
vn 0.319331 -0.947643 0.000000
vn 0.319331 -0.947643 0.000000
vn 0.342020 -0.939693 0.000000
vn 0.342020 -0.939693 0.000000
vn 0.319331 -0.947643 0.000000
vn 0.342020 -0.939693 0.000000
vn -0.939693 0.342020 0.000000
vn -0.939693 0.342020 0.000000
vn -0.939693 0.342020 0.000000
vn -0.939693 0.342020 0.000000
vn -0.939693 0.342020 0.000000
vn -0.939693 0.342020 0.000000
vn -0.342020 0.939693 0.000000
vn -0.342020 0.939693 0.000000
vn -0.173648 0.984808 0.000000
vn -0.173648 0.984808 0.000000
vn -0.342020 0.939693 0.000000
vn -0.173648 0.984808 0.000000
vn -0.173648 0.984808 0.000000
vn -0.173648 0.984808 0.000000
vn 0.000000 1.000000 0.000000
vn 0.000000 1.000000 0.000000
vn -0.173648 0.984808 0.000000
vn 0.000000 1.000000 0.000000
vn 0.000000 1.000000 0.000000
vn 0.000000 1.000000 0.000000
vn 0.173648 0.984808 0.000000
vn 0.173648 0.984808 0.000000
vn 0.000000 1.000000 0.000000
vn 0.173648 0.984808 0.000000
vn 0.173648 0.984808 0.000000
vn 0.173648 0.984808 0.000000
vn 0.342020 0.939693 0.000000
vn 0.342020 0.939693 0.000000
vn 0.173648 0.984808 0.000000
vn 0.342020 0.939693 0.000000
vn 0.939693 0.342020 0.000000
vn 0.939693 0.342020 0.000000
vn 0.939693 0.342020 0.000000
vn 0.939693 0.342020 0.000000
vn 0.939693 0.342020 0.000000
vn 0.939693 0.342020 0.000000
vn -0.987050 -0.160411 0.000000
vn -0.995185 -0.098017 0.000000
vn -1.000000 0.000000 0.000000
vn -1.000000 0.000000 0.000000
vn -0.995185 -0.098017 0.000000
vn -1.000000 0.000000 0.000000
vn -1.000000 0.000000 0.000000
vn -1.000000 0.000000 0.000000
vn -0.995185 0.098017 -0.000000
vn -0.995185 -0.098017 0.000000
vn -0.987050 -0.160411 0.000000
vn -0.980785 -0.195090 0.000000
vn -0.980785 -0.195090 0.000000
vn -0.987050 -0.160411 0.000000
vn -0.948536 -0.316668 0.000000
vn -0.980785 -0.195090 0.000000
vn -0.948536 -0.316668 0.000000
vn -0.956940 -0.290285 0.000000
vn -0.956940 -0.290285 0.000000
vn -0.948536 -0.316668 0.000000
vn -0.923880 -0.382683 0.000000
vn -0.923880 -0.382683 0.000000
vn -0.948536 -0.316668 0.000000
vn -0.885456 -0.464723 0.000000
vn -0.923880 -0.382683 0.000000
vn -0.885456 -0.464723 0.000000
vn -0.881921 -0.471397 0.000000
vn -0.881921 -0.471397 0.000000
vn -0.885456 -0.464723 0.000000
vn -0.831470 -0.555570 0.000000
vn -0.831470 -0.555570 0.000000
vn -0.885456 -0.464723 0.000000
vn -0.799443 -0.600742 0.000000
vn -0.831470 -0.555570 0.000000
vn -0.799443 -0.600742 0.000000
vn -0.773010 -0.634393 0.000000
vn -0.773010 -0.634393 0.000000
vn -0.799443 -0.600742 0.000000
vn -0.692724 -0.721202 0.000000
vn -0.773010 -0.634393 0.000000
vn -0.692724 -0.721202 0.000000
vn -0.707107 -0.707107 0.000000
vn -0.707107 -0.707107 0.000000
vn -0.692724 -0.721202 0.000000
vn -0.634393 -0.773010 0.000000
vn -0.634393 -0.773010 0.000000
vn -0.692724 -0.721202 0.000000
vn -0.568065 -0.822984 0.000000
vn -0.634393 -0.773010 0.000000
vn -0.568065 -0.822984 0.000000
vn -0.555570 -0.831470 0.000000
vn -0.555570 -0.831470 0.000000
vn -0.568065 -0.822984 0.000000
vn -0.471397 -0.881921 0.000000
vn -0.471397 -0.881921 0.000000
vn -0.568065 -0.822984 0.000000
vn -0.428693 -0.903450 0.000000
vn -0.471397 -0.881921 0.000000
vn -0.428693 -0.903450 0.000000
vn -0.382683 -0.923880 0.000000
vn -0.382683 -0.923880 0.000000
vn -0.428693 -0.903450 0.000000
vn -0.278217 -0.960518 0.000000
vn -0.382683 -0.923880 0.000000
vn -0.278217 -0.960518 0.000000
vn -0.290285 -0.956940 0.000000
vn -0.290285 -0.956940 0.000000
vn -0.278217 -0.960518 0.000000
vn -0.195090 -0.980785 0.000000
vn -0.195090 -0.980785 0.000000
vn -0.278217 -0.960518 0.000000
vn -0.120537 -0.992709 0.000000
vn -0.195090 -0.980785 0.000000
vn -0.120537 -0.992709 0.000000
vn -0.098017 -0.995185 0.000000
vn -0.098017 -0.995185 0.000000
vn -0.120537 -0.992709 0.000000
vn 0.000000 -1.000000 0.000000
vn 0.000000 -1.000000 0.000000
vn -0.120537 -0.992709 0.000000
vn 0.040266 -0.999189 0.000000
vn 0.000000 -1.000000 0.000000
vn 0.040266 -0.999189 0.000000
vn 0.098017 -0.995185 0.000000
vn 0.098017 -0.995185 0.000000
vn 0.040266 -0.999189 0.000000
vn 0.200026 -0.979791 0.000000
vn 0.098017 -0.995185 0.000000
vn 0.200026 -0.979791 0.000000
vn 0.195090 -0.980785 0.000000
vn 0.195090 -0.980785 0.000000
vn 0.200026 -0.979791 0.000000
vn 0.290285 -0.956940 0.000000
vn 0.290285 -0.956940 0.000000
vn 0.200026 -0.979791 0.000000
vn 0.354605 -0.935016 0.000000
vn 0.290285 -0.956940 0.000000
vn 0.354605 -0.935016 0.000000
vn 0.382683 -0.923880 0.000000
vn 0.382683 -0.923880 0.000000
vn 0.354605 -0.935016 0.000000
vn 0.471397 -0.881921 0.000000
vn 0.471397 -0.881921 0.000000
vn 0.354605 -0.935016 0.000000
vn 0.500000 -0.866025 0.000000
vn 0.471397 -0.881921 0.000000
vn 0.500000 -0.866025 0.000000
vn 0.555570 -0.831470 0.000000
vn 0.555570 -0.831470 0.000000
vn 0.500000 -0.866025 0.000000
vn 0.632445 -0.774605 0.000000
vn 0.555570 -0.831470 0.000000
vn 0.632445 -0.774605 0.000000
vn 0.634393 -0.773010 0.000000
vn 0.634393 -0.773010 0.000000
vn 0.632445 -0.774605 0.000000
vn 0.707107 -0.707107 0.000000
vn 0.707107 -0.707107 0.000000
vn 0.632445 -0.774605 0.000000
vn 0.748511 -0.663123 0.000000
vn 0.707107 -0.707107 0.000000
vn 0.748511 -0.663123 0.000000
vn 0.773010 -0.634393 0.000000
vn 0.773010 -0.634393 0.000000
vn 0.748511 -0.663123 0.000000
vn 0.845190 -0.534466 0.000000
vn 0.773010 -0.634393 0.000000
vn 0.845190 -0.534466 0.000000
vn 0.831470 -0.555570 0.000000
vn 0.831470 -0.555570 0.000000
vn 0.845190 -0.534466 0.000000
vn 0.881921 -0.471397 0.000000
vn 0.881921 -0.471397 0.000000
vn 0.845190 -0.534466 0.000000
vn 0.919979 -0.391967 0.000000
vn 0.881921 -0.471397 0.000000
vn 0.919979 -0.391967 0.000000
vn 0.923880 -0.382683 0.000000
vn 0.923880 -0.382683 0.000000
vn 0.919979 -0.391967 0.000000
vn 0.956940 -0.290285 0.000000
vn 0.956940 -0.290285 0.000000
vn 0.919979 -0.391967 0.000000
vn 0.970942 -0.239316 0.000000
vn 0.956940 -0.290285 0.000000
vn 0.970942 -0.239316 0.000000
vn 0.980785 -0.195090 0.000000
vn 0.980785 -0.195090 0.000000
vn 0.970942 -0.239316 0.000000
vn 0.996757 -0.080467 0.000000
vn 0.980785 -0.195090 0.000000
vn 0.996757 -0.080467 0.000000
vn 0.995185 -0.098017 0.000000
vn 0.995185 -0.098017 0.000000
vn 0.996757 -0.080467 0.000000
vn 1.000000 0.000000 0.000000
vn 1.000000 0.000000 0.000000
vn 0.996757 -0.080467 0.000000
vn 0.996757 0.080467 0.000000
vn 1.000000 0.000000 0.000000
vn 0.996757 0.080467 0.000000
vn 0.995185 0.098017 0.000000
vn 0.995185 0.098017 0.000000
vn 0.996757 0.080467 0.000000
vn 0.980785 0.195090 0.000000
vn 0.980785 0.195090 0.000000
vn 0.996757 0.080467 0.000000
vn 0.970942 0.239316 0.000000
vn 0.980785 0.195090 0.000000
vn 0.970942 0.239316 0.000000
vn 0.956940 0.290285 0.000000
vn 0.956940 0.290285 0.000000
vn 0.970942 0.239316 0.000000
vn 0.919979 0.391967 0.000000
vn 0.956940 0.290285 0.000000
vn 0.919979 0.391967 0.000000
vn 0.923880 0.382683 0.000000
vn 0.923880 0.382683 0.000000
vn 0.919979 0.391967 0.000000
vn 0.881921 0.471397 0.000000
vn 0.881921 0.471397 0.000000
vn 0.919979 0.391967 0.000000
vn 0.845190 0.534466 0.000000
vn 0.881921 0.471397 0.000000
vn 0.845190 0.534466 0.000000
vn 0.831470 0.555570 0.000000
vn 0.831470 0.555570 0.000000
vn 0.845190 0.534466 0.000000
vn 0.773010 0.634393 0.000000
vn 0.773010 0.634393 0.000000
vn 0.845190 0.534466 0.000000
vn 0.748511 0.663123 0.000000
vn 0.773010 0.634393 0.000000
vn 0.748511 0.663123 0.000000
vn 0.707107 0.707107 0.000000
vn 0.707107 0.707107 0.000000
vn 0.748511 0.663123 0.000000
vn 0.632445 0.774605 0.000000
vn 0.707107 0.707107 0.000000
vn 0.632445 0.774605 0.000000
vn 0.634393 0.773010 0.000000
vn 0.634393 0.773010 0.000000
vn 0.632445 0.774605 0.000000
vn 0.555570 0.831470 0.000000
vn 0.555570 0.831470 0.000000
vn 0.632445 0.774605 0.000000
vn 0.500000 0.866025 0.000000
vn 0.555570 0.831470 0.000000
vn 0.500000 0.866025 0.000000
vn 0.471397 0.881921 0.000000
vn 0.471397 0.881921 0.000000
vn 0.500000 0.866025 0.000000
vn 0.354605 0.935016 0.000000
vn 0.471397 0.881921 0.000000
vn 0.354605 0.935016 0.000000
vn 0.382683 0.923880 0.000000
vn 0.382683 0.923880 0.000000
vn 0.354605 0.935016 0.000000
vn 0.290285 0.956940 0.000000
vn 0.290285 0.956940 0.000000
vn 0.354605 0.935016 0.000000
vn 0.200026 0.979791 0.000000
vn 0.290285 0.956940 0.000000
vn 0.200026 0.979791 0.000000
vn 0.195090 0.980785 0.000000
vn 0.195090 0.980785 0.000000
vn 0.200026 0.979791 0.000000
vn 0.098017 0.995185 0.000000
vn 0.098017 0.995185 0.000000
vn 0.200026 0.979791 0.000000
vn 0.040266 0.999189 0.000000
vn 0.098017 0.995185 0.000000
vn 0.040266 0.999189 0.000000
vn -0.000000 1.000000 -0.000000
vn -0.000000 1.000000 -0.000000
vn 0.040266 0.999189 0.000000
vn -0.120537 0.992709 -0.000000
vn -0.000000 1.000000 -0.000000
vn -0.120537 0.992709 -0.000000
vn -0.098017 0.995185 -0.000000
vn -0.098017 0.995185 -0.000000
vn -0.120537 0.992709 -0.000000
vn -0.195090 0.980785 -0.000000
vn -0.195090 0.980785 -0.000000
vn -0.120537 0.992709 -0.000000
vn -0.278217 0.960518 -0.000000
vn -0.195090 0.980785 -0.000000
vn -0.278217 0.960518 -0.000000
vn -0.290285 0.956940 -0.000000
vn -0.290285 0.956940 -0.000000
vn -0.278217 0.960518 -0.000000
vn -0.382683 0.923880 -0.000000
vn -0.382683 0.923880 -0.000000
vn -0.278217 0.960518 -0.000000
vn -0.428693 0.903450 -0.000000
vn -0.382683 0.923880 -0.000000
vn -0.428693 0.903450 -0.000000
vn -0.471397 0.881921 -0.000000
vn -0.471397 0.881921 -0.000000
vn -0.428693 0.903450 -0.000000
vn -0.568065 0.822984 -0.000000
vn -0.471397 0.881921 -0.000000
vn -0.568065 0.822984 -0.000000
vn -0.555570 0.831470 -0.000000
vn -0.555570 0.831470 -0.000000
vn -0.568065 0.822984 -0.000000
vn -0.634393 0.773010 -0.000000
vn -0.634393 0.773010 -0.000000
vn -0.568065 0.822984 -0.000000
vn -0.692724 0.721202 -0.000000
vn -0.634393 0.773010 -0.000000
vn -0.692724 0.721202 -0.000000
vn -0.707107 0.707107 -0.000000
vn -0.707107 0.707107 -0.000000
vn -0.692724 0.721202 -0.000000
vn -0.773010 0.634393 -0.000000
vn -0.773010 0.634393 -0.000000
vn -0.692724 0.721202 -0.000000
vn -0.799443 0.600742 -0.000000
vn -0.773010 0.634393 -0.000000
vn -0.799443 0.600742 -0.000000
vn -0.831470 0.555570 -0.000000
vn -0.831470 0.555570 -0.000000
vn -0.799443 0.600742 -0.000000
vn -0.885456 0.464723 -0.000000
vn -0.831470 0.555570 -0.000000
vn -0.885456 0.464723 -0.000000
vn -0.881921 0.471397 -0.000000
vn -0.881921 0.471397 -0.000000
vn -0.885456 0.464723 -0.000000
vn -0.923880 0.382683 -0.000000
vn -0.923880 0.382683 -0.000000
vn -0.885456 0.464723 -0.000000
vn -0.948536 0.316668 -0.000000
vn -0.923880 0.382683 -0.000000
vn -0.948536 0.316668 -0.000000
vn -0.956940 0.290285 -0.000000
vn -0.956940 0.290285 -0.000000
vn -0.948536 0.316668 -0.000000
vn -0.980785 0.195090 -0.000000
vn -0.980785 0.195090 -0.000000
vn -0.948536 0.316668 -0.000000
vn -0.987050 0.160411 -0.000000
vn -0.980785 0.195090 -0.000000
vn -0.987050 0.160411 -0.000000
vn -0.995185 0.098017 -0.000000
vn -0.995185 0.098017 -0.000000
vn -0.987050 0.160411 -0.000000
vn -1.000000 0.000000 0.000000
vn -0.224861 0.974391 0.000000
vn -0.058232 0.998303 0.000000
vn -0.224861 0.974391 0.000000
vn -0.224861 0.974391 0.000000
vn -0.058232 0.998303 0.000000
vn -0.115292 0.993332 0.000000
vn -0.224861 0.974391 0.000000
vn -0.115292 0.993332 0.000000
vn -0.258819 0.965926 0.000000
vn -0.115292 0.993332 0.000000
vn -0.058232 0.998303 0.000000
vn 0.030697 0.999529 0.000000
vn 0.030697 0.999529 0.000000
vn -0.058232 0.998303 0.000000
vn 0.110048 0.993926 0.000000
vn 0.030697 0.999529 0.000000
vn 0.110048 0.993926 0.000000
vn 0.176030 0.984385 0.000000
vn 0.176030 0.984385 0.000000
vn 0.110048 0.993926 0.000000
vn 0.275209 0.961384 0.000000
vn 0.176030 0.984385 0.000000
vn 0.275209 0.961384 0.000000
vn 0.310397 0.950607 0.000000
vn 0.310397 0.950607 0.000000
vn 0.275209 0.961384 0.000000
vn 0.432572 0.901599 0.000000
vn 0.310397 0.950607 0.000000
vn 0.432572 0.901599 0.000000
vn 0.438806 0.898582 0.000000
vn 0.438806 0.898582 0.000000
vn 0.432572 0.901599 0.000000
vn 0.558792 0.829308 0.000000
vn 0.558792 0.829308 0.000000
vn 0.432572 0.901599 0.000000
vn 0.577676 0.816266 0.000000
vn 0.558792 0.829308 0.000000
vn 0.577676 0.816266 0.000000
vn 0.668051 0.744115 0.000000
vn 0.668051 0.744115 0.000000
vn 0.577676 0.816266 0.000000
vn 0.706411 0.707802 0.000000
vn 0.668051 0.744115 0.000000
vn 0.706411 0.707802 0.000000
vn 0.764487 0.644639 0.000000
vn 0.764487 0.644639 0.000000
vn 0.706411 0.707802 0.000000
vn 0.815128 0.579280 0.000000
vn 0.764487 0.644639 0.000000
vn 0.815128 0.579280 0.000000
vn 0.835045 0.550182 0.000000
vn 0.835045 0.550182 0.000000
vn 0.815128 0.579280 0.000000
vn 0.900747 0.434344 0.000000
vn 0.835045 0.550182 0.000000
vn 0.900747 0.434344 0.000000
vn 0.893994 0.448078 0.000000
vn 0.893994 0.448078 0.000000
vn 0.900747 0.434344 0.000000
vn 0.940517 0.339746 0.000000
vn 0.940517 0.339746 0.000000
vn 0.900747 0.434344 0.000000
vn 0.960841 0.277099 0.000000
vn 0.940517 0.339746 0.000000
vn 0.960841 0.277099 0.000000
vn 0.978448 0.206492 0.000000
vn 0.978448 0.206492 0.000000
vn 0.960841 0.277099 0.000000
vn 0.993708 0.112002 0.000000
vn 0.978448 0.206492 0.000000
vn 0.993708 0.112002 0.000000
vn 0.997598 0.069274 0.000000
vn 0.997598 0.069274 0.000000
vn 0.993708 0.112002 0.000000
vn 0.998416 -0.056268 0.000000
vn 0.997598 0.069274 0.000000
vn 0.998416 -0.056268 0.000000
vn 0.997598 -0.069274 0.000000
vn 0.997598 -0.069274 0.000000
vn 0.998416 -0.056268 0.000000
vn 0.978448 -0.206492 0.000000
vn 0.978448 -0.206492 0.000000
vn 0.998416 -0.056268 0.000000
vn 0.974831 -0.222944 0.000000
vn 0.978448 -0.206492 0.000000
vn 0.974831 -0.222944 0.000000
vn 0.940517 -0.339746 0.000000
vn 0.940517 -0.339746 0.000000
vn 0.974831 -0.222944 0.000000
vn 0.923623 -0.383303 0.000000
vn 0.940517 -0.339746 0.000000
vn 0.923623 -0.383303 0.000000
vn 0.880966 -0.473180 0.000000
vn 0.880966 -0.473180 0.000000
vn 0.923623 -0.383303 0.000000
vn 0.846241 -0.532800 0.000000
vn 0.880966 -0.473180 0.000000
vn 0.846241 -0.532800 0.000000
vn 0.802604 -0.596512 0.000000
vn 0.802604 -0.596512 0.000000
vn 0.846241 -0.532800 0.000000
vn 0.744880 -0.667199 0.000000
vn 0.802604 -0.596512 0.000000
vn 0.744880 -0.667199 0.000000
vn 0.707107 -0.707107 0.000000
vn 0.707107 -0.707107 0.000000
vn 0.744880 -0.667199 0.000000
vn 0.622411 -0.782691 0.000000
vn 0.707107 -0.707107 0.000000
vn 0.622411 -0.782691 0.000000
vn 0.596512 -0.802604 0.000000
vn 0.596512 -0.802604 0.000000
vn 0.622411 -0.782691 0.000000
vn 0.571628 -0.820513 0.000000
vn 0.596512 -0.802604 0.000000
vn 0.571628 -0.820513 0.000000
vn 0.571628 -0.820513 0.000000
vn 0.622411 -0.782691 0.000000
vn 0.482304 -0.876004 0.000000
vn 0.571628 -0.820513 0.000000
vn 0.571628 -0.820513 0.000000
vn 0.482304 -0.876004 0.000000
vn 0.532834 -0.846220 0.000000
vn 0.532834 -0.846220 0.000000
vn 0.482304 -0.876004 0.000000
vn 0.492887 -0.870093 0.000000
vn 0.492887 -0.870093 0.000000
vn 0.482304 -0.876004 0.000000
vn 0.451872 -0.892083 0.000000
vn 0.451872 -0.892083 0.000000
vn 0.482304 -0.876004 0.000000
vn 0.328530 -0.944494 0.000000
vn 0.451872 -0.892083 0.000000
vn 0.328530 -0.944494 0.000000
vn 0.451872 -0.892083 0.000000
vn 0.451872 -0.892083 0.000000
vn 0.328530 -0.944494 0.000000
vn 0.339746 -0.940517 0.000000
vn 0.451872 -0.892083 0.000000
vn 0.339746 -0.940517 0.000000
vn 0.473180 -0.880966 0.000000
vn 0.339746 -0.940517 0.000000
vn 0.328530 -0.944494 0.000000
vn 0.206492 -0.978448 0.000000
vn 0.206492 -0.978448 0.000000
vn 0.328530 -0.944494 0.000000
vn 0.165447 -0.986219 0.000000
vn 0.206492 -0.978448 0.000000
vn 0.165447 -0.986219 0.000000
vn 0.069274 -0.997598 0.000000
vn 0.069274 -0.997598 0.000000
vn 0.165447 -0.986219 0.000000
vn -0.002324 -0.999997 0.000000
vn 0.069274 -0.997598 0.000000
vn -0.002324 -0.999997 0.000000
vn -0.069274 -0.997598 0.000000
vn -0.069274 -0.997598 0.000000
vn -0.002324 -0.999997 0.000000
vn -0.170030 -0.985439 0.000000
vn -0.069274 -0.997598 0.000000
vn -0.170030 -0.985439 0.000000
vn -0.206492 -0.978448 0.000000
vn -0.206492 -0.978448 0.000000
vn -0.170030 -0.985439 0.000000
vn -0.332918 -0.942956 0.000000
vn -0.206492 -0.978448 0.000000
vn -0.332918 -0.942956 0.000000
vn -0.339746 -0.940517 0.000000
vn -0.339746 -0.940517 0.000000
vn -0.332918 -0.942956 0.000000
vn -0.451872 -0.892083 0.000000
vn -0.339746 -0.940517 0.000000
vn -0.451872 -0.892083 0.000000
vn -0.451872 -0.892083 0.000000
vn -0.332918 -0.942956 0.000000
vn -0.486371 -0.873752 0.000000
vn -0.451872 -0.892083 0.000000
vn -0.451872 -0.892083 0.000000
vn -0.486371 -0.873752 0.000000
vn -0.492887 -0.870093 0.000000
vn -0.492887 -0.870093 0.000000
vn -0.486371 -0.873752 0.000000
vn -0.532834 -0.846220 0.000000
vn -0.532834 -0.846220 0.000000
vn -0.486371 -0.873752 0.000000
vn -0.571628 -0.820513 0.000000
vn -0.571628 -0.820513 0.000000
vn -0.486371 -0.873752 0.000000
vn -0.626043 -0.779789 0.000000
vn -0.571628 -0.820513 0.000000
vn -0.626043 -0.779789 0.000000
vn -0.571628 -0.820513 0.000000
vn -0.571628 -0.820513 0.000000
vn -0.626043 -0.779789 0.000000
vn -0.611538 -0.791215 0.000000
vn -0.571628 -0.820513 0.000000
vn -0.611538 -0.791215 0.000000
vn -0.532834 -0.846220 0.000000
vn -0.532834 -0.846220 0.000000
vn -0.611538 -0.791215 0.000000
vn -0.481464 -0.876466 0.000000
vn -0.532834 -0.846220 0.000000
vn -0.481464 -0.876466 0.000000
vn -0.492887 -0.870093 0.000000
vn -0.492887 -0.870093 0.000000
vn -0.481464 -0.876466 0.000000
vn -0.451872 -0.892083 0.000000
vn -0.451872 -0.892083 0.000000
vn -0.481464 -0.876466 0.000000
vn -0.339746 -0.940517 0.000000
vn -0.611538 -0.791215 0.000000
vn -0.626043 -0.779789 0.000000
vn -0.726820 -0.686828 0.000000
vn -0.726820 -0.686828 0.000000
vn -0.626043 -0.779789 0.000000
vn -0.747974 -0.663728 0.000000
vn -0.726820 -0.686828 0.000000
vn -0.747974 -0.663728 0.000000
vn -0.824523 -0.565829 0.000000
vn -0.824523 -0.565829 0.000000
vn -0.747974 -0.663728 0.000000
vn -0.848709 -0.528860 0.000000
vn -0.824523 -0.565829 0.000000
vn -0.848709 -0.528860 0.000000
vn -0.902283 -0.431144 0.000000
vn -0.902283 -0.431144 0.000000
vn -0.848709 -0.528860 0.000000
vn -0.925395 -0.379005 0.000000
vn -0.902283 -0.431144 0.000000
vn -0.925395 -0.379005 0.000000
vn -0.958220 -0.286031 0.000000
vn -0.958220 -0.286031 0.000000
vn -0.925395 -0.379005 0.000000
vn -0.975857 -0.218410 0.000000
vn -0.958220 -0.286031 0.000000
vn -0.975857 -0.218410 0.000000
vn -0.990981 -0.134000 0.000000
vn -0.990981 -0.134000 0.000000
vn -0.975857 -0.218410 0.000000
vn -0.998666 -0.051626 0.000000
vn -0.990981 -0.134000 0.000000
vn -0.998666 -0.051626 0.000000
vn -0.999774 0.021272 0.000000
vn -0.999774 0.021272 0.000000
vn -0.998666 -0.051626 0.000000
vn -0.993176 0.116621 0.000000
vn -0.999774 0.021272 0.000000
vn -0.993176 0.116621 0.000000
vn -0.984385 0.176030 0.000000
vn -0.984385 0.176030 0.000000
vn -0.993176 0.116621 0.000000
vn -0.959543 0.281563 0.000000
vn -0.984385 0.176030 0.000000
vn -0.959543 0.281563 0.000000
vn -0.950607 0.310397 0.000000
vn -0.950607 0.310397 0.000000
vn -0.959543 0.281563 0.000000
vn -0.898718 0.438527 0.000000
vn -0.950607 0.310397 0.000000
vn -0.898718 0.438527 0.000000
vn -0.898582 0.438806 0.000000
vn -0.898582 0.438806 0.000000
vn -0.898718 0.438527 0.000000
vn -0.829308 0.558792 0.000000
vn -0.829308 0.558792 0.000000
vn -0.898718 0.438527 0.000000
vn -0.812426 0.583064 0.000000
vn -0.829308 0.558792 0.000000
vn -0.812426 0.583064 0.000000
vn -0.744115 0.668051 0.000000
vn -0.744115 0.668051 0.000000
vn -0.812426 0.583064 0.000000
vn -0.703113 0.711078 0.000000
vn -0.744115 0.668051 0.000000
vn -0.703113 0.711078 0.000000
vn -0.644639 0.764487 0.000000
vn -0.644639 0.764487 0.000000
vn -0.703113 0.711078 0.000000
vn -0.573875 0.818943 0.000000
vn -0.644639 0.764487 0.000000
vn -0.573875 0.818943 0.000000
vn -0.526348 0.850269 0.000000
vn -0.526348 0.850269 0.000000
vn -0.573875 0.818943 0.000000
vn -0.428375 0.903601 0.000000
vn -0.526348 0.850269 0.000000
vn -0.428375 0.903601 0.000000
vn -0.396820 0.917896 0.000000
vn -0.396820 0.917896 0.000000
vn -0.428375 0.903601 0.000000
vn -0.270737 0.962653 0.000000
vn -0.396820 0.917896 0.000000
vn -0.270737 0.962653 0.000000
vn -0.270737 0.962653 0.000000
vn -0.396820 0.917896 0.000000
vn -0.270737 0.962653 0.000000
vn -0.258819 0.965926 0.000000
vn -0.258819 0.965926 0.000000
vn -0.270737 0.962653 0.000000
vn -0.255507 0.966807 0.000000
vn -0.258819 0.965926 0.000000
vn -0.255507 0.966807 0.000000
vn -0.240214 0.970720 0.000000
vn -0.240214 0.970720 0.000000
vn -0.224861 0.974391 0.000000
vn -0.258819 0.965926 0.000000
vn 0.571628 -0.820513 0.000000
vn 0.532834 -0.846220 0.000000
vn 0.596512 -0.802604 0.000000
vn 0.596512 -0.802604 0.000000
vn 0.532834 -0.846220 0.000000
vn 0.473180 -0.880966 0.000000
vn 0.473180 -0.880966 0.000000
vn 0.532834 -0.846220 0.000000
vn 0.492887 -0.870093 0.000000
vn 0.473180 -0.880966 0.000000
vn 0.492887 -0.870093 0.000000
vn 0.451872 -0.892083 0.000000
vn 0.000000 0.000000 -1.000000
vn 0.000000 0.000000 -1.000000
vn 0.000000 0.000000 -1.000000
vn 0.000000 0.000000 -1.000000
vn 0.000000 0.000000 -1.000000
vn 0.000000 0.000000 -1.000000
vn 0.000000 0.000000 -1.000000
vn 0.000000 0.000000 -1.000000
vn 0.000000 0.000000 -1.000000
vn 0.000000 0.000000 -1.000000
vn 0.000000 0.000000 -1.000000
vn 0.000000 0.000000 -1.000000
vn 0.000000 0.000000 -1.000000
vn 0.000000 0.000000 -1.000000
vn 0.000000 0.000000 -1.000000
vn 0.000000 0.000000 -1.000000
vn 0.000000 0.000000 -1.000000
vn 0.000000 0.000000 -1.000000
vn 0.000000 0.000000 -1.000000
vn 0.000000 0.000000 -1.000000
vn 0.000000 0.000000 -1.000000
vn 0.000000 0.000000 -1.000000
vn 0.000000 0.000000 -1.000000
vn 0.000000 0.000000 -1.000000
vn 0.000000 0.000000 -1.000000
vn 0.000000 0.000000 -1.000000
vn 0.000000 0.000000 -1.000000
vn 0.000000 0.000000 -1.000000
vn 0.000000 0.000000 -1.000000
vn 0.000000 0.000000 -1.000000
vn 0.000000 0.000000 -1.000000
vn 0.000000 0.000000 -1.000000
vn 0.000000 0.000000 -1.000000
vn 0.000000 0.000000 -1.000000
vn 0.000000 0.000000 -1.000000
vn 0.000000 0.000000 -1.000000
vn 0.000000 0.000000 -1.000000
vn 0.000000 0.000000 -1.000000
vn 0.000000 0.000000 -1.000000
vn 0.000000 0.000000 -1.000000
vn 0.000000 0.000000 -1.000000
vn 0.000000 0.000000 -1.000000
vn 0.000000 0.000000 -1.000000
vn 0.000000 0.000000 -1.000000
vn 0.000000 0.000000 -1.000000
vn 0.000000 0.000000 -1.000000
vn 0.000000 0.000000 -1.000000
vn 0.000000 0.000000 -1.000000
vn 0.000000 0.000000 -1.000000
vn 0.000000 0.000000 -1.000000
vn 0.000000 0.000000 -1.000000
vn 0.000000 0.000000 -1.000000
vn 0.000000 0.000000 -1.000000
vn 0.000000 0.000000 -1.000000
vn 0.000000 0.000000 -1.000000
vn 0.000000 0.000000 -1.000000
vn 0.000000 0.000000 -1.000000
vn 0.000000 0.000000 -1.000000
vn 0.000000 0.000000 -1.000000
vn 0.000000 0.000000 -1.000000
vn 0.000000 0.000000 -1.000000
vn 0.000000 0.000000 -1.000000
vn 0.000000 0.000000 -1.000000
vn 0.000000 0.000000 -1.000000
vn 0.000000 0.000000 -1.000000
vn 0.000000 0.000000 -1.000000
vn 0.000000 0.000000 -1.000000
vn 0.000000 0.000000 -1.000000
vn 0.000000 0.000000 -1.000000
vn 0.000000 0.000000 -1.000000
vn 0.000000 0.000000 -1.000000
vn 0.000000 0.000000 -1.000000
vn 0.000000 0.000000 -1.000000
vn 0.000000 0.000000 -1.000000
vn 0.000000 0.000000 -1.000000
vn 0.000000 0.000000 -1.000000
vn 0.000000 0.000000 -1.000000
vn 0.000000 0.000000 -1.000000
vn 0.000000 0.000000 -1.000000
vn 0.000000 0.000000 -1.000000
vn 0.000000 0.000000 -1.000000
vn 0.000000 0.000000 -1.000000
vn 0.000000 0.000000 -1.000000
vn 0.000000 0.000000 -1.000000
vn 0.000000 0.000000 -1.000000
vn 0.000000 0.000000 -1.000000
vn 0.000000 0.000000 -1.000000
vn 0.000000 0.000000 -1.000000
vn 0.000000 0.000000 -1.000000
vn 0.000000 0.000000 -1.000000
vn 0.000000 0.000000 -1.000000
vn 0.000000 0.000000 -1.000000
vn 0.000000 0.000000 -1.000000
vn 0.000000 0.000000 -1.000000
vn 0.000000 0.000000 -1.000000
vn 0.000000 0.000000 -1.000000
vn 0.000000 0.000000 -1.000000
vn 0.000000 0.000000 -1.000000
vn 0.000000 0.000000 -1.000000
vn 0.000000 0.000000 -1.000000
vn 0.000000 0.000000 -1.000000
vn 0.000000 0.000000 -1.000000
vn 0.000000 0.000000 -1.000000
vn 0.000000 0.000000 -1.000000
vn 0.000000 0.000000 -1.000000
vn 0.000000 0.000000 -1.000000
vn 0.000000 0.000000 -1.000000
vn 0.000000 0.000000 -1.000000
vn 0.000000 0.000000 -1.000000
vn 0.000000 0.000000 -1.000000
vn 0.000000 0.000000 -1.000000
vn 0.000000 0.000000 -1.000000
vn 0.000000 0.000000 -1.000000
vn 0.000000 0.000000 -1.000000
vn 0.000000 0.000000 -1.000000
vn 0.000000 0.000000 -1.000000
vn 0.000000 0.000000 -1.000000
vn 0.000000 0.000000 -1.000000
vn 0.000000 0.000000 -1.000000
vn 0.000000 0.000000 -1.000000
vn 0.000000 0.000000 -1.000000
vn 0.000000 0.000000 -1.000000
vn 0.000000 0.000000 -1.000000
vn 0.000000 0.000000 -1.000000
vn 0.000000 0.000000 -1.000000
vn 0.000000 0.000000 -1.000000
vn 0.000000 0.000000 -1.000000
vn 0.000000 0.000000 -1.000000
vn 0.000000 0.000000 -1.000000
vn 0.000000 0.000000 -1.000000
vn 0.000000 0.000000 -1.000000
vn 0.000000 0.000000 -1.000000
vn 0.000000 0.000000 -1.000000
vn 0.000000 0.000000 -1.000000
vn 0.000000 0.000000 -1.000000
vn 0.000000 0.000000 -1.000000
vn 0.000000 0.000000 -1.000000
vn 0.000000 0.000000 -1.000000
vn 0.000000 0.000000 -1.000000
vn 0.000000 0.000000 -1.000000
vn 0.000000 0.000000 -1.000000
vn 0.000000 0.000000 -1.000000
vn 0.000000 0.000000 -1.000000
vn 0.000000 0.000000 -1.000000
vn 0.000000 0.000000 -1.000000
vn 0.000000 0.000000 -1.000000
vn 0.000000 0.000000 -1.000000
vn 0.000000 0.000000 -1.000000
vn 0.000000 0.000000 -1.000000
vn 0.000000 0.000000 -1.000000
vn 0.000000 0.000000 -1.000000
vn 0.000000 0.000000 -1.000000
vn 0.000000 0.000000 -1.000000
vn 0.000000 0.000000 -1.000000
vn 0.000000 0.000000 -1.000000
vn 0.000000 0.000000 -1.000000
vn 0.000000 0.000000 -1.000000
vn 0.000000 0.000000 -1.000000
vn 0.000000 0.000000 -1.000000
vn 0.000000 0.000000 -1.000000
vn 0.000000 0.000000 -1.000000
vn 0.000000 0.000000 -1.000000
vn 0.000000 0.000000 -1.000000
vn 0.000000 0.000000 -1.000000
vn 0.000000 0.000000 -1.000000
vn 0.000000 0.000000 -1.000000
vn 0.000000 0.000000 -1.000000
vn 0.000000 0.000000 -1.000000
vn 0.000000 0.000000 -1.000000
vn 0.000000 0.000000 -1.000000
vn 0.000000 0.000000 -1.000000
vn 0.000000 0.000000 -1.000000
vn 0.000000 0.000000 -1.000000
vn 0.000000 0.000000 -1.000000
vn 0.000000 0.000000 -1.000000
vn 0.000000 0.000000 -1.000000
vn 0.000000 0.000000 -1.000000
vn 0.000000 0.000000 -1.000000
vn 0.000000 0.000000 -1.000000
vn 0.000000 0.000000 -1.000000
vn 0.000000 0.000000 -1.000000
vn 0.000000 0.000000 -1.000000
vn 0.000000 0.000000 -1.000000
vn 0.000000 0.000000 -1.000000
vn 0.000000 0.000000 -1.000000
vn 0.000000 0.000000 -1.000000
vn 0.000000 0.000000 -1.000000
vn 0.000000 0.000000 -1.000000
vn 0.000000 0.000000 -1.000000
vn 0.000000 0.000000 -1.000000
vn 0.000000 0.000000 -1.000000
vn 0.000000 0.000000 -1.000000
vn 0.000000 0.000000 -1.000000
vn 0.000000 0.000000 -1.000000
vn 0.000000 0.000000 -1.000000
vn 0.000000 0.000000 -1.000000
vn 0.000000 0.000000 -1.000000
vn 0.000000 0.000000 -1.000000
vn 0.000000 0.000000 -1.000000
vn 0.000000 0.000000 -1.000000
vn 0.000000 0.000000 -1.000000
vn 0.000000 0.000000 -1.000000
vn 0.000000 0.000000 -1.000000
vn 0.000000 0.000000 -1.000000
vn 0.000000 0.000000 -1.000000
vn 0.000000 0.000000 -1.000000
vn 0.000000 0.000000 -1.000000
vn 0.000000 0.000000 -1.000000
vn 0.000000 0.000000 -1.000000
vn 0.000000 0.000000 -1.000000
vn 0.000000 0.000000 -1.000000
vn 0.000000 0.000000 -1.000000
vn 0.000000 0.000000 -1.000000
vn 0.000000 0.000000 -1.000000
vn 0.000000 0.000000 -1.000000
vn 0.000000 0.000000 -1.000000
vn 0.000000 0.000000 -1.000000
vn 0.000000 0.000000 -1.000000
vn 0.000000 0.000000 -1.000000
vn 0.000000 0.000000 -1.000000
vn 0.000000 0.000000 -1.000000
vn 0.000000 0.000000 -1.000000
vn 0.000000 0.000000 -1.000000
vn 0.000000 0.000000 -1.000000
vn 0.000000 0.000000 -1.000000
vn 0.000000 0.000000 -1.000000
vn 0.000000 0.000000 -1.000000
vn 0.000000 0.000000 -1.000000
vn 0.000000 0.000000 -1.000000
vn 0.000000 0.000000 -1.000000
vn 0.000000 0.000000 -1.000000
vn 0.000000 0.000000 -1.000000
vn 0.000000 0.000000 -1.000000
vn 0.000000 0.000000 -1.000000
vn 0.000000 0.000000 -1.000000
vn 0.000000 0.000000 -1.000000
vn 0.000000 0.000000 -1.000000
vn 0.000000 0.000000 -1.000000
vn 0.000000 0.000000 -1.000000
vn 0.000000 0.000000 -1.000000
vn 0.000000 0.000000 -1.000000
vn 0.000000 0.000000 -1.000000
vn 0.000000 0.000000 -1.000000
vn 0.000000 0.000000 -1.000000
vn 0.000000 0.000000 -1.000000
vn 0.000000 0.000000 -1.000000
vn 0.000000 0.000000 -1.000000
vn 0.000000 0.000000 -1.000000
vn 0.000000 0.000000 -1.000000
vn 0.000000 0.000000 -1.000000
vn 0.000000 0.000000 -1.000000
vn 0.000000 0.000000 -1.000000
vn 0.000000 0.000000 -1.000000
vn 0.000000 0.000000 -1.000000
vn 0.000000 0.000000 -1.000000
vn 0.000000 0.000000 -1.000000
vn 0.000000 0.000000 -1.000000
vn 0.000000 0.000000 -1.000000
vn 0.000000 0.000000 -1.000000
vn 0.000000 0.000000 -1.000000
vn 0.000000 0.000000 -1.000000
vn 0.000000 0.000000 -1.000000
vn 0.000000 0.000000 -1.000000
vn 0.000000 0.000000 -1.000000
vn 0.000000 0.000000 -1.000000
vn 0.000000 0.000000 -1.000000
vn 0.000000 0.000000 -1.000000
vn 0.000000 0.000000 -1.000000
vn 0.000000 0.000000 -1.000000
vn 0.000000 0.000000 -1.000000
vn 0.000000 0.000000 -1.000000
vn 0.000000 0.000000 -1.000000
vn 0.000000 0.000000 -1.000000
vn 0.000000 0.000000 -1.000000
vn 0.000000 0.000000 -1.000000
vn 0.000000 0.000000 -1.000000
vn 0.000000 0.000000 -1.000000
vn 0.000000 0.000000 -1.000000
vn 0.000000 0.000000 -1.000000
vn 0.000000 0.000000 -1.000000
vn 0.000000 0.000000 -1.000000
vn 0.000000 0.000000 -1.000000
vn 0.000000 0.000000 -1.000000
vn 0.000000 0.000000 -1.000000
vn 0.000000 0.000000 -1.000000
vn 0.000000 0.000000 -1.000000
vn 0.000000 0.000000 -1.000000
vn 0.000000 0.000000 -1.000000
vn 0.000000 0.000000 -1.000000
vn 0.000000 0.000000 -1.000000
vn 0.000000 0.000000 -1.000000
vn 0.000000 0.000000 -1.000000
vn 0.000000 0.000000 -1.000000
vn 0.000000 0.000000 -1.000000
vn 0.000000 0.000000 -1.000000
vn 0.000000 0.000000 -1.000000
vn 0.000000 0.000000 -1.000000
vn 0.000000 0.000000 -1.000000
vn 0.000000 0.000000 -1.000000
vn 0.000000 0.000000 -1.000000
vn 0.000000 0.000000 -1.000000
vn 0.000000 0.000000 -1.000000
vn 0.000000 0.000000 -1.000000
vn 0.000000 0.000000 -1.000000
vn 0.000000 0.000000 -1.000000
vn 0.000000 0.000000 -1.000000
vn 0.000000 0.000000 -1.000000
vn 0.000000 0.000000 -1.000000
vn 0.000000 0.000000 -1.000000
vn 0.000000 0.000000 -1.000000
vn 0.000000 0.000000 -1.000000
vn 0.000000 0.000000 -1.000000
vn 0.000000 0.000000 -1.000000
vn 0.000000 0.000000 -1.000000
vn 0.000000 0.000000 -1.000000
vn 0.000000 0.000000 -1.000000
vn 0.000000 0.000000 -1.000000
vn 0.000000 0.000000 -1.000000
vn 0.000000 0.000000 -1.000000
vn 0.000000 0.000000 -1.000000
vn 0.000000 0.000000 -1.000000
vn 0.000000 0.000000 -1.000000
vn 0.000000 0.000000 -1.000000
vn 0.000000 0.000000 -1.000000
vn 0.000000 0.000000 -1.000000
vn 0.000000 0.000000 -1.000000
vn 0.000000 0.000000 -1.000000
vn 0.000000 0.000000 -1.000000
vn 0.000000 0.000000 -1.000000
vn 0.000000 0.000000 -1.000000
vn 0.000000 0.000000 -1.000000
vn 0.000000 0.000000 -1.000000
vn 0.000000 0.000000 -1.000000
vn 0.000000 0.000000 -1.000000
vn 0.000000 0.000000 -1.000000
vn 0.000000 0.000000 -1.000000
vn 0.000000 0.000000 -1.000000
vn 0.000000 0.000000 -1.000000
vn 0.000000 0.000000 -1.000000
vn 0.000000 0.000000 -1.000000
vn 0.000000 0.000000 -1.000000
vn 0.000000 0.000000 -1.000000
vn 0.000000 0.000000 -1.000000
vn 0.000000 0.000000 -1.000000
vn 0.000000 0.000000 -1.000000
vn 0.000000 0.000000 -1.000000
vn 0.000000 0.000000 -1.000000
vn 0.000000 0.000000 -1.000000
vn 0.000000 0.000000 -1.000000
vn 0.000000 0.000000 -1.000000
vn 0.000000 0.000000 -1.000000
vn 0.000000 0.000000 -1.000000
vn 0.000000 0.000000 -1.000000
vn 0.000000 0.000000 -1.000000
vn 0.000000 0.000000 -1.000000
vn 0.000000 0.000000 -1.000000
vn 0.000000 0.000000 -1.000000
vn 0.000000 0.000000 -1.000000
vn 0.000000 0.000000 -1.000000
vn 0.000000 0.000000 -1.000000
vn 0.000000 0.000000 -1.000000
vn 0.000000 0.000000 -1.000000
vn 0.000000 0.000000 -1.000000
vn 0.000000 0.000000 -1.000000
vn 0.000000 0.000000 -1.000000
vn 0.000000 0.000000 -1.000000
vn 0.000000 0.000000 -1.000000
vn 0.000000 0.000000 -1.000000
vn 0.000000 0.000000 -1.000000
vn 0.000000 0.000000 -1.000000
vn 0.000000 0.000000 -1.000000
vn 0.000000 0.000000 -1.000000
vn 0.000000 0.000000 -1.000000
vn 0.000000 0.000000 -1.000000
vn 0.000000 0.000000 -1.000000
vn 0.000000 0.000000 -1.000000
vn 0.000000 0.000000 -1.000000
vn 0.000000 0.000000 -1.000000
vn 0.000000 0.000000 -1.000000
vn 0.000000 0.000000 -1.000000
vn 0.000000 0.000000 -1.000000
vn 0.000000 0.000000 -1.000000
vn 0.000000 0.000000 -1.000000
vn 0.000000 0.000000 -1.000000
vn 0.000000 0.000000 -1.000000
vn 0.000000 0.000000 -1.000000
vn 0.000000 0.000000 -1.000000
vn 0.000000 0.000000 -1.000000
vn 0.000000 0.000000 -1.000000
vn 0.000000 0.000000 -1.000000
vn 0.000000 0.000000 -1.000000
vn 0.000000 0.000000 -1.000000
vn 0.000000 0.000000 -1.000000
vn 0.000000 0.000000 -1.000000
vn 0.000000 0.000000 -1.000000
vn 0.000000 0.000000 -1.000000
vn 0.000000 0.000000 -1.000000
vn 0.000000 0.000000 -1.000000
vn 0.000000 0.000000 -1.000000
vn 0.000000 0.000000 -1.000000
vn 0.000000 0.000000 -1.000000
vn 0.000000 0.000000 -1.000000
vn 0.000000 0.000000 -1.000000
vn 0.000000 0.000000 -1.000000
vn 0.000000 0.000000 -1.000000
vn 0.000000 0.000000 -1.000000
vn 0.000000 0.000000 -1.000000
vn 0.000000 0.000000 -1.000000
vn 0.000000 0.000000 -1.000000
vn 0.000000 0.000000 -1.000000
vn 0.000000 0.000000 -1.000000
vn 0.000000 0.000000 -1.000000
vn 0.000000 0.000000 -1.000000
vn 0.000000 0.000000 -1.000000
vn 0.000000 0.000000 -1.000000
vn 0.000000 0.000000 -1.000000
vn 0.000000 0.000000 -1.000000
vn 0.000000 0.000000 -1.000000
vn 0.000000 0.000000 -1.000000
vn 0.000000 0.000000 -1.000000
vn 0.000000 0.000000 -1.000000
vn 0.000000 0.000000 -1.000000
vn 0.000000 0.000000 -1.000000
vn 0.000000 0.000000 -1.000000
vn 0.000000 0.000000 -1.000000
vn 0.000000 0.000000 -1.000000
vn 0.000000 0.000000 -1.000000
vn 0.000000 0.000000 -1.000000
vn 0.000000 0.000000 -1.000000
vn 0.000000 0.000000 -1.000000
vn 0.000000 0.000000 -1.000000
vn 0.000000 0.000000 -1.000000
vn 0.000000 0.000000 -1.000000
vn 0.000000 0.000000 -1.000000
vn 0.000000 0.000000 -1.000000
vn 0.000000 0.000000 -1.000000
vn 0.000000 0.000000 -1.000000
vn 0.000000 0.000000 -1.000000
vn 0.000000 0.000000 -1.000000
vn 0.000000 0.000000 -1.000000
vn 0.000000 0.000000 -1.000000
vn 0.000000 0.000000 -1.000000
vn 0.000000 0.000000 -1.000000
vn 0.000000 0.000000 -1.000000
vn 0.000000 0.000000 -1.000000
vn 0.000000 0.000000 -1.000000
vn 0.000000 0.000000 -1.000000
vn 0.000000 0.000000 -1.000000
vn 0.000000 0.000000 -1.000000
vn 0.000000 0.000000 -1.000000
vn 0.000000 0.000000 -1.000000
vn 0.000000 0.000000 -1.000000
vn 0.000000 0.000000 -1.000000
vn 0.000000 0.000000 -1.000000
vn 0.000000 0.000000 -1.000000
vn 0.000000 0.000000 -1.000000
vn 0.000000 0.000000 -1.000000
vn 0.000000 0.000000 -1.000000
vn 0.000000 0.000000 -1.000000
vn 0.000000 0.000000 -1.000000
vn 0.000000 0.000000 -1.000000
vn 0.000000 0.000000 -1.000000
vn 0.000000 0.000000 1.000000
vn 0.000000 0.000000 1.000000
vn 0.000000 0.000000 1.000000
vn 0.000000 0.000000 1.000000
vn 0.000000 0.000000 1.000000
vn 0.000000 0.000000 1.000000
vn 0.000000 0.000000 1.000000
vn 0.000000 0.000000 1.000000
vn 0.000000 0.000000 1.000000
vn 0.000000 0.000000 1.000000
vn 0.000000 0.000000 1.000000
vn 0.000000 0.000000 1.000000
vn 0.000000 0.000000 1.000000
vn 0.000000 0.000000 1.000000
vn 0.000000 0.000000 1.000000
vn 0.000000 0.000000 1.000000
vn 0.000000 0.000000 1.000000
vn 0.000000 0.000000 1.000000
vn -0.892083 0.451872 0.000000
vn -0.892083 0.451872 0.000000
vn -0.892083 0.451872 0.000000
vn -0.892083 0.451872 0.000000
vn -0.892083 0.451872 0.000000
vn -0.892083 0.451872 0.000000
vn -0.892083 0.451872 0.000000
vn -0.892083 0.451872 0.000000
vn -0.892083 0.451872 0.000000
vn -0.892083 0.451872 0.000000
vn -0.892083 0.451872 0.000000
vn -0.892083 0.451872 0.000000
vn -0.820513 -0.571628 0.000000
vn -0.820513 -0.571628 0.000000
vn -0.820513 -0.571628 0.000000
vn -0.820513 -0.571628 0.000000
vn -0.820513 -0.571628 0.000000
vn -0.820513 -0.571628 0.000000
vn -0.820513 -0.571628 0.000000
vn -0.820513 -0.571628 0.000000
vn -0.820513 -0.571628 0.000000
vn -0.820513 -0.571628 0.000000
vn -0.820513 -0.571628 0.000000
vn -0.820513 -0.571628 0.000000
vn -0.816526 0.577309 0.000000
vn -0.816526 0.577309 0.000000
vn -0.816526 0.577309 0.000000
vn -0.816526 0.577309 0.000000
vn -0.816526 0.577309 0.000000
vn -0.816526 0.577309 0.000000
vn -0.816526 0.577309 0.000000
vn -0.816526 0.577309 0.000000
vn -0.816526 0.577309 0.000000
vn 0.000000 0.000000 -1.000000
vn 0.000000 0.000000 -1.000000
vn 0.000000 0.000000 -1.000000
vn 0.000000 0.000000 -1.000000
vn 0.000000 0.000000 -1.000000
vn 0.000000 0.000000 -1.000000
vn 0.000000 0.000000 -1.000000
vn 0.000000 0.000000 -1.000000
vn 0.000000 0.000000 -1.000000
vn 0.000000 0.000000 -1.000000
vn 0.000000 0.000000 -1.000000
vn 0.000000 0.000000 -1.000000
vn 0.000000 0.000000 -1.000000
vn 0.000000 0.000000 -1.000000
vn 0.000000 0.000000 -1.000000
vn 0.000000 0.000000 -1.000000
vn 0.000000 0.000000 -1.000000
vn 0.000000 0.000000 -1.000000
vn -0.967097 -0.254408 0.000000
vn -0.908227 -0.418478 0.000000
vn -0.928695 -0.370845 0.000000
vn -0.928695 -0.370845 0.000000
vn -0.908227 -0.418478 0.000000
vn -0.908227 -0.418478 0.000000
vn -0.928695 -0.370845 0.000000
vn -0.908227 -0.418478 0.000000
vn -0.839248 -0.543750 0.000000
vn -0.839248 -0.543750 0.000000
vn -0.908227 -0.418478 0.000000
vn -0.821761 -0.569832 0.000000
vn -0.839248 -0.543750 0.000000
vn -0.821761 -0.569832 0.000000
vn -0.717995 -0.696048 0.000000
vn -0.717995 -0.696048 0.000000
vn -0.821761 -0.569832 0.000000
vn -0.710327 -0.703872 0.000000
vn -0.717995 -0.696048 0.000000
vn -0.710327 -0.703872 0.000000
vn -0.569533 -0.821968 0.000000
vn -0.569533 -0.821968 0.000000
vn -0.710327 -0.703872 0.000000
vn -0.577309 -0.816526 0.000000
vn -0.569533 -0.821968 0.000000
vn -0.577309 -0.816526 0.000000
vn -0.577309 -0.816526 0.000000
vn -0.577309 -0.816526 0.000000
vn -0.405280 -0.914193 0.000000
vn -0.569533 -0.821968 0.000000
vn -0.569533 -0.821968 0.000000
vn -0.405280 -0.914193 0.000000
vn -0.399487 -0.916739 0.000000
vn -0.399487 -0.916739 0.000000
vn -0.405280 -0.914193 0.000000
vn -0.217392 -0.976084 0.000000
vn -0.399487 -0.916739 0.000000
vn -0.217392 -0.976084 0.000000
vn -0.214302 -0.976767 0.000000
vn -0.214302 -0.976767 0.000000
vn -0.217392 -0.976084 0.000000
vn -0.020996 -0.999780 0.000000
vn -0.214302 -0.976767 0.000000
vn -0.020996 -0.999780 0.000000
vn -0.020996 -0.999780 0.000000
vn -0.020996 -0.999780 0.000000
vn -0.020996 -0.999780 0.000000
vn 0.173106 -0.984903 0.000000
vn 0.173106 -0.984903 0.000000
vn -0.020996 -0.999780 0.000000
vn 0.176221 -0.984351 0.000000
vn 0.173106 -0.984903 0.000000
vn 0.176221 -0.984351 0.000000
vn 0.360648 -0.932702 0.000000
vn 0.360648 -0.932702 0.000000
vn 0.176221 -0.984351 0.000000
vn 0.366542 -0.930401 0.000000
vn 0.360648 -0.932702 0.000000
vn 0.366542 -0.930401 0.000000
vn 0.534522 -0.845154 0.000000
vn 0.534522 -0.845154 0.000000
vn 0.366542 -0.930401 0.000000
vn 0.542520 -0.840043 0.000000
vn 0.534522 -0.845154 0.000000
vn 0.542520 -0.840043 0.000000
vn 0.542520 -0.840043 0.000000
vn 0.542520 -0.840043 0.000000
vn 0.680150 -0.733073 0.000000
vn 0.534522 -0.845154 0.000000
vn 0.534522 -0.845154 0.000000
vn 0.680150 -0.733073 0.000000
vn 0.688140 -0.725578 0.000000
vn 0.688140 -0.725578 0.000000
vn 0.680150 -0.733073 0.000000
vn 0.797114 -0.603829 0.000000
vn 0.688140 -0.725578 0.000000
vn 0.797114 -0.603829 0.000000
vn 0.815679 -0.578504 0.000000
vn 0.815679 -0.578504 0.000000
vn 0.797114 -0.603829 0.000000
vn 0.889857 -0.456239 0.000000
vn 0.815679 -0.578504 0.000000
vn 0.889857 -0.456239 0.000000
vn 0.912307 -0.409507 0.000000
vn 0.912307 -0.409507 0.000000
vn 0.889857 -0.456239 0.000000
vn 0.889857 -0.456239 0.000000
vn 0.912307 -0.409507 0.000000
vn 0.889857 -0.456239 0.000000
vn 0.955564 -0.294785 0.000000
vn 0.912307 -0.409507 0.000000
vn 0.955564 -0.294785 0.000000
vn 0.974361 -0.224991 0.000000
vn 0.974361 -0.224991 0.000000
vn 0.955564 -0.294785 0.000000
vn 0.992235 -0.124375 0.000000
vn 0.974361 -0.224991 0.000000
vn 0.992235 -0.124375 0.000000
vn 0.999490 -0.031948 0.000000
vn 0.999490 -0.031948 0.000000
vn 0.992235 -0.124375 0.000000
vn 0.998758 0.049815 0.000000
vn 0.999490 -0.031948 0.000000
vn 0.998758 0.049815 0.000000
vn 0.986741 0.162305 0.000000
vn 0.986741 0.162305 0.000000
vn 0.998758 0.049815 0.000000
vn 0.974935 0.222490 0.000000
vn 0.986741 0.162305 0.000000
vn 0.974935 0.222490 0.000000
vn 0.936597 0.350408 0.000000
vn 0.936597 0.350408 0.000000
vn 0.974935 0.222490 0.000000
vn 0.921488 0.388406 0.000000
vn 0.936597 0.350408 0.000000
vn 0.921488 0.388406 0.000000
vn 0.921488 0.388406 0.000000
vn 0.936597 0.350408 0.000000
vn 0.921488 0.388406 0.000000
vn 0.850960 0.525231 0.000000
vn 0.850960 0.525231 0.000000
vn 0.921488 0.388406 0.000000
vn 0.870166 0.492758 0.000000
vn 0.850960 0.525231 0.000000
vn 0.870166 0.492758 0.000000
vn 0.807077 0.590446 0.000000
vn 0.733073 0.680150 0.000000
vn 0.733073 0.680150 0.000000
vn 0.807077 0.590446 0.000000
vn 0.807077 0.590446 0.000000
vn 0.733073 0.680150 0.000000
vn 0.850960 0.525231 0.000000
vn -0.928695 -0.370845 0.000000
vn -0.982948 -0.183886 0.000000
vn -0.967097 -0.254408 0.000000
vn -0.967097 -0.254408 0.000000
vn -0.982948 -0.183886 0.000000
vn -0.996582 -0.082608 0.000000
vn -0.996582 -0.082608 0.000000
vn -0.982948 -0.183886 0.000000
vn -0.999950 0.010042 0.000000
vn -0.996582 -0.082608 0.000000
vn -0.999950 0.010042 0.000000
vn -0.995787 0.091701 0.000000
vn -0.995787 0.091701 0.000000
vn -0.999950 0.010042 0.000000
vn -0.979057 0.203588 0.000000
vn -0.995787 0.091701 0.000000
vn -0.979057 0.203588 0.000000
vn -0.964734 0.263225 0.000000
vn -0.964734 0.263225 0.000000
vn -0.979057 0.203588 0.000000
vn -0.921060 0.389420 0.000000
vn -0.964734 0.263225 0.000000
vn -0.921060 0.389420 0.000000
vn -0.904370 0.426750 0.000000
vn -0.904370 0.426750 0.000000
vn -0.921060 0.389420 0.000000
vn -0.904370 0.426750 0.000000
vn -0.904370 0.426750 0.000000
vn -0.921060 0.389420 0.000000
vn -0.828159 0.560494 0.000000
vn -0.904370 0.426750 0.000000
vn -0.828159 0.560494 0.000000
vn -0.848712 0.528855 0.000000
vn -0.848712 0.528855 0.000000
vn -0.828159 0.560494 0.000000
vn -0.781577 0.623809 0.000000
vn -0.781577 0.623809 0.000000
vn -0.828159 0.560494 0.000000
vn -0.703872 0.710327 0.000000
vn -0.781577 0.623809 0.000000
vn -0.703872 0.710327 0.000000
vn -0.703872 0.710327 0.000000
vn 0.680150 -0.733073 0.000000
vn 0.680150 -0.733073 0.000000
vn 0.680150 -0.733073 0.000000
vn 0.680150 -0.733073 0.000000
vn 0.680150 -0.733073 0.000000
vn 0.680150 -0.733073 0.000000
vn 0.680150 -0.733073 0.000000
vn 0.680150 -0.733073 0.000000
vn 0.680150 -0.733073 0.000000
vn 0.000000 0.000000 -1.000000
vn 0.000000 0.000000 -1.000000
vn 0.000000 0.000000 -1.000000
vn 0.000000 0.000000 -1.000000
vn 0.000000 0.000000 -1.000000
vn 0.000000 0.000000 -1.000000
vn 0.000000 0.000000 -1.000000
vn 0.000000 0.000000 -1.000000
vn 0.000000 0.000000 -1.000000
vn 0.000000 0.000000 -1.000000
vn 0.000000 0.000000 -1.000000
vn 0.000000 0.000000 -1.000000
vn 0.000000 0.000000 -1.000000
vn 0.000000 0.000000 -1.000000
vn 0.000000 0.000000 -1.000000
vn 0.000000 0.000000 -1.000000
vn 0.000000 0.000000 -1.000000
vn 0.000000 0.000000 -1.000000
vn -0.456239 -0.889857 0.000000
vn -0.456239 -0.889857 0.000000
vn -0.456239 -0.889857 0.000000
vn -0.456239 -0.889857 0.000000
vn -0.456239 -0.889857 0.000000
vn -0.456239 -0.889857 0.000000
vn -0.456239 -0.889857 0.000000
vn -0.456239 -0.889857 0.000000
vn -0.456239 -0.889857 0.000000
vn 0.000000 0.000000 -1.000000
vn 0.000000 0.000000 -1.000000
vn 0.000000 0.000000 -1.000000
vn 0.000000 0.000000 -1.000000
vn 0.000000 0.000000 -1.000000
vn 0.000000 0.000000 -1.000000
vn 0.000000 0.000000 -1.000000
vn 0.000000 0.000000 -1.000000
vn 0.000000 0.000000 -1.000000
vn 0.000000 0.000000 -1.000000
vn 0.000000 0.000000 -1.000000
vn 0.000000 0.000000 -1.000000
vn 0.000000 0.000000 -1.000000
vn 0.000000 0.000000 -1.000000
vn 0.000000 0.000000 -1.000000
vn 0.000000 0.000000 -1.000000
vn 0.000000 0.000000 -1.000000
vn 0.000000 0.000000 -1.000000
vn 0.426750 0.904370 0.000000
vn 0.426750 0.904370 0.000000
vn 0.426750 0.904370 0.000000
vn 0.426750 0.904370 0.000000
vn 0.426750 0.904370 0.000000
vn 0.426750 0.904370 0.000000
vn 0.426750 0.904370 0.000000
vn 0.426750 0.904370 0.000000
vn 0.426750 0.904370 0.000000
vn 0.000000 0.000000 -1.000000
vn 0.000000 0.000000 -1.000000
vn 0.000000 0.000000 -1.000000
vn 0.000000 0.000000 -1.000000
vn 0.000000 0.000000 -1.000000
vn 0.000000 0.000000 -1.000000
vn 0.000000 0.000000 -1.000000
vn 0.000000 0.000000 -1.000000
vn 0.000000 0.000000 -1.000000
vn 0.000000 0.000000 -1.000000
vn 0.000000 0.000000 -1.000000
vn 0.000000 0.000000 -1.000000
vn 0.000000 0.000000 -1.000000
vn 0.000000 0.000000 -1.000000
vn 0.000000 0.000000 -1.000000
vn 0.000000 0.000000 -1.000000
vn 0.000000 0.000000 -1.000000
vn 0.000000 0.000000 -1.000000
vn -0.319522 0.630798 0.707107
vn -0.319522 0.630798 0.707107
vn -0.348524 0.615249 0.707107
vn -0.348524 0.615249 0.707107
vn -0.319522 0.630798 0.707107
vn -0.348524 0.615249 0.707107
vn -0.348524 0.615249 0.707107
vn -0.348524 0.615249 0.707107
vn -0.376771 0.598368 0.707107
vn -0.376771 0.598368 0.707107
vn -0.348524 0.615249 0.707107
vn -0.376771 0.598368 0.707107
vn -0.376771 0.598368 0.707107
vn -0.376771 0.598368 0.707107
vn -0.404202 0.580190 0.707107
vn -0.404202 0.580190 0.707107
vn -0.376771 0.598368 0.707107
vn -0.404202 0.580190 0.707107
vn 0.404202 0.580190 0.707107
vn 0.404202 0.580190 0.707107
vn 0.376771 0.598368 0.707107
vn 0.376771 0.598368 0.707107
vn 0.404202 0.580190 0.707107
vn 0.376771 0.598368 0.707107
vn 0.376771 0.598368 0.707107
vn 0.376771 0.598368 0.707107
vn 0.348524 0.615249 0.707107
vn 0.348524 0.615249 0.707107
vn 0.376771 0.598368 0.707107
vn 0.348524 0.615249 0.707107
vn 0.348524 0.615249 0.707107
vn 0.348524 0.615249 0.707107
vn 0.319522 0.630798 0.707107
vn 0.319522 0.630798 0.707107
vn 0.348524 0.615249 0.707107
vn 0.319522 0.630798 0.707107
vn 0.319522 0.630798 -0.707107
vn 0.319522 0.630798 -0.707107
vn 0.348524 0.615249 -0.707107
vn 0.348524 0.615249 -0.707107
vn 0.319522 0.630798 -0.707107
vn 0.348524 0.615249 -0.707107
vn 0.348524 0.615249 -0.707107
vn 0.348524 0.615249 -0.707107
vn 0.376771 0.598368 -0.707107
vn 0.376771 0.598368 -0.707107
vn 0.348524 0.615249 -0.707107
vn 0.376771 0.598368 -0.707107
vn 0.376771 0.598368 -0.707107
vn 0.376771 0.598368 -0.707107
vn 0.404202 0.580190 -0.707107
vn 0.404202 0.580190 -0.707107
vn 0.376771 0.598368 -0.707107
vn 0.404202 0.580190 -0.707107
vn 0.000000 0.000000 -1.000000
vn 0.000000 0.000000 -1.000000
vn 0.000000 0.000000 -1.000000
vn 0.000000 0.000000 -1.000000
vn 0.000000 0.000000 -1.000000
vn 0.000000 0.000000 -1.000000
vn 0.000000 0.000000 -1.000000
vn 0.000000 0.000000 -1.000000
vn 0.000000 0.000000 -1.000000
vn 0.000000 0.000000 -1.000000
vn 0.000000 0.000000 -1.000000
vn 0.000000 0.000000 -1.000000
vn 0.000000 0.000000 -1.000000
vn 0.000000 0.000000 -1.000000
vn 0.000000 0.000000 -1.000000
vn 0.000000 0.000000 -1.000000
vn 0.000000 0.000000 -1.000000
vn 0.000000 0.000000 -1.000000
vn -0.404202 0.580190 -0.707107
vn -0.404202 0.580190 -0.707107
vn -0.376771 0.598368 -0.707107
vn -0.376771 0.598368 -0.707107
vn -0.404202 0.580190 -0.707107
vn -0.376771 0.598368 -0.707107
vn -0.376771 0.598368 -0.707107
vn -0.376771 0.598368 -0.707107
vn -0.348524 0.615249 -0.707107
vn -0.348524 0.615249 -0.707107
vn -0.376771 0.598368 -0.707107
vn -0.348524 0.615249 -0.707107
vn -0.348524 0.615249 -0.707107
vn -0.348524 0.615249 -0.707107
vn -0.319522 0.630798 -0.707107
vn -0.319522 0.630798 -0.707107
vn -0.348524 0.615249 -0.707107
vn -0.319522 0.630798 -0.707107
vn 0.000000 0.000000 -1.000000
vn 0.000000 0.000000 -1.000000
vn 0.000000 0.000000 -1.000000
vn 0.000000 0.000000 -1.000000
vn 0.000000 0.000000 -1.000000
vn 0.000000 0.000000 -1.000000
vn 0.000000 0.000000 -1.000000
vn 0.000000 0.000000 -1.000000
vn 0.000000 0.000000 -1.000000
vn 0.000000 0.000000 -1.000000
vn 0.000000 0.000000 -1.000000
vn 0.000000 0.000000 -1.000000
vn 0.000000 0.000000 -1.000000
vn 0.000000 0.000000 -1.000000
vn 0.000000 0.000000 -1.000000
vn 0.000000 0.000000 -1.000000
vn 0.000000 0.000000 -1.000000
vn 0.000000 0.000000 -1.000000
vn 0.892083 0.451872 0.000000
vn 0.892083 0.451872 0.000000
vn 0.892083 0.451872 0.000000
vn 0.892083 0.451872 0.000000
vn 0.892083 0.451872 0.000000
vn 0.892083 0.451872 0.000000
vn 0.892083 0.451872 0.000000
vn 0.892083 0.451872 0.000000
vn 0.892083 0.451872 0.000000
vn 0.892083 0.451872 0.000000
vn 0.892083 0.451872 0.000000
vn 0.892083 0.451872 0.000000
vn 0.820513 -0.571628 0.000000
vn 0.820513 -0.571628 0.000000
vn 0.820513 -0.571628 0.000000
vn 0.820513 -0.571628 0.000000
vn 0.820513 -0.571628 0.000000
vn 0.820513 -0.571628 0.000000
vn 0.820513 -0.571628 0.000000
vn 0.820513 -0.571628 0.000000
vn 0.820513 -0.571628 0.000000
vn 0.820513 -0.571628 0.000000
vn 0.820513 -0.571628 0.000000
vn 0.820513 -0.571628 0.000000
vn 0.000000 0.000000 -1.000000
vn 0.000000 0.000000 -1.000000
vn 0.000000 0.000000 -1.000000
vn 0.000000 0.000000 -1.000000
vn 0.000000 0.000000 -1.000000
vn 0.000000 0.000000 -1.000000
vn 0.000000 0.000000 -1.000000
vn 0.000000 0.000000 -1.000000
vn 0.000000 0.000000 -1.000000
vn 0.000000 0.000000 -1.000000
vn 0.000000 0.000000 -1.000000
vn 0.000000 0.000000 -1.000000
vn 0.000000 0.000000 -1.000000
vn 0.000000 0.000000 -1.000000
vn 0.000000 0.000000 -1.000000
vn 0.000000 0.000000 -1.000000
vn 0.000000 0.000000 -1.000000
vn 0.000000 0.000000 -1.000000
vn 0.000000 0.000000 -1.000000
vn 0.000000 0.000000 -1.000000
vn 0.000000 0.000000 -1.000000
vn 0.000000 0.000000 -1.000000
vn 0.000000 0.000000 -1.000000
vn 0.000000 0.000000 -1.000000
vn 0.000000 0.000000 -1.000000
vn 0.000000 0.000000 -1.000000
vn 0.000000 0.000000 -1.000000
vn 0.000000 0.000000 -1.000000
vn 0.000000 0.000000 -1.000000
vn 0.000000 0.000000 -1.000000
vn 0.000000 0.000000 -1.000000
vn 0.000000 0.000000 -1.000000
vn 0.000000 0.000000 -1.000000
vn 0.000000 0.000000 -1.000000
vn 0.000000 0.000000 -1.000000
vn 0.000000 0.000000 -1.000000
vn 0.000000 0.000000 -1.000000
vn 0.000000 0.000000 -1.000000
vn 0.000000 0.000000 -1.000000
vn 0.000000 0.000000 -1.000000
vn 0.000000 0.000000 -1.000000
vn 0.000000 0.000000 -1.000000
vn 0.000000 0.000000 -1.000000
vn 0.000000 0.000000 -1.000000
vn 0.000000 0.000000 -1.000000
vn 0.000000 0.000000 -1.000000
vn 0.000000 0.000000 -1.000000
vn 0.000000 0.000000 -1.000000
vn 0.000000 0.000000 -1.000000
vn 0.000000 0.000000 -1.000000
vn 0.000000 0.000000 -1.000000
vn 0.000000 0.000000 -1.000000
vn 0.000000 0.000000 -1.000000
vn 0.000000 0.000000 -1.000000
vn 0.000000 0.000000 -1.000000
vn 0.000000 0.000000 -1.000000
vn 0.000000 0.000000 -1.000000
vn 0.000000 0.000000 -1.000000
vn 0.000000 0.000000 -1.000000
vn 0.000000 0.000000 -1.000000
vn 0.000000 0.000000 -1.000000
vn 0.000000 0.000000 -1.000000
vn 0.000000 0.000000 -1.000000
vn 0.000000 0.000000 -1.000000
vn 0.000000 0.000000 -1.000000
vn 0.000000 0.000000 -1.000000
vn 0.000000 0.000000 -1.000000
vn 0.000000 0.000000 -1.000000
vn 0.000000 0.000000 -1.000000
vn 0.000000 0.000000 -1.000000
vn 0.000000 0.000000 -1.000000
vn 0.000000 0.000000 -1.000000
vn 0.000000 0.000000 -1.000000
vn 0.000000 0.000000 -1.000000
vn 0.000000 0.000000 -1.000000
vn 0.000000 0.000000 -1.000000
vn 0.000000 0.000000 -1.000000
vn 0.000000 0.000000 -1.000000
vn 0.000000 0.000000 -1.000000
vn 0.000000 0.000000 -1.000000
vn 0.000000 0.000000 -1.000000
vn 0.000000 0.000000 -1.000000
vn 0.000000 0.000000 -1.000000
vn 0.000000 0.000000 -1.000000
vn 0.000000 0.000000 -1.000000
vn 0.000000 0.000000 -1.000000
vn 0.000000 0.000000 -1.000000
vn 0.000000 0.000000 -1.000000
vn 0.000000 0.000000 -1.000000
vn 0.000000 0.000000 -1.000000
vn 0.000000 0.000000 -1.000000
vn 0.000000 0.000000 -1.000000
vn 0.000000 0.000000 -1.000000
vn 0.000000 0.000000 -1.000000
vn 0.000000 0.000000 -1.000000
vn 0.000000 0.000000 -1.000000
vn 0.000000 0.000000 -1.000000
vn 0.000000 0.000000 -1.000000
vn 0.000000 0.000000 -1.000000
vn 0.000000 0.000000 -1.000000
vn 0.000000 0.000000 -1.000000
vn 0.000000 0.000000 -1.000000
vn 0.000000 0.000000 -1.000000
vn 0.000000 0.000000 -1.000000
vn 0.000000 0.000000 -1.000000
vn 0.000000 0.000000 -1.000000
vn 0.000000 0.000000 -1.000000
vn 0.000000 0.000000 -1.000000
vn 0.000000 0.000000 -1.000000
vn 0.000000 0.000000 -1.000000
vn 0.000000 0.000000 -1.000000
vn 0.000000 0.000000 -1.000000
vn 0.000000 0.000000 -1.000000
vn 0.000000 0.000000 -1.000000
vn 0.000000 0.000000 -1.000000
vn 0.000000 0.000000 -1.000000
vn 0.000000 0.000000 -1.000000
vn 0.000000 0.000000 -1.000000
vn 0.000000 0.000000 -1.000000
vn 0.000000 0.000000 -1.000000
vn 0.000000 0.000000 -1.000000
vn 0.000000 0.000000 -1.000000
vn 0.000000 0.000000 -1.000000
vn 0.000000 0.000000 -1.000000
vn 0.000000 0.000000 -1.000000
vn 0.000000 0.000000 -1.000000
vn 0.000000 0.000000 -1.000000
vn 0.000000 0.000000 -1.000000
vn 0.000000 0.000000 -1.000000
vn 0.000000 0.000000 -1.000000
vn 0.000000 0.000000 -1.000000
vn 0.000000 0.000000 -1.000000
vn 0.000000 0.000000 -1.000000
vn 0.000000 0.000000 -1.000000
vn 0.000000 0.000000 -1.000000
vn 0.000000 0.000000 -1.000000
vn 0.000000 0.000000 -1.000000
vn 0.000000 0.000000 -1.000000
vn 0.000000 0.000000 -1.000000
vn 0.000000 0.000000 -1.000000
vn 0.000000 0.000000 -1.000000
vn 0.000000 0.000000 -1.000000
vn 0.000000 0.000000 -1.000000
vn 0.000000 0.000000 -1.000000
vn 0.000000 0.000000 -1.000000
vn 0.000000 0.000000 -1.000000
vn 0.000000 0.000000 -1.000000
vn 0.820513 -0.571628 0.000000
vn 0.820513 -0.571628 0.000000
vn 0.820513 -0.571628 0.000000
vn 0.820513 -0.571628 0.000000
vn 0.820513 -0.571628 0.000000
vn 0.820513 -0.571628 0.000000
vn 0.820513 -0.571628 0.000000
vn 0.820513 -0.571628 0.000000
vn 0.820513 -0.571628 0.000000
vn -0.571628 0.820513 -0.000000
vn -0.608313 0.793697 -0.000000
vn -0.571628 0.820513 -0.000000
vn -0.571628 0.820513 -0.000000
vn -0.608313 0.793697 -0.000000
vn -0.608313 0.793697 -0.000000
vn -0.571628 0.820513 -0.000000
vn -0.608313 0.793697 -0.000000
vn -0.532834 0.846220 -0.000000
vn -0.532834 0.846220 -0.000000
vn -0.608313 0.793697 -0.000000
vn -0.450295 0.892880 -0.000000
vn -0.532834 0.846220 -0.000000
vn -0.450295 0.892880 -0.000000
vn -0.492887 0.870093 -0.000000
vn -0.492887 0.870093 -0.000000
vn -0.450295 0.892880 -0.000000
vn -0.451872 0.892083 -0.000000
vn -0.451872 0.892083 -0.000000
vn -0.450295 0.892880 -0.000000
vn -0.450295 0.892880 -0.000000
vn -0.451872 0.892083 -0.000000
vn -0.450295 0.892880 -0.000000
vn -0.451872 0.892083 -0.000000
vn -0.451872 0.892083 -0.000000
vn -0.450295 0.892880 -0.000000
vn -0.492887 0.870093 -0.000000
vn -0.492887 0.870093 -0.000000
vn -0.450295 0.892880 -0.000000
vn -0.532834 0.846220 -0.000000
vn -0.532834 0.846220 -0.000000
vn -0.450295 0.892880 -0.000000
vn -0.608313 0.793697 -0.000000
vn -0.532834 0.846220 -0.000000
vn -0.608313 0.793697 -0.000000
vn -0.571628 0.820513 -0.000000
vn 0.492887 0.870093 0.000000
vn 0.451872 0.892083 0.000000
vn 0.450295 0.892880 0.000000
vn 0.450295 0.892880 0.000000
vn 0.451872 0.892083 0.000000
vn 0.451872 0.892083 0.000000
vn 0.450295 0.892880 0.000000
vn 0.451872 0.892083 0.000000
vn 0.450295 0.892880 0.000000
vn 0.450295 0.892880 0.000000
vn 0.451872 0.892083 0.000000
vn 0.492887 0.870093 0.000000
vn 0.450295 0.892880 0.000000
vn 0.492887 0.870093 0.000000
vn 0.532834 0.846220 0.000000
vn 0.450295 0.892880 0.000000
vn 0.532834 0.846220 0.000000
vn 0.608313 0.793697 0.000000
vn 0.608313 0.793697 0.000000
vn 0.532834 0.846220 0.000000
vn 0.571628 0.820513 0.000000
vn 0.608313 0.793697 0.000000
vn 0.571628 0.820513 0.000000
vn 0.571628 0.820513 0.000000
vn 0.608313 0.793697 0.000000
vn 0.571628 0.820513 0.000000
vn 0.608313 0.793697 0.000000
vn 0.608313 0.793697 0.000000
vn 0.571628 0.820513 0.000000
vn 0.532834 0.846220 0.000000
vn 0.608313 0.793697 0.000000
vn 0.532834 0.846220 0.000000
vn 0.450295 0.892880 0.000000
vn 0.450295 0.892880 0.000000
vn 0.532834 0.846220 0.000000
vn 0.492887 0.870093 0.000000
vn -0.721602 -0.692308 0.000000
vn -0.837642 -0.546219 0.000000
vn -0.721602 -0.692308 0.000000
vn -0.721602 -0.692308 0.000000
vn -0.837642 -0.546219 0.000000
vn -0.837642 -0.546219 0.000000
vn -0.837642 -0.546219 0.000000
vn -0.837642 -0.546219 0.000000
vn -0.924526 -0.381118 0.000000
vn -0.837642 -0.546219 0.000000
vn -0.924526 -0.381118 0.000000
vn -0.924526 -0.381118 0.000000
vn -0.924526 -0.381118 0.000000
vn -0.924526 -0.381118 0.000000
vn -0.979230 -0.202752 0.000000
vn -0.924526 -0.381118 0.000000
vn -0.979230 -0.202752 0.000000
vn -0.979230 -0.202752 0.000000
vn -0.979230 -0.202752 0.000000
vn -0.979230 -0.202752 0.000000
vn -0.999850 -0.017328 0.000000
vn -0.979230 -0.202752 0.000000
vn -0.999850 -0.017328 0.000000
vn -0.999850 -0.017328 0.000000
vn -0.999850 -0.017328 0.000000
vn -0.999850 -0.017328 0.000000
vn -0.985668 0.168699 -0.000000
vn -0.999850 -0.017328 0.000000
vn -0.985668 0.168699 -0.000000
vn -0.985668 0.168699 -0.000000
vn -0.985668 0.168699 -0.000000
vn -0.985668 0.168699 -0.000000
vn -0.937177 0.348854 -0.000000
vn -0.985668 0.168699 -0.000000
vn -0.937177 0.348854 -0.000000
vn -0.937177 0.348854 -0.000000
vn -0.937177 0.348854 -0.000000
vn -0.937177 0.348854 -0.000000
vn -0.856066 0.516866 -0.000000
vn -0.937177 0.348854 -0.000000
vn -0.856066 0.516866 -0.000000
vn -0.856066 0.516866 -0.000000
vn -0.856066 0.516866 -0.000000
vn -0.856066 0.516866 -0.000000
vn -0.745158 0.666888 -0.000000
vn -0.856066 0.516866 -0.000000
vn -0.745158 0.666888 -0.000000
vn -0.745158 0.666888 -0.000000
vn -0.745158 0.666888 -0.000000
vn -0.745158 0.666888 -0.000000
vn -0.608313 0.793697 -0.000000
vn -0.745158 0.666888 -0.000000
vn -0.608313 0.793697 -0.000000
vn -0.608313 0.793697 -0.000000
vn -0.450295 0.892880 -0.000000
vn -0.276603 0.960984 -0.000000
vn -0.450295 0.892880 -0.000000
vn -0.450295 0.892880 -0.000000
vn -0.276603 0.960984 -0.000000
vn -0.276603 0.960984 -0.000000
vn -0.276603 0.960984 -0.000000
vn -0.276603 0.960984 -0.000000
vn -0.093283 0.995640 -0.000000
vn -0.276603 0.960984 -0.000000
vn -0.093283 0.995640 -0.000000
vn -0.093283 0.995640 -0.000000
vn -0.093283 0.995640 -0.000000
vn -0.093283 0.995640 -0.000000
vn 0.093283 0.995640 0.000000
vn -0.093283 0.995640 -0.000000
vn 0.093283 0.995640 0.000000
vn 0.093283 0.995640 0.000000
vn 0.093283 0.995640 0.000000
vn 0.093283 0.995640 0.000000
vn 0.276603 0.960984 0.000000
vn 0.093283 0.995640 0.000000
vn 0.276603 0.960984 0.000000
vn 0.276603 0.960984 0.000000
vn 0.276603 0.960984 0.000000
vn 0.276603 0.960984 0.000000
vn 0.450295 0.892880 0.000000
vn 0.276603 0.960984 0.000000
vn 0.450295 0.892880 0.000000
vn 0.450295 0.892880 0.000000
vn 0.608313 0.793697 0.000000
vn 0.745158 0.666888 0.000000
vn 0.608313 0.793697 0.000000
vn 0.608313 0.793697 0.000000
vn 0.745158 0.666888 0.000000
vn 0.745158 0.666888 0.000000
vn 0.745158 0.666888 0.000000
vn 0.745158 0.666888 0.000000
vn 0.856066 0.516866 0.000000
vn 0.745158 0.666888 0.000000
vn 0.856066 0.516866 0.000000
vn 0.856066 0.516866 0.000000
vn 0.856066 0.516866 0.000000
vn 0.856066 0.516866 0.000000
vn 0.937177 0.348854 0.000000
vn 0.856066 0.516866 0.000000
vn 0.937177 0.348854 0.000000
vn 0.937177 0.348854 0.000000
vn 0.937177 0.348854 0.000000
vn 0.937177 0.348854 0.000000
vn 0.985668 0.168699 0.000000
vn 0.937177 0.348854 0.000000
vn 0.985668 0.168699 0.000000
vn 0.985668 0.168699 0.000000
vn 0.985668 0.168699 0.000000
vn 0.985668 0.168699 0.000000
vn 0.999850 -0.017328 0.000000
vn 0.985668 0.168699 0.000000
vn 0.999850 -0.017328 0.000000
vn 0.999850 -0.017328 0.000000
vn 0.999850 -0.017328 0.000000
vn 0.999850 -0.017328 0.000000
vn 0.979230 -0.202752 0.000000
vn 0.999850 -0.017328 0.000000
vn 0.979230 -0.202752 0.000000
vn 0.979230 -0.202752 0.000000
vn 0.979230 -0.202752 0.000000
vn 0.979230 -0.202752 0.000000
vn 0.924526 -0.381118 0.000000
vn 0.979230 -0.202752 0.000000
vn 0.924526 -0.381118 0.000000
vn 0.924526 -0.381118 0.000000
vn 0.924526 -0.381118 0.000000
vn 0.924526 -0.381118 0.000000
vn 0.837642 -0.546219 0.000000
vn 0.924526 -0.381118 0.000000
vn 0.837642 -0.546219 0.000000
vn 0.837642 -0.546219 0.000000
vn 0.837642 -0.546219 0.000000
vn 0.837642 -0.546219 0.000000
vn 0.721602 -0.692308 0.000000
vn 0.837642 -0.546219 0.000000
vn 0.721602 -0.692308 0.000000
vn 0.721602 -0.692308 0.000000
vn -0.453990 -0.891007 0.000000
vn -0.453990 -0.891007 0.000000
vn -0.453990 -0.891007 0.000000
vn -0.453990 -0.891007 0.000000
vn -0.453990 -0.891007 0.000000
vn -0.453990 -0.891007 0.000000
vn -0.453990 -0.891007 0.000000
vn -0.453990 -0.891007 0.000000
vn -0.453990 -0.891007 0.000000
vn 0.000000 0.000000 1.000000
vn 0.000000 0.000000 1.000000
vn 0.000000 0.000000 1.000000
vn 0.000000 0.000000 1.000000
vn 0.000000 0.000000 1.000000
vn 0.000000 0.000000 1.000000
vn 0.000000 0.000000 1.000000
vn 0.000000 0.000000 1.000000
vn 0.000000 0.000000 1.000000
vn 0.000000 0.000000 1.000000
vn 0.000000 0.000000 1.000000
vn 0.000000 0.000000 1.000000
vn 0.000000 0.000000 1.000000
vn 0.000000 0.000000 1.000000
vn 0.000000 0.000000 1.000000
vn 0.000000 0.000000 1.000000
vn 0.000000 0.000000 1.000000
vn 0.000000 0.000000 1.000000
vn 0.000000 0.000000 1.000000
vn 0.000000 0.000000 1.000000
vn 0.000000 0.000000 1.000000
vn 0.000000 0.000000 1.000000
vn 0.000000 0.000000 1.000000
vn 0.000000 0.000000 1.000000
vn 0.000000 0.000000 1.000000
vn 0.000000 0.000000 1.000000
vn 0.000000 0.000000 1.000000
vn 0.000000 0.000000 1.000000
vn 0.000000 0.000000 1.000000
vn 0.000000 0.000000 1.000000
vn 0.000000 0.000000 1.000000
vn 0.000000 0.000000 1.000000
vn 0.000000 0.000000 1.000000
vn 0.000000 0.000000 1.000000
vn 0.000000 0.000000 1.000000
vn 0.000000 0.000000 1.000000
vn 0.000000 0.000000 1.000000
vn 0.000000 0.000000 1.000000
vn 0.000000 0.000000 1.000000
vn 0.000000 0.000000 1.000000
vn 0.000000 0.000000 1.000000
vn 0.000000 0.000000 1.000000
vn 0.000000 0.000000 1.000000
vn 0.000000 0.000000 1.000000
vn 0.000000 0.000000 1.000000
vn 0.000000 0.000000 1.000000
vn 0.000000 0.000000 1.000000
vn 0.000000 0.000000 1.000000
vn 0.000000 0.000000 1.000000
vn 0.000000 0.000000 1.000000
vn 0.000000 0.000000 1.000000
vn 0.000000 0.000000 1.000000
vn 0.000000 0.000000 1.000000
vn 0.000000 0.000000 1.000000
vn 0.000000 0.000000 1.000000
vn 0.000000 0.000000 1.000000
vn 0.000000 0.000000 1.000000
vn 0.000000 0.000000 1.000000
vn 0.000000 0.000000 1.000000
vn 0.000000 0.000000 1.000000
vn 0.000000 0.000000 1.000000
vn 0.000000 0.000000 1.000000
vn 0.000000 0.000000 1.000000
vn 0.000000 0.000000 1.000000
vn 0.000000 0.000000 1.000000
vn 0.000000 0.000000 1.000000
vn 0.000000 0.000000 1.000000
vn 0.000000 0.000000 1.000000
vn 0.000000 0.000000 1.000000
vn 0.000000 0.000000 1.000000
vn 0.000000 0.000000 1.000000
vn 0.000000 0.000000 1.000000
vn 0.000000 0.000000 1.000000
vn 0.000000 0.000000 1.000000
vn 0.000000 0.000000 1.000000
vn 0.000000 0.000000 1.000000
vn 0.000000 0.000000 1.000000
vn 0.000000 0.000000 1.000000
vn 0.000000 0.000000 1.000000
vn 0.000000 0.000000 1.000000
vn 0.000000 0.000000 1.000000
vn 0.000000 0.000000 1.000000
vn 0.000000 0.000000 1.000000
vn 0.000000 0.000000 1.000000
vn 0.000000 0.000000 1.000000
vn 0.000000 0.000000 1.000000
vn 0.000000 0.000000 1.000000
vn 0.000000 0.000000 1.000000
vn 0.000000 0.000000 1.000000
vn 0.000000 0.000000 1.000000
vn 0.000000 0.000000 1.000000
vn 0.000000 0.000000 1.000000
vn 0.000000 0.000000 1.000000
vn 0.000000 0.000000 1.000000
vn 0.000000 0.000000 1.000000
vn 0.000000 0.000000 1.000000
vn 0.000000 0.000000 1.000000
vn 0.000000 0.000000 1.000000
vn 0.000000 0.000000 1.000000
vn 0.000000 0.000000 1.000000
vn 0.000000 0.000000 1.000000
vn 0.000000 0.000000 1.000000
vn 0.000000 0.000000 1.000000
vn 0.000000 0.000000 1.000000
vn 0.000000 0.000000 1.000000
vn 0.000000 0.000000 1.000000
vn 0.000000 0.000000 1.000000
vn 0.000000 0.000000 1.000000
vn 0.000000 0.000000 1.000000
vn 0.000000 0.000000 1.000000
vn 0.000000 0.000000 1.000000
vn 0.000000 0.000000 1.000000
vn 0.000000 0.000000 1.000000
vn 0.000000 0.000000 1.000000
vn 0.000000 0.000000 1.000000
vn 0.000000 0.000000 1.000000
vn 0.000000 0.000000 1.000000
vn 0.000000 0.000000 1.000000
vn 0.000000 0.000000 1.000000
vn 0.000000 0.000000 1.000000
vn 0.000000 0.000000 1.000000
vn 0.000000 0.000000 1.000000
vn 0.000000 0.000000 1.000000
vn 0.000000 0.000000 1.000000
vn 0.000000 0.000000 1.000000
vn 0.000000 0.000000 1.000000
vn 0.000000 0.000000 1.000000
vn 0.000000 0.000000 1.000000
vn 0.000000 0.000000 1.000000
vn 0.000000 0.000000 1.000000
vn 0.000000 0.000000 1.000000
vn 0.000000 0.000000 1.000000
vn 0.000000 0.000000 1.000000
vn 0.000000 0.000000 1.000000
vn 0.000000 0.000000 1.000000
vn 0.000000 0.000000 1.000000
vn 0.000000 0.000000 1.000000
vn 0.000000 0.000000 1.000000
vn 0.000000 0.000000 1.000000
vn 0.000000 0.000000 1.000000
vn 0.000000 0.000000 1.000000
vn 0.000000 0.000000 1.000000
vn 0.000000 0.000000 1.000000
vn 0.000000 0.000000 1.000000
vn 0.000000 0.000000 1.000000
vn 0.000000 0.000000 1.000000
vn 0.000000 0.000000 1.000000
vn 0.000000 0.000000 1.000000
vn 0.000000 0.000000 1.000000
vn 0.000000 0.000000 1.000000
vn 0.000000 0.000000 1.000000
vn 0.000000 0.000000 1.000000
vn 0.000000 0.000000 1.000000
vn 0.000000 0.000000 1.000000
vn 0.000000 0.000000 1.000000
vn 0.000000 0.000000 1.000000
vn 0.000000 0.000000 1.000000
vn 0.000000 0.000000 1.000000
vn 0.000000 0.000000 1.000000
vn 0.000000 0.000000 1.000000
vn 0.000000 0.000000 1.000000
vn 0.000000 0.000000 1.000000
vn 0.000000 0.000000 1.000000
vn 0.000000 0.000000 1.000000
vn 0.000000 0.000000 1.000000
vn 0.000000 0.000000 1.000000
vn 0.000000 0.000000 1.000000
vn 0.000000 0.000000 1.000000
vn 0.000000 0.000000 1.000000
vn 0.000000 0.000000 1.000000
vn 0.000000 0.000000 1.000000
vn 0.000000 0.000000 1.000000
vn 0.000000 0.000000 1.000000
vn 0.000000 0.000000 1.000000
vn 0.000000 0.000000 1.000000
vn 0.000000 0.000000 1.000000
vn 0.000000 0.000000 1.000000
vn 0.000000 0.000000 1.000000
vn 0.000000 0.000000 1.000000
vn 0.000000 0.000000 1.000000
vn 0.000000 0.000000 1.000000
vn 0.000000 0.000000 1.000000
vn 0.000000 0.000000 1.000000
s off
g Finger_Mount_v40:Body22
usemtl initialShadingGroup
f 1/1/1 2/2/2 6/3/3
f 6/3/4 2/2/5 3/4/6
f 6/3/7 3/4/8 5/5/9
f 5/5/10 3/4/11 4/6/12
f 6/7/13 5/8/14 1/9/15
f 1/9/16 5/8/17 12/10/18
f 12/10/19 5/8/20 7/11/21
f 12/10/22 7/11/23 11/12/24
f 11/12/25 7/11/26 8/13/27
f 11/12/28 8/13/29 10/14/30
f 10/14/31 8/13/32 9/15/33
f 13/16/34 14/17/35 18/18/36
f 18/18/37 14/17/38 15/19/39
f 18/18/40 15/19/41 17/20/42
f 17/20/43 15/19/44 16/21/45
f 18/22/46 17/23/47 13/24/48
f 13/24/49 17/23/50 19/25/51
f 13/24/52 19/25/53 24/26/54
f 24/26/55 19/25/56 20/27/57
f 24/26/58 20/27/59 23/28/60
f 23/28/61 20/27/62 21/29/63
f 23/28/64 21/29/65 22/30/66
f 25/31/67 26/32/68 30/33/69
f 30/33/70 26/32/71 27/34/72
f 30/33/73 27/34/74 29/35/75
f 29/35/76 27/34/77 28/36/78
f 30/37/79 29/38/80 25/39/81
f 25/39/82 29/38/83 46/40/84
f 46/40/85 29/38/86 31/41/87
f 46/40/88 31/41/89 45/42/90
f 45/42/91 31/41/92 32/43/93
f 45/42/94 32/43/95 44/44/96
f 44/44/97 32/43/98 33/45/99
f 44/44/100 33/45/101 43/46/102
f 43/46/103 33/45/104 34/47/105
f 43/46/106 34/47/107 42/48/108
f 42/48/109 34/47/110 35/49/111
f 42/48/112 35/49/113 41/50/114
f 41/50/115 35/49/116 36/51/117
f 41/50/118 36/51/119 40/52/120
f 40/52/121 36/51/122 37/53/123
f 40/52/124 37/53/125 39/54/126
f 39/54/127 37/53/128 38/55/129
f 47/56/130 48/57/131 52/58/132
f 52/58/133 48/57/134 49/59/135
f 52/58/136 49/59/137 51/60/138
f 51/60/139 49/59/140 50/61/141
f 52/62/142 51/63/143 47/64/144
f 47/64/145 51/63/146 53/65/147
f 47/64/148 53/65/149 58/66/150
f 58/66/151 53/65/152 54/67/153
f 58/66/154 54/67/155 57/68/156
f 57/68/157 54/67/158 55/69/159
f 57/68/160 55/69/161 56/70/162
f 60/71/163 61/72/164 59/73/165
f 59/73/166 61/72/167 64/74/168
f 64/74/169 61/72/170 62/75/171
f 64/74/172 62/75/173 63/76/174
f 64/77/175 63/78/176 59/79/177
f 59/79/178 63/78/179 72/80/180
f 72/80/181 63/78/182 65/81/183
f 72/80/184 65/81/185 71/82/186
f 71/82/187 65/81/188 66/83/189
f 71/82/190 66/83/191 70/84/192
f 70/84/193 66/83/194 67/85/195
f 70/84/196 67/85/197 69/86/198
f 69/86/199 67/85/200 68/87/201
f 73/88/202 74/89/203 78/90/204
f 78/90/205 74/89/206 75/91/207
f 78/90/208 75/91/209 77/92/210
f 77/92/211 75/91/212 76/93/213
f 78/94/214 77/95/215 73/96/216
f 73/96/217 77/95/218 79/97/219
f 73/96/220 79/97/221 94/98/222
f 94/98/223 79/97/224 80/99/225
f 94/98/226 80/99/227 93/100/228
f 93/100/229 80/99/230 81/101/231
f 93/100/232 81/101/233 92/102/234
f 92/102/235 81/101/236 82/103/237
f 92/102/238 82/103/239 91/104/240
f 91/104/241 82/103/242 83/105/243
f 91/104/244 83/105/245 90/106/246
f 90/106/247 83/105/248 84/107/249
f 90/106/250 84/107/251 89/108/252
f 89/108/253 84/107/254 85/109/255
f 89/108/256 85/109/257 88/110/258
f 88/110/259 85/109/260 86/111/261
f 88/110/262 86/111/263 87/112/264
f 96/113/265 97/114/266 95/115/267
f 95/115/268 97/114/269 100/116/270
f 100/116/271 97/114/272 98/117/273
f 100/116/274 98/117/275 99/118/276
f 100/119/277 99/120/278 95/121/279
f 95/121/280 99/120/281 106/122/282
f 106/122/283 99/120/284 101/123/285
f 106/122/286 101/123/287 105/124/288
f 105/124/289 101/123/290 102/125/291
f 105/124/292 102/125/293 104/126/294
f 104/126/295 102/125/296 103/127/297
f 107/128/298 108/129/299 112/130/300
f 112/130/301 108/129/302 109/131/303
f 112/130/304 109/131/305 111/132/306
f 111/132/307 109/131/308 110/133/309
f 112/134/310 111/135/311 107/136/312
f 107/136/313 111/135/314 113/137/315
f 107/136/316 113/137/317 120/138/318
f 120/138/319 113/137/320 114/139/321
f 120/138/322 114/139/323 119/140/324
f 119/140/325 114/139/326 115/141/327
f 119/140/328 115/141/329 118/142/330
f 118/142/331 115/141/332 116/143/333
f 118/142/334 116/143/335 117/144/336
f 121/145/337 122/146/338 124/147/339
f 124/147/340 122/146/341 123/148/342
f 123/149/343 122/150/344 130/151/345
f 130/151/346 122/150/347 125/152/348
f 130/151/349 125/152/350 129/153/351
f 129/153/352 125/152/353 126/154/354
f 129/153/355 126/154/356 128/155/357
f 128/155/358 126/154/359 127/156/360
f 132/157/361 117/158/362 131/159/363
f 131/159/364 117/158/365 127/160/366
f 131/159/367 127/160/368 162/161/369
f 162/161/370 127/160/371 161/162/372
f 161/162/373 127/160/374 160/163/375
f 160/163/376 127/160/377 159/164/378
f 159/164/379 127/160/380 126/165/381
f 159/164/382 126/165/383 158/166/384
f 158/166/385 126/165/386 157/167/387
f 157/167/388 126/165/389 156/168/390
f 156/168/391 126/165/392 155/169/393
f 155/169/394 126/165/395 125/170/396
f 155/169/397 125/170/398 154/171/399
f 154/171/400 125/170/401 153/172/402
f 153/172/403 125/170/404 152/173/405
f 152/173/406 125/170/407 122/174/408
f 152/173/409 122/174/410 151/175/411
f 151/175/412 122/174/413 150/176/414
f 150/176/415 122/174/416 149/177/417
f 149/177/418 122/174/419 148/178/420
f 148/178/421 122/174/422 147/179/423
f 147/179/424 122/174/425 68/180/426
f 147/179/427 68/180/428 146/181/429
f 146/181/430 68/180/431 163/182/432
f 146/181/433 163/182/434 145/183/435
f 145/183/436 163/182/437 144/184/438
f 144/184/439 163/182/440 143/185/441
f 143/185/442 163/182/443 142/186/444
f 142/186/445 163/182/446 141/187/447
f 141/187/448 163/182/449 164/188/450
f 141/187/451 164/188/452 140/189/453
f 140/189/454 164/188/455 139/190/456
f 139/190/457 164/188/458 138/191/459
f 138/191/460 164/188/461 137/192/462
f 137/192/463 164/188/464 165/193/465
f 137/192/466 165/193/467 136/194/468
f 136/194/469 165/193/470 135/195/471
f 135/195/472 165/193/473 134/196/474
f 134/196/475 165/193/476 133/197/477
f 133/197/478 165/193/479 117/158/480
f 133/197/481 117/158/482 132/157/483
f 122/174/484 121/198/485 68/180/486
f 117/158/487 166/199/488 127/160/489
f 167/200/490 128/201/491 166/202/492
f 166/202/493 128/201/494 127/203/495
f 124/204/496 123/205/497 69/206/498
f 69/206/499 123/205/500 170/207/501
f 170/207/502 123/205/503 179/208/504
f 170/207/505 179/208/506 180/209/507
f 130/210/508 177/211/509 123/205/510
f 123/205/511 177/211/512 178/212/513
f 123/205/514 178/212/515 179/208/516
f 129/213/517 172/214/518 130/210/519
f 130/210/520 172/214/521 173/215/522
f 130/210/523 173/215/524 174/216/525
f 128/217/526 200/218/527 129/213/528
f 129/213/529 200/218/530 201/219/531
f 129/213/532 201/219/533 202/220/534
f 167/221/535 116/222/536 128/217/537
f 128/217/538 116/222/539 195/223/540
f 128/217/541 195/223/542 196/224/543
f 195/223/544 116/222/545 194/225/546
f 194/225/547 116/222/548 168/226/549
f 194/225/550 168/226/551 193/227/552
f 193/227/553 168/226/554 192/228/555
f 192/228/556 168/226/557 191/229/558
f 191/229/559 168/226/560 190/230/561
f 190/230/562 168/226/563 189/231/564
f 189/231/565 168/226/566 188/232/567
f 188/232/568 168/226/569 169/233/570
f 188/232/571 169/233/572 187/234/573
f 187/234/574 169/233/575 186/235/576
f 186/235/577 169/233/578 185/236/579
f 185/236/580 169/233/581 184/237/582
f 184/237/583 169/233/584 170/207/585
f 184/237/586 170/207/587 183/238/588
f 183/238/589 170/207/590 182/239/591
f 182/239/592 170/207/593 181/240/594
f 181/240/595 170/207/596 180/209/597
f 202/220/598 171/241/599 129/213/600
f 129/213/601 171/241/602 172/214/603
f 174/216/604 175/242/605 130/210/606
f 130/210/607 175/242/608 176/243/609
f 130/210/610 176/243/611 177/211/612
f 196/224/613 197/244/614 128/217/615
f 128/217/616 197/244/617 198/245/618
f 128/217/619 198/245/620 199/246/621
f 199/246/622 200/218/623 128/217/624
f 167/247/625 166/248/626 116/249/627
f 116/249/628 166/248/629 117/250/630
f 203/251/631 204/252/632 206/253/633
f 206/253/634 204/252/635 205/254/636
f 208/255/637 87/256/638 207/257/639
f 207/257/640 87/256/641 205/258/642
f 207/257/643 205/258/644 238/259/645
f 238/259/646 205/258/647 237/260/648
f 237/260/649 205/258/650 236/261/651
f 236/261/652 205/258/653 235/262/654
f 235/262/655 205/258/656 234/263/657
f 234/263/658 205/258/659 239/264/660
f 234/263/661 239/264/662 233/265/663
f 233/265/664 239/264/665 232/266/666
f 232/266/667 239/264/668 231/267/669
f 231/267/670 239/264/671 240/268/672
f 231/267/673 240/268/674 230/269/675
f 230/269/676 240/268/677 229/270/678
f 229/270/679 240/268/680 228/271/681
f 228/271/682 240/268/683 241/272/684
f 228/271/685 241/272/686 227/273/687
f 227/273/688 241/272/689 226/274/690
f 226/274/691 241/272/692 225/275/693
f 225/275/694 241/272/695 224/276/696
f 224/276/697 241/272/698 223/277/699
f 223/277/700 241/272/701 38/278/702
f 223/277/703 38/278/704 222/279/705
f 222/279/706 38/278/707 243/280/708
f 222/279/709 243/280/710 221/281/711
f 221/281/712 243/280/713 220/282/714
f 220/282/715 243/280/716 219/283/717
f 219/283/718 243/280/719 218/284/720
f 218/284/721 243/280/722 217/285/723
f 217/285/724 243/280/725 244/286/726
f 217/285/727 244/286/728 216/287/729
f 216/287/730 244/286/731 215/288/732
f 215/288/733 244/286/734 214/289/735
f 214/289/736 244/286/737 213/290/738
f 213/290/739 244/286/740 245/291/741
f 213/290/742 245/291/743 212/292/744
f 212/292/745 245/291/746 211/293/747
f 211/293/748 245/291/749 210/294/750
f 210/294/751 245/291/752 209/295/753
f 209/295/754 245/291/755 87/256/756
f 209/295/757 87/256/758 208/255/759
f 206/296/760 205/258/761 87/256/762
f 241/272/763 242/297/764 38/278/765
f 205/298/766 204/299/767 239/300/768
f 239/300/769 204/299/770 246/301/771
f 239/300/772 246/301/773 247/302/774
f 239/300/775 247/302/776 240/303/777
f 240/303/778 247/302/779 248/304/780
f 240/303/781 248/304/782 241/305/783
f 241/306/784 248/307/785 242/308/786
f 242/308/787 248/307/788 249/309/789
f 250/310/790 251/311/791 253/312/792
f 253/312/793 251/311/794 252/313/795
f 255/314/796 56/315/797 254/316/798
f 254/316/799 56/315/800 252/317/801
f 254/316/802 252/317/803 285/318/804
f 285/318/805 252/317/806 284/319/807
f 284/319/808 252/317/809 283/320/810
f 283/320/811 252/317/812 282/321/813
f 282/321/814 252/317/815 281/322/816
f 281/322/817 252/317/818 286/323/819
f 281/322/820 286/323/821 280/324/822
f 280/324/823 286/323/824 279/325/825
f 279/325/826 286/323/827 278/326/828
f 278/326/829 286/323/830 287/327/831
f 278/326/832 287/327/833 277/328/834
f 277/328/835 287/327/836 276/329/837
f 276/329/838 287/327/839 275/330/840
f 275/330/841 287/327/842 288/331/843
f 275/330/844 288/331/845 274/332/846
f 274/332/847 288/331/848 273/333/849
f 273/333/850 288/331/851 272/334/852
f 272/334/853 288/331/854 271/335/855
f 271/335/856 288/331/857 270/336/858
f 270/336/859 288/331/860 9/337/861
f 270/336/862 9/337/863 269/338/864
f 269/338/865 9/337/866 290/339/867
f 269/338/868 290/339/869 268/340/870
f 268/340/871 290/339/872 267/341/873
f 267/341/874 290/339/875 266/342/876
f 266/342/877 290/339/878 265/343/879
f 265/343/880 290/339/881 264/344/882
f 264/344/883 290/339/884 291/345/885
f 264/344/886 291/345/887 263/346/888
f 263/346/889 291/345/890 262/347/891
f 262/347/892 291/345/893 261/348/894
f 261/348/895 291/345/896 260/349/897
f 260/349/898 291/345/899 292/350/900
f 260/349/901 292/350/902 259/351/903
f 259/351/904 292/350/905 258/352/906
f 258/352/907 292/350/908 257/353/909
f 257/353/910 292/350/911 256/354/912
f 256/354/913 292/350/914 56/315/915
f 256/354/916 56/315/917 255/314/918
f 253/355/919 252/317/920 56/315/921
f 288/331/922 289/356/923 9/337/924
f 252/357/925 251/358/926 286/359/927
f 286/359/928 251/358/929 293/360/930
f 286/359/931 293/360/932 287/361/933
f 287/361/934 293/360/935 294/362/936
f 287/361/937 294/362/938 295/363/939
f 295/363/940 288/364/941 287/361/942
f 288/365/943 295/366/944 289/367/945
f 289/367/946 295/366/947 296/368/948
f 297/369/949 298/370/950 300/371/951
f 300/371/952 298/370/953 299/372/954
f 299/373/955 298/374/956 306/375/957
f 306/375/958 298/374/959 301/376/960
f 306/375/961 301/376/962 305/377/963
f 305/377/964 301/376/965 302/378/966
f 305/377/967 302/378/968 304/379/969
f 304/379/970 302/378/971 303/380/972
f 308/381/973 22/382/974 307/383/975
f 307/383/976 22/382/977 303/384/978
f 307/383/979 303/384/980 338/385/981
f 338/385/982 303/384/983 337/386/984
f 337/386/985 303/384/986 336/387/987
f 336/387/988 303/384/989 335/388/990
f 335/388/991 303/384/992 334/389/993
f 334/389/994 303/384/995 302/390/996
f 334/389/997 302/390/998 333/391/999
f 333/391/1000 302/390/1001 332/392/1002
f 332/392/1003 302/390/1004 331/393/1005
f 331/393/1006 302/390/1007 301/394/1008
f 331/393/1009 301/394/1010 330/395/1011
f 330/395/1012 301/394/1013 329/396/1014
f 329/396/1015 301/394/1016 328/397/1017
f 328/397/1018 301/394/1019 298/398/1020
f 328/397/1021 298/398/1022 327/399/1023
f 327/399/1024 298/398/1025 326/400/1026
f 326/400/1027 298/398/1028 325/401/1029
f 325/401/1030 298/398/1031 324/402/1032
f 324/402/1033 298/398/1034 323/403/1035
f 323/403/1036 298/398/1037 103/404/1038
f 323/403/1039 103/404/1040 322/405/1041
f 322/405/1042 103/404/1043 339/406/1044
f 322/405/1045 339/406/1046 321/407/1047
f 321/407/1048 339/406/1049 320/408/1050
f 320/408/1051 339/406/1052 319/409/1053
f 319/409/1054 339/406/1055 318/410/1056
f 318/410/1057 339/406/1058 317/411/1059
f 317/411/1060 339/406/1061 340/412/1062
f 317/411/1063 340/412/1064 316/413/1065
f 316/413/1066 340/412/1067 315/414/1068
f 315/414/1069 340/412/1070 314/415/1071
f 314/415/1072 340/412/1073 313/416/1074
f 313/416/1075 340/412/1076 341/417/1077
f 313/416/1078 341/417/1079 312/418/1080
f 312/418/1081 341/417/1082 311/419/1083
f 311/419/1084 341/417/1085 310/420/1086
f 310/420/1087 341/417/1088 309/421/1089
f 309/421/1090 341/417/1091 22/382/1092
f 309/421/1093 22/382/1094 308/381/1095
f 298/398/1096 297/422/1097 103/404/1098
f 22/382/1099 342/423/1100 303/384/1101
f 343/424/1102 304/425/1103 342/426/1104
f 342/426/1105 304/425/1106 303/427/1107
f 300/428/1108 299/429/1109 104/430/1110
f 104/430/1111 299/429/1112 346/431/1113
f 346/431/1114 299/429/1115 355/432/1116
f 346/431/1117 355/432/1118 356/433/1119
f 306/434/1120 352/435/1121 299/429/1122
f 299/429/1123 352/435/1124 353/436/1125
f 299/429/1126 353/436/1127 354/437/1128
f 305/438/1129 378/439/1130 306/434/1131
f 306/434/1132 378/439/1133 347/440/1134
f 306/434/1135 347/440/1136 348/441/1137
f 304/442/1138 375/443/1139 305/438/1140
f 305/438/1141 375/443/1142 376/444/1143
f 305/438/1144 376/444/1145 377/445/1146
f 343/446/1147 21/447/1148 304/442/1149
f 304/442/1150 21/447/1151 371/448/1152
f 304/442/1153 371/448/1154 372/449/1155
f 371/448/1156 21/447/1157 370/450/1158
f 370/450/1159 21/447/1160 344/451/1161
f 370/450/1162 344/451/1163 369/452/1164
f 369/452/1165 344/451/1166 368/453/1167
f 368/453/1168 344/451/1169 367/454/1170
f 367/454/1171 344/451/1172 366/455/1173
f 366/455/1174 344/451/1175 365/456/1176
f 365/456/1177 344/451/1178 345/457/1179
f 365/456/1180 345/457/1181 364/458/1182
f 364/458/1183 345/457/1184 363/459/1185
f 363/459/1186 345/457/1187 362/460/1188
f 362/460/1189 345/457/1190 361/461/1191
f 361/461/1192 345/457/1193 346/431/1194
f 361/461/1195 346/431/1196 360/462/1197
f 360/462/1198 346/431/1199 359/463/1200
f 359/463/1201 346/431/1202 358/464/1203
f 358/464/1204 346/431/1205 357/465/1206
f 357/465/1207 346/431/1208 356/433/1209
f 348/441/1210 349/466/1211 306/434/1212
f 306/434/1213 349/466/1214 350/467/1215
f 306/434/1216 350/467/1217 351/468/1218
f 351/468/1219 352/435/1220 306/434/1221
f 354/437/1222 355/432/1223 299/429/1224
f 372/449/1225 373/469/1226 304/442/1227
f 304/442/1228 373/469/1229 374/470/1230
f 304/442/1231 374/470/1232 375/443/1233
f 377/445/1234 378/439/1235 305/438/1236
f 343/471/1237 342/472/1238 21/473/1239
f 21/473/1240 342/472/1241 22/474/1242
f 410/475/1243 379/476/1244 262/477/1245
f 262/477/1246 379/476/1247 380/478/1248
f 262/477/1249 380/478/1250 263/479/1251
f 263/479/1252 380/478/1253 381/480/1254
f 263/479/1255 381/480/1256 264/481/1257
f 264/481/1258 381/480/1259 382/482/1260
f 264/481/1261 382/482/1262 265/483/1263
f 265/483/1264 382/482/1265 383/484/1266
f 265/483/1267 383/484/1268 266/485/1269
f 266/485/1270 383/484/1271 384/486/1272
f 266/485/1273 384/486/1274 267/487/1275
f 267/487/1276 384/486/1277 385/488/1278
f 267/487/1279 385/488/1280 268/489/1281
f 268/489/1282 385/488/1283 386/490/1284
f 268/489/1285 386/490/1286 269/491/1287
f 269/491/1288 386/490/1289 270/492/1290
f 270/492/1291 386/490/1292 387/493/1293
f 270/494/1294 387/495/1295 271/496/1296
f 271/496/1297 387/495/1298 388/497/1299
f 271/496/1300 388/497/1301 389/498/1302
f 271/496/1303 389/498/1304 272/499/1305
f 272/499/1306 389/498/1307 390/500/1308
f 272/499/1309 390/500/1310 273/501/1311
f 273/501/1312 390/500/1313 391/502/1314
f 273/501/1315 391/502/1316 274/503/1317
f 274/503/1318 391/502/1319 275/504/1320
f 275/504/1321 391/502/1322 392/505/1323
f 275/504/1324 392/505/1325 276/506/1326
f 276/506/1327 392/505/1328 393/507/1329
f 276/506/1330 393/507/1331 277/508/1332
f 277/508/1333 393/507/1334 394/509/1335
f 277/508/1336 394/509/1337 278/510/1338
f 278/510/1339 394/509/1340 395/511/1341
f 278/510/1342 395/511/1343 396/512/1344
f 278/510/1345 396/512/1346 279/513/1347
f 279/513/1348 396/512/1349 397/514/1350
f 279/513/1351 397/514/1352 280/515/1353
f 280/515/1354 397/514/1355 398/516/1356
f 280/515/1357 398/516/1358 281/517/1359
f 281/517/1360 398/516/1361 399/518/1362
f 281/517/1363 399/518/1364 282/519/1365
f 282/519/1366 399/518/1367 400/520/1368
f 282/519/1369 400/520/1370 283/521/1371
f 283/521/1372 400/520/1373 401/522/1374
f 283/521/1375 401/522/1376 284/523/1377
f 284/523/1378 401/522/1379 402/524/1380
f 284/523/1381 402/524/1382 285/525/1383
f 285/525/1384 402/524/1385 254/526/1386
f 254/526/1387 402/524/1388 403/527/1389
f 254/526/1390 403/527/1391 255/528/1392
f 255/528/1393 403/527/1394 404/529/1395
f 255/528/1396 404/529/1397 405/530/1398
f 255/528/1399 405/530/1400 256/531/1401
f 256/531/1402 405/530/1403 406/532/1404
f 256/531/1405 406/532/1406 257/533/1407
f 257/533/1408 406/532/1409 407/534/1410
f 257/533/1411 407/534/1412 258/535/1413
f 258/535/1414 407/534/1415 259/536/1416
f 259/536/1417 407/534/1418 408/537/1419
f 259/536/1420 408/537/1421 260/538/1422
f 260/538/1423 408/537/1424 409/539/1425
f 260/538/1426 409/539/1427 261/540/1428
f 261/540/1429 409/539/1430 410/475/1431
f 261/540/1432 410/475/1433 262/477/1434
f 250/541/1435 253/542/1436 55/543/1437
f 55/543/1438 253/542/1439 56/544/1440
f 289/545/1441 296/546/1442 9/547/1443
f 9/547/1444 296/546/1445 10/548/1446
f 250/549/1447 55/550/1448 251/551/1449
f 251/551/1450 55/550/1451 403/552/1452
f 251/551/1453 403/552/1454 402/553/1455
f 403/552/1456 55/550/1457 404/554/1458
f 404/554/1459 55/550/1460 411/555/1461
f 404/554/1462 411/555/1463 405/556/1464
f 405/556/1465 411/555/1466 406/557/1467
f 406/557/1468 411/555/1469 407/558/1470
f 407/558/1471 411/555/1472 408/559/1473
f 408/559/1474 411/555/1475 409/560/1476
f 409/560/1477 411/555/1478 412/561/1479
f 409/560/1480 412/561/1481 410/562/1482
f 410/562/1483 412/561/1484 379/563/1485
f 379/563/1486 412/561/1487 380/564/1488
f 380/564/1489 412/561/1490 381/565/1491
f 381/565/1492 412/561/1493 413/566/1494
f 381/565/1495 413/566/1496 382/567/1497
f 382/567/1498 413/566/1499 383/568/1500
f 383/568/1501 413/566/1502 384/569/1503
f 384/569/1504 413/566/1505 385/570/1506
f 385/570/1507 413/566/1508 386/571/1509
f 386/571/1510 413/566/1511 387/572/1512
f 387/572/1513 413/566/1514 295/573/1515
f 387/572/1516 295/573/1517 388/574/1518
f 388/574/1519 295/573/1520 389/575/1521
f 389/575/1522 295/573/1523 390/576/1524
f 390/576/1525 295/573/1526 294/577/1527
f 390/576/1528 294/577/1529 391/578/1530
f 391/578/1531 294/577/1532 392/579/1533
f 392/579/1534 294/577/1535 393/580/1536
f 393/580/1537 294/577/1538 394/581/1539
f 394/581/1540 294/577/1541 395/582/1542
f 395/582/1543 294/577/1544 293/583/1545
f 395/582/1546 293/583/1547 396/584/1548
f 396/584/1549 293/583/1550 397/585/1551
f 397/585/1552 293/583/1553 398/586/1554
f 398/586/1555 293/583/1556 399/587/1557
f 399/587/1558 293/583/1559 251/551/1560
f 399/587/1561 251/551/1562 400/588/1563
f 400/588/1564 251/551/1565 401/589/1566
f 401/589/1567 251/551/1568 402/553/1569
f 413/566/1570 10/590/1571 295/573/1572
f 295/573/1573 10/590/1574 296/591/1575
f 4/592/1576 414/593/1577 5/594/1578
f 5/594/1579 414/593/1580 418/595/1581
f 5/594/1582 418/595/1583 7/596/1584
f 7/596/1585 418/595/1586 419/597/1587
f 7/596/1588 419/597/1589 8/598/1590
f 8/598/1591 419/597/1592 290/599/1593
f 8/598/1594 290/599/1595 9/600/1596
f 414/593/1597 415/601/1598 418/595/1599
f 418/595/1600 415/601/1601 420/602/1602
f 418/595/1603 420/602/1604 421/603/1605
f 421/603/1606 420/602/1607 423/604/1608
f 421/603/1609 423/604/1610 292/605/1611
f 292/605/1612 423/604/1613 56/606/1614
f 56/606/1615 423/604/1616 57/607/1617
f 57/607/1618 423/604/1619 58/608/1620
f 58/608/1621 423/604/1622 422/609/1623
f 58/608/1624 422/609/1625 47/610/1626
f 47/610/1627 422/609/1628 417/611/1629
f 47/610/1630 417/611/1631 48/612/1632
f 415/601/1633 416/613/1634 420/602/1635
f 420/602/1636 416/613/1637 422/609/1638
f 420/602/1639 422/609/1640 423/604/1641
f 416/613/1642 417/611/1643 422/609/1644
f 292/605/1645 291/614/1646 421/603/1647
f 421/603/1648 291/614/1649 290/599/1650
f 421/603/1651 290/599/1652 419/597/1653
f 421/603/1654 419/597/1655 418/595/1656
f 50/615/1657 424/616/1658 51/617/1659
f 51/617/1660 424/616/1661 429/618/1662
f 51/617/1663 429/618/1664 53/619/1665
f 53/619/1666 429/618/1667 430/620/1668
f 53/619/1669 430/620/1670 54/621/1671
f 54/621/1672 430/620/1673 431/622/1674
f 54/621/1675 431/622/1676 55/623/1677
f 55/623/1678 431/622/1679 411/624/1680
f 411/624/1681 431/622/1682 434/625/1683
f 411/624/1684 434/625/1685 412/626/1686
f 412/626/1687 434/625/1688 437/627/1689
f 412/626/1690 437/627/1691 413/628/1692
f 413/628/1693 437/627/1694 428/629/1695
f 413/628/1696 428/629/1697 10/630/1698
f 10/630/1699 428/629/1700 11/631/1701
f 11/631/1702 428/629/1703 439/632/1704
f 11/631/1705 439/632/1706 12/633/1707
f 12/633/1708 439/632/1709 438/634/1710
f 12/633/1711 438/634/1712 1/635/1713
f 1/635/1714 438/634/1715 427/636/1716
f 1/635/1717 427/636/1718 2/637/1719
f 429/618/1720 424/616/1721 432/638/1722
f 432/638/1723 424/616/1724 425/639/1725
f 432/638/1726 425/639/1727 435/640/1728
f 435/640/1729 425/639/1730 426/641/1731
f 435/640/1732 426/641/1733 438/634/1734
f 438/634/1735 426/641/1736 427/636/1737
f 434/625/1738 431/622/1739 430/620/1740
f 430/620/1741 429/618/1742 433/642/1743
f 433/642/1744 429/618/1745 432/638/1746
f 433/642/1747 432/638/1748 436/643/1749
f 436/643/1750 432/638/1751 435/640/1752
f 436/643/1753 435/640/1754 439/632/1755
f 439/632/1756 435/640/1757 438/634/1758
f 437/627/1759 434/625/1760 433/642/1761
f 433/642/1762 434/625/1763 430/620/1764
f 437/627/1765 433/642/1766 436/643/1767
f 428/629/1768 437/627/1769 436/643/1770
f 428/629/1771 436/643/1772 439/632/1773
f 28/644/1774 27/645/1775 449/646/1776
f 449/646/1777 27/645/1778 440/647/1779
f 449/646/1780 440/647/1781 441/648/1782
f 27/645/1783 26/649/1784 440/647/1785
f 449/646/1786 441/648/1787 448/650/1788
f 448/650/1789 441/648/1790 442/651/1791
f 448/650/1792 442/651/1793 447/652/1794
f 447/652/1795 442/651/1796 446/653/1797
f 446/653/1798 442/651/1799 443/654/1800
f 446/653/1801 443/654/1802 445/655/1803
f 445/655/1804 443/654/1805 444/656/1806
f 445/655/1807 444/656/1808 49/657/1809
f 49/657/1810 444/656/1811 50/658/1812
f 49/657/1813 48/659/1814 445/655/1815
f 4/660/1816 3/661/1817 453/662/1818
f 453/662/1819 3/661/1820 450/663/1821
f 453/662/1822 450/663/1823 451/664/1824
f 3/661/1825 2/665/1826 450/663/1827
f 16/666/1828 15/667/1829 451/664/1830
f 451/664/1831 15/667/1832 452/668/1833
f 451/664/1834 452/668/1835 453/662/1836
f 15/667/1837 14/669/1838 452/668/1839
f 362/670/1840 316/671/1841 363/672/1842
f 363/672/1843 316/671/1844 315/673/1845
f 363/672/1846 315/673/1847 364/674/1848
f 364/674/1849 315/673/1850 314/675/1851
f 364/674/1852 314/675/1853 365/676/1854
f 365/676/1855 314/675/1856 313/677/1857
f 365/676/1858 313/677/1859 366/678/1860
f 366/678/1861 313/677/1862 312/679/1863
f 366/678/1864 312/679/1865 367/680/1866
f 367/680/1867 312/679/1868 311/681/1869
f 367/680/1870 311/681/1871 368/682/1872
f 368/682/1873 311/681/1874 310/683/1875
f 368/682/1876 310/683/1877 369/684/1878
f 369/684/1879 310/683/1880 309/685/1881
f 369/684/1882 309/685/1883 370/686/1884
f 370/686/1885 309/685/1886 308/687/1887
f 370/686/1888 308/687/1889 371/688/1890
f 371/688/1891 308/687/1892 307/689/1893
f 371/688/1894 307/689/1895 338/690/1896
f 316/671/1897 362/670/1898 317/691/1899
f 317/691/1900 362/670/1901 361/692/1902
f 317/691/1903 361/692/1904 318/693/1905
f 318/693/1906 361/692/1907 360/694/1908
f 318/693/1909 360/694/1910 319/695/1911
f 319/695/1912 360/694/1913 359/696/1914
f 319/695/1915 359/696/1916 320/697/1917
f 320/697/1918 359/696/1919 358/698/1920
f 320/697/1921 358/698/1922 321/699/1923
f 321/699/1924 358/698/1925 357/700/1926
f 321/699/1927 357/700/1928 322/701/1929
f 322/701/1930 357/700/1931 356/702/1932
f 322/701/1933 356/702/1934 323/703/1935
f 323/703/1936 356/702/1937 355/704/1938
f 323/705/1939 355/706/1940 354/707/1941
f 323/705/1942 354/707/1943 324/708/1944
f 324/708/1945 354/707/1946 353/709/1947
f 324/708/1948 353/709/1949 325/710/1950
f 325/710/1951 353/709/1952 352/711/1953
f 325/710/1954 352/711/1955 326/712/1956
f 326/712/1957 352/711/1958 351/713/1959
f 326/712/1960 351/713/1961 327/714/1962
f 327/714/1963 351/713/1964 350/715/1965
f 327/714/1966 350/715/1967 328/716/1968
f 328/716/1969 350/715/1970 349/717/1971
f 328/716/1972 349/717/1973 329/718/1974
f 329/718/1975 349/717/1976 348/719/1977
f 329/718/1978 348/719/1979 330/720/1980
f 330/720/1981 348/719/1982 347/721/1983
f 330/720/1984 347/721/1985 331/722/1986
f 331/722/1987 347/721/1988 378/723/1989
f 331/722/1990 378/723/1991 332/724/1992
f 332/724/1993 378/723/1994 377/725/1995
f 332/724/1996 377/725/1997 333/726/1998
f 333/726/1999 377/725/2000 376/727/2001
f 333/726/2002 376/727/2003 334/728/2004
f 334/728/2005 376/727/2006 375/729/2007
f 334/728/2008 375/729/2009 335/730/2010
f 335/730/2011 375/729/2012 374/731/2013
f 335/730/2014 374/731/2015 336/732/2016
f 336/732/2017 374/731/2018 373/733/2019
f 336/732/2020 373/733/2021 337/734/2022
f 337/734/2023 373/733/2024 372/735/2025
f 337/734/2026 372/735/2027 338/690/2028
f 338/690/2029 372/735/2030 371/688/2031
f 297/736/2032 300/737/2033 103/738/2034
f 103/738/2035 300/737/2036 104/739/2037
f 98/740/2038 454/741/2039 99/742/2040
f 99/742/2041 454/741/2042 460/743/2043
f 99/742/2044 460/743/2045 101/744/2046
f 101/744/2047 460/743/2048 102/745/2049
f 102/745/2050 460/743/2051 339/746/2052
f 102/745/2053 339/746/2054 103/747/2055
f 454/741/2056 455/748/2057 460/743/2058
f 460/743/2059 455/748/2060 459/749/2061
f 460/743/2062 459/749/2063 339/746/2064
f 339/746/2065 459/749/2066 340/750/2067
f 340/750/2068 459/749/2069 341/751/2070
f 341/751/2071 459/749/2072 458/752/2073
f 341/751/2074 458/752/2075 23/753/2076
f 23/753/2077 458/752/2078 24/754/2079
f 24/754/2080 458/752/2081 13/755/2082
f 13/755/2083 458/752/2084 457/756/2085
f 13/755/2086 457/756/2087 14/757/2088
f 455/748/2089 456/758/2090 459/749/2091
f 459/749/2092 456/758/2093 458/752/2094
f 456/758/2095 457/756/2096 458/752/2097
f 23/753/2098 22/759/2099 341/751/2100
f 16/760/2101 461/761/2102 17/762/2103
f 17/762/2104 461/761/2105 468/763/2106
f 17/762/2107 468/763/2108 19/764/2109
f 19/764/2110 468/763/2111 20/765/2112
f 20/765/2113 468/763/2114 21/766/2115
f 21/766/2116 468/763/2117 344/767/2118
f 344/767/2119 468/763/2120 467/768/2121
f 344/767/2122 467/768/2123 345/769/2124
f 345/769/2125 467/768/2126 466/770/2127
f 345/769/2128 466/770/2129 346/771/2130
f 346/771/2131 466/770/2132 465/772/2133
f 346/771/2134 465/772/2135 105/773/2136
f 105/773/2137 465/772/2138 106/774/2139
f 106/774/2140 465/772/2141 95/775/2142
f 95/775/2143 465/772/2144 464/776/2145
f 95/775/2146 464/776/2147 96/777/2148
f 461/761/2149 462/778/2150 468/763/2151
f 468/763/2152 462/778/2153 467/768/2154
f 462/778/2155 463/779/2156 467/768/2157
f 467/768/2158 463/779/2159 466/770/2160
f 463/779/2161 464/776/2162 466/770/2163
f 466/770/2164 464/776/2165 465/772/2166
f 105/773/2167 104/780/2168 346/771/2169
f 98/781/2170 97/782/2171 478/783/2172
f 478/783/2173 97/782/2174 469/784/2175
f 478/783/2176 469/784/2177 470/785/2178
f 97/782/2179 96/786/2180 469/784/2181
f 478/783/2182 470/785/2183 477/787/2184
f 477/787/2185 470/785/2186 471/788/2187
f 477/787/2188 471/788/2189 476/789/2190
f 476/789/2191 471/788/2192 472/790/2193
f 476/789/2194 472/790/2195 475/791/2196
f 475/791/2197 472/790/2198 473/792/2199
f 475/791/2200 473/792/2201 474/793/2202
f 474/793/2203 473/792/2204 110/794/2205
f 474/793/2206 110/794/2207 109/795/2208
f 109/795/2209 108/796/2210 474/793/2211
f 186/797/2212 138/798/2213 187/799/2214
f 187/799/2215 138/798/2216 137/800/2217
f 187/799/2218 137/800/2219 188/801/2220
f 188/801/2221 137/800/2222 189/802/2223
f 189/802/2224 137/800/2225 136/803/2226
f 189/802/2227 136/803/2228 190/804/2229
f 190/804/2230 136/803/2231 135/805/2232
f 190/804/2233 135/805/2234 191/806/2235
f 191/806/2236 135/805/2237 134/807/2238
f 191/806/2239 134/807/2240 192/808/2241
f 192/808/2242 134/807/2243 133/809/2244
f 192/808/2245 133/809/2246 193/810/2247
f 193/810/2248 133/809/2249 132/811/2250
f 193/810/2251 132/811/2252 194/812/2253
f 194/812/2254 132/811/2255 131/813/2256
f 194/812/2257 131/813/2258 195/814/2259
f 195/814/2260 131/813/2261 196/815/2262
f 196/815/2263 131/813/2264 162/816/2265
f 196/815/2266 162/816/2267 197/817/2268
f 197/817/2269 162/816/2270 161/818/2271
f 197/817/2272 161/818/2273 198/819/2274
f 198/819/2275 161/818/2276 160/820/2277
f 198/819/2278 160/820/2279 199/821/2280
f 199/821/2281 160/820/2282 159/822/2283
f 199/821/2284 159/822/2285 200/823/2286
f 200/823/2287 159/822/2288 158/824/2289
f 200/823/2290 158/824/2291 201/825/2292
f 201/825/2293 158/824/2294 157/826/2295
f 201/825/2296 157/826/2297 202/827/2298
f 202/827/2299 157/826/2300 171/828/2301
f 171/828/2302 157/826/2303 156/829/2304
f 171/828/2305 156/829/2306 172/830/2307
f 172/830/2308 156/829/2309 155/831/2310
f 172/830/2311 155/831/2312 154/832/2313
f 185/833/2314 140/834/2315 186/797/2316
f 186/797/2317 140/834/2318 139/835/2319
f 186/797/2320 139/835/2321 138/798/2322
f 140/834/2323 185/833/2324 141/836/2325
f 141/836/2326 185/833/2327 184/837/2328
f 141/836/2329 184/837/2330 142/838/2331
f 142/838/2332 184/837/2333 183/839/2334
f 142/838/2335 183/839/2336 143/840/2337
f 143/840/2338 183/839/2339 182/841/2340
f 143/840/2341 182/841/2342 144/842/2343
f 144/842/2344 182/841/2345 181/843/2346
f 144/842/2347 181/843/2348 145/844/2349
f 145/844/2350 181/843/2351 180/845/2352
f 145/844/2353 180/845/2354 146/846/2355
f 146/846/2356 180/845/2357 179/847/2358
f 146/846/2359 179/847/2360 147/848/2361
f 147/849/2362 179/850/2363 148/851/2364
f 148/851/2365 179/850/2366 178/852/2367
f 148/851/2368 178/852/2369 149/853/2370
f 149/853/2371 178/852/2372 177/854/2373
f 149/853/2374 177/854/2375 150/855/2376
f 150/855/2377 177/854/2378 176/856/2379
f 150/855/2380 176/856/2381 151/857/2382
f 151/857/2383 176/856/2384 175/858/2385
f 151/857/2386 175/858/2387 152/859/2388
f 152/859/2389 175/858/2390 174/860/2391
f 152/859/2392 174/860/2393 153/861/2394
f 153/861/2395 174/860/2396 173/862/2397
f 153/861/2398 173/862/2399 154/832/2400
f 154/832/2401 173/862/2402 172/830/2403
f 121/863/2404 124/864/2405 68/865/2406
f 68/865/2407 124/864/2408 69/866/2409
f 62/867/2410 479/868/2411 63/869/2412
f 63/869/2413 479/868/2414 485/870/2415
f 63/869/2416 485/870/2417 65/871/2418
f 65/871/2419 485/870/2420 488/872/2421
f 65/871/2422 488/872/2423 66/873/2424
f 66/873/2425 488/872/2426 491/874/2427
f 66/873/2428 491/874/2429 67/875/2430
f 67/875/2431 491/874/2432 68/876/2433
f 68/876/2434 491/874/2435 163/877/2436
f 163/877/2437 491/874/2438 490/878/2439
f 163/877/2440 490/878/2441 164/879/2442
f 164/879/2443 490/878/2444 165/880/2445
f 165/880/2446 490/878/2447 489/881/2448
f 165/880/2449 489/881/2450 118/882/2451
f 118/882/2452 489/881/2453 119/883/2454
f 119/883/2455 489/881/2456 486/884/2457
f 119/883/2458 486/884/2459 120/885/2460
f 120/885/2461 486/884/2462 483/886/2463
f 120/885/2464 483/886/2465 107/887/2466
f 107/887/2467 483/886/2468 482/888/2469
f 107/887/2470 482/888/2471 108/889/2472
f 479/868/2473 480/890/2474 485/870/2475
f 485/870/2476 480/890/2477 484/891/2478
f 485/870/2479 484/891/2480 488/872/2481
f 488/872/2482 484/891/2483 487/892/2484
f 488/872/2485 487/892/2486 491/874/2487
f 491/874/2488 487/892/2489 490/878/2490
f 480/890/2491 481/893/2492 484/891/2493
f 484/891/2494 481/893/2495 483/886/2496
f 484/891/2497 483/886/2498 487/892/2499
f 487/892/2500 483/886/2501 486/884/2502
f 487/892/2503 486/884/2504 490/878/2505
f 490/878/2506 486/884/2507 489/881/2508
f 481/893/2509 482/888/2510 483/886/2511
f 118/882/2512 117/894/2513 165/880/2514
f 110/895/2515 492/896/2516 111/897/2517
f 111/897/2518 492/896/2519 499/898/2520
f 111/897/2521 499/898/2522 113/899/2523
f 113/899/2524 499/898/2525 503/900/2526
f 113/899/2527 503/900/2528 114/901/2529
f 114/901/2530 503/900/2531 507/902/2532
f 114/901/2533 507/902/2534 115/903/2535
f 115/903/2536 507/902/2537 511/904/2538
f 115/903/2539 511/904/2540 116/905/2541
f 116/905/2542 511/904/2543 168/906/2544
f 168/906/2545 511/904/2546 510/907/2547
f 168/906/2548 510/907/2549 169/908/2550
f 169/908/2551 510/907/2552 509/909/2553
f 169/908/2554 509/909/2555 170/910/2556
f 170/910/2557 509/909/2558 508/911/2559
f 170/910/2560 508/911/2561 69/912/2562
f 69/912/2563 508/911/2564 70/913/2565
f 70/913/2566 508/911/2567 504/914/2568
f 70/913/2569 504/914/2570 71/915/2571
f 71/915/2572 504/914/2573 500/916/2574
f 71/915/2575 500/916/2576 72/917/2577
f 72/917/2578 500/916/2579 496/918/2580
f 72/917/2581 496/918/2582 59/919/2583
f 59/919/2584 496/918/2585 495/920/2586
f 59/919/2587 495/920/2588 60/921/2589
f 492/896/2590 493/922/2591 499/898/2592
f 499/898/2593 493/922/2594 498/923/2595
f 499/898/2596 498/923/2597 503/900/2598
f 503/900/2599 498/923/2600 502/924/2601
f 503/900/2602 502/924/2603 507/902/2604
f 507/902/2605 502/924/2606 506/925/2607
f 507/902/2608 506/925/2609 511/904/2610
f 511/904/2611 506/925/2612 510/907/2613
f 493/922/2614 494/926/2615 498/923/2616
f 498/923/2617 494/926/2618 497/927/2619
f 498/923/2620 497/927/2621 502/924/2622
f 502/924/2623 497/927/2624 501/928/2625
f 502/924/2626 501/928/2627 506/925/2628
f 506/925/2629 501/928/2630 505/929/2631
f 506/925/2632 505/929/2633 510/907/2634
f 510/907/2635 505/929/2636 509/909/2637
f 494/926/2638 495/920/2639 497/927/2640
f 497/927/2641 495/920/2642 496/918/2643
f 497/927/2644 496/918/2645 501/928/2646
f 501/928/2647 496/918/2648 500/916/2649
f 501/928/2650 500/916/2651 505/929/2652
f 505/929/2653 500/916/2654 504/914/2655
f 505/929/2656 504/914/2657 509/909/2658
f 509/909/2659 504/914/2660 508/911/2661
f 62/930/2662 61/931/2663 527/932/2664
f 527/932/2665 61/931/2666 512/933/2667
f 527/932/2668 512/933/2669 513/934/2670
f 61/931/2671 60/935/2672 512/933/2673
f 527/932/2674 513/934/2675 526/936/2676
f 526/936/2677 513/934/2678 514/937/2679
f 526/936/2680 514/937/2681 525/938/2682
f 525/938/2683 514/937/2684 515/939/2685
f 525/938/2686 515/939/2687 524/940/2688
f 524/940/2689 515/939/2690 516/941/2691
f 524/940/2692 516/941/2693 523/942/2694
f 523/942/2695 516/941/2696 517/943/2697
f 523/942/2698 517/943/2699 522/944/2700
f 522/944/2701 517/943/2702 518/945/2703
f 522/944/2704 518/945/2705 521/946/2706
f 521/946/2707 518/945/2708 519/947/2709
f 521/946/2710 519/947/2711 520/948/2712
f 520/948/2713 519/947/2714 76/949/2715
f 520/948/2716 76/949/2717 75/950/2718
f 75/950/2719 74/951/2720 520/948/2721
f 559/952/2722 528/953/2723 215/954/2724
f 215/954/2725 528/953/2726 529/955/2727
f 215/954/2728 529/955/2729 216/956/2730
f 216/956/2731 529/955/2732 530/957/2733
f 216/956/2734 530/957/2735 217/958/2736
f 217/958/2737 530/957/2738 531/959/2739
f 217/958/2740 531/959/2741 218/960/2742
f 218/960/2743 531/959/2744 532/961/2745
f 218/960/2746 532/961/2747 219/962/2748
f 219/962/2749 532/961/2750 533/963/2751
f 219/962/2752 533/963/2753 220/964/2754
f 220/964/2755 533/963/2756 534/965/2757
f 220/964/2758 534/965/2759 221/966/2760
f 221/966/2761 534/965/2762 535/967/2763
f 221/966/2764 535/967/2765 222/968/2766
f 222/968/2767 535/967/2768 223/969/2769
f 223/969/2770 535/967/2771 536/970/2772
f 223/971/2773 536/972/2774 224/973/2775
f 224/973/2776 536/972/2777 537/974/2778
f 224/973/2779 537/974/2780 538/975/2781
f 224/973/2782 538/975/2783 225/976/2784
f 225/976/2785 538/975/2786 539/977/2787
f 225/976/2788 539/977/2789 226/978/2790
f 226/978/2791 539/977/2792 540/979/2793
f 226/978/2794 540/979/2795 227/980/2796
f 227/980/2797 540/979/2798 228/981/2799
f 228/981/2800 540/979/2801 541/982/2802
f 228/981/2803 541/982/2804 229/983/2805
f 229/983/2806 541/982/2807 542/984/2808
f 229/983/2809 542/984/2810 230/985/2811
f 230/985/2812 542/984/2813 543/986/2814
f 230/985/2815 543/986/2816 231/987/2817
f 231/987/2818 543/986/2819 544/988/2820
f 231/987/2821 544/988/2822 545/989/2823
f 231/987/2824 545/989/2825 232/990/2826
f 232/990/2827 545/989/2828 546/991/2829
f 232/990/2830 546/991/2831 233/992/2832
f 233/992/2833 546/991/2834 547/993/2835
f 233/992/2836 547/993/2837 234/994/2838
f 234/994/2839 547/993/2840 548/995/2841
f 234/994/2842 548/995/2843 235/996/2844
f 235/996/2845 548/995/2846 549/997/2847
f 235/996/2848 549/997/2849 236/998/2850
f 236/998/2851 549/997/2852 550/999/2853
f 236/998/2854 550/999/2855 237/1000/2856
f 237/1000/2857 550/999/2858 551/1001/2859
f 237/1000/2860 551/1001/2861 238/1002/2862
f 238/1002/2863 551/1001/2864 207/1003/2865
f 207/1003/2866 551/1001/2867 552/1004/2868
f 207/1003/2869 552/1004/2870 208/1005/2871
f 208/1005/2872 552/1004/2873 553/1006/2874
f 208/1005/2875 553/1006/2876 554/1007/2877
f 208/1005/2878 554/1007/2879 209/1008/2880
f 209/1008/2881 554/1007/2882 555/1009/2883
f 209/1008/2884 555/1009/2885 210/1010/2886
f 210/1010/2887 555/1009/2888 556/1011/2889
f 210/1010/2890 556/1011/2891 211/1012/2892
f 211/1012/2893 556/1011/2894 212/1013/2895
f 212/1013/2896 556/1011/2897 557/1014/2898
f 212/1013/2899 557/1014/2900 213/1015/2901
f 213/1015/2902 557/1014/2903 558/1016/2904
f 213/1015/2905 558/1016/2906 214/1017/2907
f 214/1017/2908 558/1016/2909 559/952/2910
f 214/1017/2911 559/952/2912 215/954/2913
f 203/1018/2914 206/1019/2915 86/1020/2916
f 86/1020/2917 206/1019/2918 87/1021/2919
f 242/1022/2920 249/1023/2921 38/1024/2922
f 38/1024/2923 249/1023/2924 39/1025/2925
f 203/1026/2926 86/1027/2927 204/1028/2928
f 204/1028/2929 86/1027/2930 552/1029/2931
f 204/1028/2932 552/1029/2933 551/1030/2934
f 552/1029/2935 86/1027/2936 553/1031/2937
f 553/1031/2938 86/1027/2939 560/1032/2940
f 553/1031/2941 560/1032/2942 554/1033/2943
f 554/1033/2944 560/1032/2945 555/1034/2946
f 555/1034/2947 560/1032/2948 556/1035/2949
f 556/1035/2950 560/1032/2951 557/1036/2952
f 557/1036/2953 560/1032/2954 558/1037/2955
f 558/1037/2956 560/1032/2957 561/1038/2958
f 558/1037/2959 561/1038/2960 559/1039/2961
f 559/1039/2962 561/1038/2963 528/1040/2964
f 528/1040/2965 561/1038/2966 529/1041/2967
f 529/1041/2968 561/1038/2969 530/1042/2970
f 530/1042/2971 561/1038/2972 562/1043/2973
f 530/1042/2974 562/1043/2975 531/1044/2976
f 531/1044/2977 562/1043/2978 532/1045/2979
f 532/1045/2980 562/1043/2981 533/1046/2982
f 533/1046/2983 562/1043/2984 534/1047/2985
f 534/1047/2986 562/1043/2987 535/1048/2988
f 535/1048/2989 562/1043/2990 536/1049/2991
f 536/1049/2992 562/1043/2993 248/1050/2994
f 536/1049/2995 248/1050/2996 537/1051/2997
f 537/1051/2998 248/1050/2999 538/1052/3000
f 538/1052/3001 248/1050/3002 539/1053/3003
f 539/1053/3004 248/1050/3005 247/1054/3006
f 539/1053/3007 247/1054/3008 540/1055/3009
f 540/1055/3010 247/1054/3011 541/1056/3012
f 541/1056/3013 247/1054/3014 542/1057/3015
f 542/1057/3016 247/1054/3017 543/1058/3018
f 543/1058/3019 247/1054/3020 544/1059/3021
f 544/1059/3022 247/1054/3023 246/1060/3024
f 544/1059/3025 246/1060/3026 545/1061/3027
f 545/1061/3028 246/1060/3029 546/1062/3030
f 546/1062/3031 246/1060/3032 547/1063/3033
f 547/1063/3034 246/1060/3035 548/1064/3036
f 548/1064/3037 246/1060/3038 204/1028/3039
f 548/1064/3040 204/1028/3041 549/1065/3042
f 549/1065/3043 204/1028/3044 550/1066/3045
f 550/1066/3046 204/1028/3047 551/1030/3048
f 562/1043/3049 39/1067/3050 248/1050/3051
f 248/1050/3052 39/1067/3053 249/1068/3054
f 28/1069/3055 563/1070/3056 29/1071/3057
f 29/1071/3058 563/1070/3059 569/1072/3060
f 29/1071/3061 569/1072/3062 31/1073/3063
f 31/1073/3064 569/1072/3065 570/1074/3066
f 31/1073/3067 570/1074/3068 32/1075/3069
f 32/1075/3070 570/1074/3071 571/1076/3072
f 32/1075/3073 571/1076/3074 33/1077/3075
f 33/1077/3076 571/1076/3077 572/1078/3078
f 33/1077/3079 572/1078/3080 34/1079/3081
f 34/1079/3082 572/1078/3083 573/1080/3084
f 34/1079/3085 573/1080/3086 577/1081/3087
f 577/1081/3088 573/1080/3089 574/1082/3090
f 577/1081/3091 574/1082/3092 576/1083/3093
f 576/1083/3094 574/1082/3095 575/1084/3096
f 576/1083/3097 575/1084/3098 568/1085/3099
f 568/1085/3100 575/1084/3101 243/1086/3102
f 568/1085/3103 243/1086/3104 597/1087/3105
f 597/1087/3106 243/1086/3107 596/1088/3108
f 597/1087/3109 596/1088/3110 37/1089/3111
f 37/1089/3112 596/1088/3113 38/1090/3114
f 38/1090/3115 596/1088/3116 243/1086/3117
f 563/1070/3118 564/1091/3119 569/1072/3120
f 569/1072/3121 564/1091/3122 578/1092/3123
f 569/1072/3124 578/1092/3125 579/1093/3126
f 579/1093/3127 578/1092/3128 586/1094/3129
f 579/1093/3130 586/1094/3131 587/1095/3132
f 587/1095/3133 586/1094/3134 93/1096/3135
f 587/1095/3136 93/1096/3137 92/1097/3138
f 564/1091/3139 565/1098/3140 578/1092/3141
f 578/1092/3142 565/1098/3143 585/1099/3144
f 578/1092/3145 585/1099/3146 586/1094/3147
f 586/1094/3148 585/1099/3149 94/1100/3150
f 586/1094/3151 94/1100/3152 93/1096/3153
f 565/1098/3154 566/1101/3155 585/1099/3156
f 585/1099/3157 566/1101/3158 73/1102/3159
f 585/1099/3160 73/1102/3161 94/1100/3162
f 566/1101/3163 74/1103/3164 73/1102/3165
f 587/1095/3166 92/1097/3167 588/1104/3168
f 588/1104/3169 92/1097/3170 91/1105/3171
f 588/1104/3172 91/1105/3173 589/1106/3174
f 589/1106/3175 91/1105/3176 592/1107/3177
f 589/1106/3178 592/1107/3179 593/1108/3180
f 593/1108/3181 592/1107/3182 89/1109/3183
f 593/1108/3184 89/1109/3185 88/1110/3186
f 91/1105/3187 90/1111/3188 592/1107/3189
f 592/1107/3190 90/1111/3191 89/1109/3192
f 87/1112/3193 595/1113/3194 88/1110/3195
f 88/1110/3196 595/1113/3197 594/1114/3198
f 88/1110/3199 594/1114/3200 593/1108/3201
f 593/1108/3202 594/1114/3203 567/1115/3204
f 593/1108/3205 567/1115/3206 590/1116/3207
f 590/1116/3208 567/1115/3209 591/1117/3210
f 590/1116/3211 591/1117/3212 583/1118/3213
f 583/1118/3214 591/1117/3215 584/1119/3216
f 583/1118/3217 584/1119/3218 574/1082/3219
f 574/1082/3220 584/1119/3221 575/1084/3222
f 87/1112/3223 245/1120/3224 595/1113/3225
f 595/1113/3226 245/1120/3227 594/1114/3228
f 594/1114/3229 245/1120/3230 567/1115/3231
f 567/1115/3232 245/1120/3233 244/1121/3234
f 567/1115/3235 244/1121/3236 591/1117/3237
f 591/1117/3238 244/1121/3239 584/1119/3240
f 584/1119/3241 244/1121/3242 575/1084/3243
f 575/1084/3244 244/1121/3245 243/1086/3246
f 37/1089/3247 36/1122/3248 597/1087/3249
f 597/1087/3250 36/1122/3251 576/1083/3252
f 597/1087/3253 576/1083/3254 568/1085/3255
f 36/1122/3256 35/1123/3257 576/1083/3258
f 576/1083/3259 35/1123/3260 577/1081/3261
f 35/1123/3262 34/1079/3263 577/1081/3264
f 569/1072/3265 579/1093/3266 570/1074/3267
f 570/1074/3268 579/1093/3269 580/1124/3270
f 570/1074/3271 580/1124/3272 571/1076/3273
f 571/1076/3274 580/1124/3275 581/1125/3276
f 571/1076/3277 581/1125/3278 572/1078/3279
f 572/1078/3280 581/1125/3281 582/1126/3282
f 572/1078/3283 582/1126/3284 573/1080/3285
f 573/1080/3286 582/1126/3287 583/1118/3288
f 573/1080/3289 583/1118/3290 574/1082/3291
f 579/1093/3292 587/1095/3293 580/1124/3294
f 580/1124/3295 587/1095/3296 588/1104/3297
f 580/1124/3298 588/1104/3299 581/1125/3300
f 581/1125/3301 588/1104/3302 589/1106/3303
f 581/1125/3304 589/1106/3305 582/1126/3306
f 582/1126/3307 589/1106/3308 590/1116/3309
f 582/1126/3310 590/1116/3311 583/1118/3312
f 593/1108/3313 590/1116/3314 589/1106/3315
f 76/1127/3316 598/1128/3317 77/1129/3318
f 77/1129/3319 598/1128/3320 606/1130/3321
f 77/1129/3322 606/1130/3323 79/1131/3324
f 79/1131/3325 606/1130/3326 607/1132/3327
f 79/1131/3328 607/1132/3329 80/1133/3330
f 80/1133/3331 607/1132/3332 608/1134/3333
f 80/1133/3334 608/1134/3335 81/1135/3336
f 81/1135/3337 608/1134/3338 609/1136/3339
f 81/1135/3340 609/1136/3341 82/1137/3342
f 82/1137/3343 609/1136/3344 610/1138/3345
f 82/1137/3346 610/1138/3347 83/1139/3348
f 83/1139/3349 610/1138/3350 611/1140/3351
f 83/1139/3352 611/1140/3353 615/1141/3354
f 615/1141/3355 611/1140/3356 612/1142/3357
f 615/1141/3358 612/1142/3359 614/1143/3360
f 614/1143/3361 612/1142/3362 603/1144/3363
f 614/1143/3364 603/1144/3365 613/1145/3366
f 613/1145/3367 603/1144/3368 560/1146/3369
f 613/1145/3370 560/1146/3371 602/1147/3372
f 602/1147/3373 560/1146/3374 86/1148/3375
f 602/1147/3376 86/1148/3377 643/1149/3378
f 643/1149/3379 86/1148/3380 85/1150/3381
f 643/1149/3382 85/1150/3383 602/1147/3384
f 602/1147/3385 85/1150/3386 614/1143/3387
f 602/1147/3388 614/1143/3389 613/1145/3390
f 606/1130/3391 598/1128/3392 616/1151/3393
f 616/1151/3394 598/1128/3395 599/1152/3396
f 616/1151/3397 599/1152/3398 600/1153/3399
f 616/1151/3400 600/1153/3401 624/1154/3402
f 624/1154/3403 600/1153/3404 601/1155/3405
f 624/1154/3406 601/1155/3407 632/1156/3408
f 632/1156/3409 601/1155/3410 25/1157/3411
f 632/1156/3412 25/1157/3413 46/1158/3414
f 601/1155/3415 26/1159/3416 25/1157/3417
f 632/1156/3418 46/1158/3419 633/1160/3420
f 633/1160/3421 46/1158/3422 45/1161/3423
f 633/1160/3424 45/1161/3425 634/1162/3426
f 634/1162/3427 45/1161/3428 44/1163/3429
f 634/1162/3430 44/1163/3431 635/1164/3432
f 635/1164/3433 44/1163/3434 43/1165/3435
f 635/1164/3436 43/1165/3437 636/1166/3438
f 636/1166/3439 43/1165/3440 42/1167/3441
f 636/1166/3442 42/1167/3443 637/1168/3444
f 637/1168/3445 42/1167/3446 639/1169/3447
f 637/1168/3448 639/1169/3449 640/1170/3450
f 640/1170/3451 639/1169/3452 41/1171/3453
f 640/1170/3454 41/1171/3455 40/1172/3456
f 42/1167/3457 41/1171/3458 639/1169/3459
f 39/1173/3460 605/1174/3461 40/1172/3462
f 40/1172/3463 605/1174/3464 642/1175/3465
f 40/1172/3466 642/1175/3467 641/1176/3468
f 641/1176/3469 642/1175/3470 562/1177/3471
f 641/1176/3472 562/1177/3473 604/1178/3474
f 604/1178/3475 562/1177/3476 561/1179/3477
f 604/1178/3478 561/1179/3479 631/1180/3480
f 631/1180/3481 561/1179/3482 623/1181/3483
f 631/1180/3484 623/1181/3485 622/1182/3486
f 622/1182/3487 623/1181/3488 612/1142/3489
f 622/1182/3490 612/1142/3491 611/1140/3492
f 39/1173/3493 562/1177/3494 605/1174/3495
f 605/1174/3496 562/1177/3497 642/1175/3498
f 623/1181/3499 561/1179/3500 603/1144/3501
f 603/1144/3502 561/1179/3503 560/1146/3504
f 85/1150/3505 84/1183/3506 614/1143/3507
f 614/1143/3508 84/1183/3509 615/1141/3510
f 84/1183/3511 83/1139/3512 615/1141/3513
f 607/1132/3514 606/1130/3515 617/1184/3516
f 617/1184/3517 606/1130/3518 616/1151/3519
f 617/1184/3520 616/1151/3521 625/1185/3522
f 625/1185/3523 616/1151/3524 624/1154/3525
f 625/1185/3526 624/1154/3527 633/1160/3528
f 633/1160/3529 624/1154/3530 632/1156/3531
f 608/1134/3532 607/1132/3533 618/1186/3534
f 618/1186/3535 607/1132/3536 617/1184/3537
f 618/1186/3538 617/1184/3539 626/1187/3540
f 626/1187/3541 617/1184/3542 625/1185/3543
f 626/1187/3544 625/1185/3545 634/1162/3546
f 634/1162/3547 625/1185/3548 633/1160/3549
f 609/1136/3550 608/1134/3551 619/1188/3552
f 619/1188/3553 608/1134/3554 618/1186/3555
f 619/1188/3556 618/1186/3557 627/1189/3558
f 627/1189/3559 618/1186/3560 626/1187/3561
f 627/1189/3562 626/1187/3563 635/1164/3564
f 635/1164/3565 626/1187/3566 634/1162/3567
f 610/1138/3568 609/1136/3569 620/1190/3570
f 620/1190/3571 609/1136/3572 619/1188/3573
f 620/1190/3574 619/1188/3575 628/1191/3576
f 628/1191/3577 619/1188/3578 627/1189/3579
f 628/1191/3580 627/1189/3581 636/1166/3582
f 636/1166/3583 627/1189/3584 635/1164/3585
f 611/1140/3586 610/1138/3587 621/1192/3588
f 621/1192/3589 610/1138/3590 620/1190/3591
f 621/1192/3592 620/1190/3593 629/1193/3594
f 629/1193/3595 620/1190/3596 628/1191/3597
f 629/1193/3598 628/1191/3599 637/1168/3600
f 637/1168/3601 628/1191/3602 636/1166/3603
f 623/1181/3604 603/1144/3605 612/1142/3606
f 611/1140/3607 621/1192/3608 622/1182/3609
f 622/1182/3610 621/1192/3611 630/1194/3612
f 622/1182/3613 630/1194/3614 631/1180/3615
f 631/1180/3616 630/1194/3617 604/1178/3618
f 630/1194/3619 621/1192/3620 629/1193/3621
f 630/1194/3622 629/1193/3623 638/1195/3624
f 638/1195/3625 629/1193/3626 637/1168/3627
f 638/1195/3628 637/1168/3629 640/1170/3630
f 641/1176/3631 604/1178/3632 638/1195/3633
f 638/1195/3634 604/1178/3635 630/1194/3636
f 641/1176/3637 638/1195/3638 640/1170/3639
f 40/1172/3640 641/1176/3641 640/1170/3642
f 644/1196/3643 645/1197/3644 651/1198/3645
f 651/1198/3646 645/1197/3647 646/1199/3648
f 651/1198/3649 646/1199/3650 647/1200/3651
f 648/1201/3652 649/1202/3653 647/1200/3654
f 647/1200/3655 649/1202/3656 650/1203/3657
f 647/1200/3658 650/1203/3659 651/1198/3660
f 655/1204/3661 644/1205/3662 654/1206/3663
f 654/1206/3664 644/1205/3665 651/1207/3666
f 654/1206/3667 651/1207/3668 650/1208/3669
f 649/1209/3670 652/1210/3671 650/1208/3672
f 650/1208/3673 652/1210/3674 653/1211/3675
f 650/1208/3676 653/1211/3677 654/1206/3678
f 649/1212/3679 648/1213/3680 652/1214/3681
f 652/1214/3682 648/1213/3683 657/1215/3684
f 657/1215/3685 648/1213/3686 656/1216/3687
f 658/1217/3688 659/1218/3689 665/1219/3690
f 665/1219/3691 659/1218/3692 660/1220/3693
f 665/1219/3694 660/1220/3695 664/1221/3696
f 664/1221/3697 660/1220/3698 661/1222/3699
f 664/1221/3700 661/1222/3701 663/1223/3702
f 663/1223/3703 661/1222/3704 662/1224/3705
f 669/1225/3706 658/1226/3707 668/1227/3708
f 668/1227/3709 658/1226/3710 665/1228/3711
f 668/1227/3712 665/1228/3713 667/1229/3714
f 667/1229/3715 665/1228/3716 664/1230/3717
f 667/1229/3718 664/1230/3719 666/1231/3720
f 666/1231/3721 664/1230/3722 663/1232/3723
f 663/1233/3724 662/1234/3725 666/1235/3726
f 666/1235/3727 662/1234/3728 671/1236/3729
f 671/1236/3730 662/1234/3731 670/1237/3732
f 672/1238/3733 673/1239/3734 679/1240/3735
f 679/1240/3736 673/1239/3737 674/1241/3738
f 679/1240/3739 674/1241/3740 675/1242/3741
f 676/1243/3742 677/1244/3743 675/1242/3744
f 675/1242/3745 677/1244/3746 678/1245/3747
f 675/1242/3748 678/1245/3749 679/1240/3750
f 683/1246/3751 672/1247/3752 682/1248/3753
f 682/1248/3754 672/1247/3755 679/1249/3756
f 682/1248/3757 679/1249/3758 678/1250/3759
f 677/1251/3760 680/1252/3761 678/1250/3762
f 678/1250/3763 680/1252/3764 681/1253/3765
f 678/1250/3766 681/1253/3767 682/1248/3768
f 677/1254/3769 676/1255/3770 680/1256/3771
f 680/1256/3772 676/1255/3773 685/1257/3774
f 685/1257/3775 676/1255/3776 684/1258/3777
f 686/1259/3778 687/1260/3779 693/1261/3780
f 693/1261/3781 687/1260/3782 688/1262/3783
f 693/1261/3784 688/1262/3785 692/1263/3786
f 692/1263/3787 688/1262/3788 689/1264/3789
f 692/1263/3790 689/1264/3791 691/1265/3792
f 691/1265/3793 689/1264/3794 690/1266/3795
f 697/1267/3796 686/1268/3797 696/1269/3798
f 696/1269/3799 686/1268/3800 693/1270/3801
f 696/1269/3802 693/1270/3803 695/1271/3804
f 695/1271/3805 693/1270/3806 692/1272/3807
f 695/1271/3808 692/1272/3809 694/1273/3810
f 694/1273/3811 692/1272/3812 691/1274/3813
f 691/1275/3814 690/1276/3815 694/1277/3816
f 694/1277/3817 690/1276/3818 699/1278/3819
f 699/1278/3820 690/1276/3821 698/1279/3822
f 601/1280/3823 719/1281/3824 26/1282/3825
f 26/1282/3826 719/1281/3827 720/1283/3828
f 26/1282/3829 720/1283/3830 440/1284/3831
f 440/1284/3832 720/1283/3833 721/1285/3834
f 440/1284/3835 721/1285/3836 722/1286/3837
f 600/1287/3838 717/1288/3839 601/1280/3840
f 601/1280/3841 717/1288/3842 718/1289/3843
f 601/1280/3844 718/1289/3845 719/1281/3846
f 717/1288/3847 600/1287/3848 716/1290/3849
f 716/1290/3850 600/1287/3851 599/1291/3852
f 716/1290/3853 599/1291/3854 715/1292/3855
f 715/1292/3856 599/1291/3857 598/1293/3858
f 715/1292/3859 598/1293/3860 714/1294/3861
f 714/1294/3862 598/1293/3863 713/1295/3864
f 713/1295/3865 598/1293/3866 76/1296/3867
f 713/1295/3868 76/1296/3869 712/1297/3870
f 712/1297/3871 76/1296/3872 519/1298/3873
f 712/1297/3874 519/1298/3875 711/1299/3876
f 711/1299/3877 519/1298/3878 710/1300/3879
f 710/1300/3880 519/1298/3881 518/1301/3882
f 710/1300/3883 518/1301/3884 709/1302/3885
f 709/1302/3886 518/1301/3887 517/1303/3888
f 709/1302/3889 517/1303/3890 708/1304/3891
f 708/1304/3892 517/1303/3893 707/1305/3894
f 707/1305/3895 517/1303/3896 516/1306/3897
f 707/1305/3898 516/1306/3899 706/1307/3900
f 706/1307/3901 516/1306/3902 705/1308/3903
f 705/1308/3904 516/1306/3905 515/1309/3906
f 705/1308/3907 515/1309/3908 704/1310/3909
f 704/1310/3910 515/1309/3911 514/1311/3912
f 704/1310/3913 514/1311/3914 703/1312/3915
f 703/1312/3916 514/1311/3917 702/1313/3918
f 702/1313/3919 514/1311/3920 513/1314/3921
f 702/1313/3922 513/1314/3923 701/1315/3924
f 701/1316/3925 513/1317/3926 512/1318/3927
f 701/1316/3928 512/1318/3929 700/1319/3930
f 700/1319/3931 512/1318/3932 763/1320/3933
f 763/1320/3934 512/1318/3935 60/1321/3936
f 763/1320/3937 60/1321/3938 762/1322/3939
f 762/1322/3940 60/1321/3941 761/1323/3942
f 761/1323/3943 60/1321/3944 495/1324/3945
f 761/1323/3946 495/1324/3947 760/1325/3948
f 760/1325/3949 495/1324/3950 494/1326/3951
f 760/1325/3952 494/1326/3953 759/1327/3954
f 759/1327/3955 494/1326/3956 493/1328/3957
f 759/1327/3958 493/1328/3959 758/1329/3960
f 758/1329/3961 493/1328/3962 757/1330/3963
f 757/1330/3964 493/1328/3965 492/1331/3966
f 757/1330/3967 492/1331/3968 756/1332/3969
f 756/1332/3970 492/1331/3971 110/1333/3972
f 756/1332/3973 110/1333/3974 755/1334/3975
f 755/1334/3976 110/1333/3977 754/1335/3978
f 754/1335/3979 110/1333/3980 473/1336/3981
f 754/1335/3982 473/1336/3983 753/1337/3984
f 753/1337/3985 473/1336/3986 472/1338/3987
f 753/1337/3988 472/1338/3989 752/1339/3990
f 752/1339/3991 472/1338/3992 751/1340/3993
f 751/1340/3994 472/1338/3995 471/1341/3996
f 751/1340/3997 471/1341/3998 750/1342/3999
f 750/1342/4000 471/1341/4001 470/1343/4002
f 750/1342/4003 470/1343/4004 749/1344/4005
f 749/1344/4006 470/1343/4007 748/1345/4008
f 748/1345/4009 470/1343/4010 469/1346/4011
f 748/1345/4012 469/1346/4013 747/1347/4014
f 747/1347/4015 469/1346/4016 96/1348/4017
f 747/1347/4018 96/1348/4019 746/1349/4020
f 746/1349/4021 96/1348/4022 745/1350/4023
f 745/1350/4024 96/1348/4025 464/1351/4026
f 745/1350/4027 464/1351/4028 744/1352/4029
f 744/1352/4030 464/1351/4031 463/1353/4032
f 744/1352/4033 463/1353/4034 743/1354/4035
f 743/1354/4036 463/1353/4037 462/1355/4038
f 743/1354/4039 462/1355/4040 742/1356/4041
f 742/1356/4042 462/1355/4043 741/1357/4044
f 741/1357/4045 462/1355/4046 461/1358/4047
f 741/1357/4048 461/1358/4049 740/1359/4050
f 740/1359/4051 461/1358/4052 16/1360/4053
f 740/1359/4054 16/1360/4055 739/1361/4056
f 739/1361/4057 16/1360/4058 451/1362/4059
f 739/1361/4060 451/1362/4061 738/1363/4062
f 738/1363/4063 451/1362/4064 737/1364/4065
f 737/1364/4066 451/1362/4067 450/1365/4068
f 737/1364/4069 450/1365/4070 736/1366/4071
f 736/1366/4072 450/1365/4073 2/1367/4074
f 736/1366/4075 2/1367/4076 735/1368/4077
f 735/1368/4078 2/1367/4079 427/1369/4080
f 735/1368/4081 427/1369/4082 734/1370/4083
f 734/1370/4084 427/1369/4085 733/1371/4086
f 733/1371/4087 427/1369/4088 426/1372/4089
f 733/1371/4090 426/1372/4091 732/1373/4092
f 732/1373/4093 426/1372/4094 425/1374/4095
f 732/1373/4096 425/1374/4097 731/1375/4098
f 731/1375/4099 425/1374/4100 424/1376/4101
f 731/1375/4102 424/1376/4103 730/1377/4104
f 730/1377/4105 424/1376/4106 729/1378/4107
f 729/1378/4108 424/1376/4109 50/1379/4110
f 729/1378/4111 50/1379/4112 728/1380/4113
f 728/1380/4114 50/1379/4115 444/1381/4116
f 728/1380/4117 444/1381/4118 727/1382/4119
f 727/1382/4120 444/1381/4121 726/1383/4122
f 726/1383/4123 444/1381/4124 443/1384/4125
f 726/1383/4126 443/1384/4127 725/1385/4128
f 725/1385/4129 443/1384/4130 442/1386/4131
f 725/1385/4132 442/1386/4133 724/1387/4134
f 724/1387/4135 442/1386/4136 723/1388/4137
f 723/1388/4138 442/1386/4139 441/1389/4140
f 723/1388/4141 441/1389/4142 722/1286/4143
f 722/1286/4144 441/1389/4145 440/1284/4146
f 764/1390/4147 765/1391/4148 844/1392/4149
f 844/1392/4150 765/1391/4151 766/1393/4152
f 844/1392/4153 766/1393/4154 843/1394/4155
f 843/1394/4156 766/1393/4157 768/1395/4158
f 843/1394/4159 768/1395/4160 842/1396/4161
f 842/1396/4162 768/1395/4163 769/1397/4164
f 842/1396/4165 769/1397/4166 841/1398/4167
f 841/1398/4168 769/1397/4169 770/1399/4170
f 841/1398/4171 770/1399/4172 840/1400/4173
f 840/1400/4174 770/1399/4175 771/1401/4176
f 840/1400/4177 771/1401/4178 839/1402/4179
f 839/1402/4180 771/1401/4181 772/1403/4182
f 839/1402/4183 772/1403/4184 838/1404/4185
f 838/1404/4186 772/1403/4187 773/1405/4188
f 838/1404/4189 773/1405/4190 837/1406/4191
f 837/1406/4192 773/1405/4193 774/1407/4194
f 837/1406/4195 774/1407/4196 775/1408/4197
f 766/1393/4198 767/1409/4199 768/1395/4200
f 776/1410/4201 835/1411/4202 775/1408/4203
f 775/1408/4204 835/1411/4205 836/1412/4206
f 775/1408/4207 836/1412/4208 837/1406/4209
f 835/1411/4210 776/1410/4211 834/1413/4212
f 834/1413/4213 776/1410/4214 777/1414/4215
f 834/1413/4216 777/1414/4217 833/1415/4218
f 833/1415/4219 777/1414/4220 778/1416/4221
f 833/1415/4222 778/1416/4223 832/1417/4224
f 832/1417/4225 778/1416/4226 779/1418/4227
f 832/1417/4228 779/1418/4229 831/1419/4230
f 831/1419/4231 779/1418/4232 780/1420/4233
f 831/1419/4234 780/1420/4235 830/1421/4236
f 830/1421/4237 780/1420/4238 781/1422/4239
f 830/1421/4240 781/1422/4241 782/1423/4242
f 830/1421/4243 782/1423/4244 829/1424/4245
f 829/1424/4246 782/1423/4247 783/1425/4248
f 829/1424/4249 783/1425/4250 828/1426/4251
f 828/1426/4252 783/1425/4253 784/1427/4254
f 828/1426/4255 784/1427/4256 827/1428/4257
f 827/1428/4258 784/1427/4259 785/1429/4260
f 827/1428/4261 785/1429/4262 826/1430/4263
f 826/1430/4264 785/1429/4265 786/1431/4266
f 826/1430/4267 786/1431/4268 825/1432/4269
f 825/1432/4270 786/1431/4271 787/1433/4272
f 825/1432/4273 787/1433/4274 824/1434/4275
f 824/1434/4276 787/1433/4277 823/1435/4278
f 823/1435/4279 787/1433/4280 788/1436/4281
f 823/1435/4282 788/1436/4283 789/1437/4284
f 823/1435/4285 789/1437/4286 822/1438/4287
f 822/1438/4288 789/1437/4289 790/1439/4290
f 822/1438/4291 790/1439/4292 821/1440/4293
f 821/1440/4294 790/1439/4295 791/1441/4296
f 821/1440/4297 791/1441/4298 820/1442/4299
f 820/1442/4300 791/1441/4301 792/1443/4302
f 820/1442/4303 792/1443/4304 819/1444/4305
f 819/1444/4306 792/1443/4307 793/1445/4308
f 819/1444/4309 793/1445/4310 818/1446/4311
f 818/1446/4312 793/1445/4313 794/1447/4314
f 818/1446/4315 794/1447/4316 817/1448/4317
f 817/1448/4318 794/1447/4319 795/1449/4320
f 817/1448/4321 795/1449/4322 816/1450/4323
f 816/1450/4324 795/1449/4325 796/1451/4326
f 816/1450/4327 796/1451/4328 815/1452/4329
f 815/1452/4330 796/1451/4331 797/1453/4332
f 815/1452/4333 797/1453/4334 814/1454/4335
f 814/1454/4336 797/1453/4337 798/1455/4338
f 814/1454/4339 798/1455/4340 813/1456/4341
f 813/1456/4342 798/1455/4343 812/1457/4344
f 812/1457/4345 798/1455/4346 811/1458/4347
f 811/1458/4348 798/1455/4349 803/1459/4350
f 811/1458/4351 803/1459/4352 810/1460/4353
f 810/1460/4354 803/1459/4355 804/1461/4356
f 810/1460/4357 804/1461/4358 809/1462/4359
f 809/1462/4360 804/1461/4361 805/1463/4362
f 809/1462/4363 805/1463/4364 808/1464/4365
f 808/1464/4366 805/1463/4367 806/1465/4368
f 808/1464/4369 806/1465/4370 807/1466/4371
f 803/1459/4372 798/1455/4373 802/1467/4374
f 802/1467/4375 798/1455/4376 799/1468/4377
f 802/1467/4378 799/1468/4379 800/1469/4380
f 800/1469/4381 801/1470/4382 802/1467/4383
f 852/1471/4384 845/1472/4385 851/1473/4386
f 851/1473/4387 845/1472/4388 846/1474/4389
f 851/1473/4390 846/1474/4391 850/1475/4392
f 850/1475/4393 846/1474/4394 847/1476/4395
f 850/1475/4396 847/1476/4397 849/1477/4398
f 849/1477/4399 847/1476/4400 848/1478/4401
f 854/1479/4402 733/1480/4403 853/1481/4404
f 853/1481/4405 733/1480/4406 732/1482/4407
f 853/1481/4408 732/1482/4409 731/1483/4410
f 733/1480/4411 854/1479/4412 734/1484/4413
f 734/1484/4414 854/1479/4415 855/1485/4416
f 734/1484/4417 855/1485/4418 735/1486/4419
f 735/1486/4420 855/1485/4421 856/1487/4422
f 735/1486/4423 856/1487/4424 736/1488/4425
f 736/1488/4426 856/1487/4427 857/1489/4428
f 736/1488/4429 857/1489/4430 737/1490/4431
f 737/1490/4432 857/1489/4433 858/1491/4434
f 737/1490/4435 858/1491/4436 738/1492/4437
f 738/1492/4438 858/1491/4439 859/1493/4440
f 738/1492/4441 859/1493/4442 739/1494/4443
f 739/1494/4444 859/1493/4445 860/1495/4446
f 739/1494/4447 860/1495/4448 740/1496/4449
f 740/1496/4450 860/1495/4451 861/1497/4452
f 740/1496/4453 861/1497/4454 741/1498/4455
f 741/1498/4456 861/1497/4457 862/1499/4458
f 741/1498/4459 862/1499/4460 742/1500/4461
f 742/1500/4462 862/1499/4463 863/1501/4464
f 742/1500/4465 863/1501/4466 743/1502/4467
f 743/1502/4468 863/1501/4469 864/1503/4470
f 743/1502/4471 864/1503/4472 744/1504/4473
f 744/1504/4474 864/1503/4475 865/1505/4476
f 744/1504/4477 865/1505/4478 745/1506/4479
f 745/1506/4480 865/1505/4481 866/1507/4482
f 745/1506/4483 866/1507/4484 746/1508/4485
f 746/1508/4486 866/1507/4487 867/1509/4488
f 746/1508/4489 867/1509/4490 747/1510/4491
f 747/1510/4492 867/1509/4493 868/1511/4494
f 747/1510/4495 868/1511/4496 748/1512/4497
f 748/1512/4498 868/1511/4499 869/1513/4500
f 748/1512/4501 869/1513/4502 870/1514/4503
f 748/1512/4504 870/1514/4505 749/1515/4506
f 749/1515/4507 870/1514/4508 871/1516/4509
f 749/1515/4510 871/1516/4511 750/1517/4512
f 750/1517/4513 871/1516/4514 872/1518/4515
f 750/1517/4516 872/1518/4517 751/1519/4518
f 751/1519/4519 872/1518/4520 873/1520/4521
f 751/1519/4522 873/1520/4523 752/1521/4524
f 752/1521/4525 873/1520/4526 874/1522/4527
f 752/1521/4528 874/1522/4529 753/1523/4530
f 753/1523/4531 874/1522/4532 875/1524/4533
f 753/1523/4534 875/1524/4535 754/1525/4536
f 754/1525/4537 875/1524/4538 876/1526/4539
f 754/1525/4540 876/1526/4541 755/1527/4542
f 755/1527/4543 876/1526/4544 877/1528/4545
f 755/1527/4546 877/1528/4547 756/1529/4548
f 756/1529/4549 877/1528/4550 878/1530/4551
f 756/1529/4552 878/1530/4553 757/1531/4554
f 757/1531/4555 878/1530/4556 879/1532/4557
f 757/1531/4558 879/1532/4559 758/1533/4560
f 758/1533/4561 879/1532/4562 880/1534/4563
f 758/1533/4564 880/1534/4565 759/1535/4566
f 759/1535/4567 880/1534/4568 881/1536/4569
f 759/1535/4570 881/1536/4571 760/1537/4572
f 760/1537/4573 881/1536/4574 882/1538/4575
f 760/1537/4576 882/1538/4577 761/1539/4578
f 761/1539/4579 882/1538/4580 883/1540/4581
f 761/1539/4582 883/1540/4583 762/1541/4584
f 762/1541/4585 883/1540/4586 884/1542/4587
f 762/1541/4588 884/1542/4589 763/1543/4590
f 763/1543/4591 884/1542/4592 700/1544/4593
f 700/1544/4594 884/1542/4595 885/1545/4596
f 700/1544/4597 885/1545/4598 701/1546/4599
f 701/1546/4600 885/1545/4601 886/1547/4602
f 701/1546/4603 886/1547/4604 702/1548/4605
f 702/1548/4606 886/1547/4607 887/1549/4608
f 702/1548/4609 887/1549/4610 703/1550/4611
f 703/1550/4612 887/1549/4613 888/1551/4614
f 703/1550/4615 888/1551/4616 704/1552/4617
f 704/1552/4618 888/1551/4619 889/1553/4620
f 704/1552/4621 889/1553/4622 705/1554/4623
f 705/1554/4624 889/1553/4625 890/1555/4626
f 705/1554/4627 890/1555/4628 706/1556/4629
f 706/1556/4630 890/1555/4631 891/1557/4632
f 706/1556/4633 891/1557/4634 707/1558/4635
f 707/1558/4636 891/1557/4637 892/1559/4638
f 707/1558/4639 892/1559/4640 708/1560/4641
f 708/1560/4642 892/1559/4643 893/1561/4644
f 708/1560/4645 893/1561/4646 709/1562/4647
f 709/1562/4648 893/1561/4649 894/1563/4650
f 709/1562/4651 894/1563/4652 710/1564/4653
f 710/1564/4654 894/1563/4655 895/1565/4656
f 710/1564/4657 895/1565/4658 711/1566/4659
f 711/1566/4660 895/1565/4661 896/1567/4662
f 711/1566/4663 896/1567/4664 712/1568/4665
f 712/1568/4666 896/1567/4667 897/1569/4668
f 712/1568/4669 897/1569/4670 713/1570/4671
f 713/1570/4672 897/1569/4673 898/1571/4674
f 713/1570/4675 898/1571/4676 714/1572/4677
f 714/1572/4678 898/1571/4679 899/1573/4680
f 714/1572/4681 899/1573/4682 715/1574/4683
f 715/1574/4684 899/1573/4685 900/1575/4686
f 715/1574/4687 900/1575/4688 716/1576/4689
f 716/1576/4690 900/1575/4691 901/1577/4692
f 716/1576/4693 901/1577/4694 902/1578/4695
f 716/1576/4696 902/1578/4697 717/1579/4698
f 717/1579/4699 902/1578/4700 903/1580/4701
f 717/1579/4702 903/1580/4703 718/1581/4704
f 718/1581/4705 903/1580/4706 904/1582/4707
f 718/1581/4708 904/1582/4709 719/1583/4710
f 719/1583/4711 904/1582/4712 905/1584/4713
f 719/1583/4714 905/1584/4715 720/1585/4716
f 720/1585/4717 905/1584/4718 906/1586/4719
f 720/1585/4720 906/1586/4721 721/1587/4722
f 721/1587/4723 906/1586/4724 907/1588/4725
f 721/1587/4726 907/1588/4727 722/1589/4728
f 722/1589/4729 907/1588/4730 908/1590/4731
f 722/1589/4732 908/1590/4733 723/1591/4734
f 723/1591/4735 908/1590/4736 909/1592/4737
f 723/1591/4738 909/1592/4739 724/1593/4740
f 724/1593/4741 909/1592/4742 910/1594/4743
f 724/1593/4744 910/1594/4745 725/1595/4746
f 725/1595/4747 910/1594/4748 911/1596/4749
f 725/1595/4750 911/1596/4751 726/1597/4752
f 726/1597/4753 911/1596/4754 912/1598/4755
f 726/1597/4756 912/1598/4757 727/1599/4758
f 727/1599/4759 912/1598/4760 913/1600/4761
f 727/1599/4762 913/1600/4763 728/1601/4764
f 728/1601/4765 913/1600/4766 914/1602/4767
f 728/1601/4768 914/1602/4769 729/1603/4770
f 729/1603/4771 914/1602/4772 915/1604/4773
f 729/1603/4774 915/1604/4775 730/1605/4776
f 730/1605/4777 915/1604/4778 916/1606/4779
f 730/1605/4780 916/1606/4781 731/1483/4782
f 731/1483/4783 916/1606/4784 853/1481/4785
f 767/1607/4786 917/1608/4787 768/1609/4788
f 768/1609/4789 917/1608/4790 918/1610/4791
f 768/1609/4792 918/1610/4793 769/1611/4794
f 769/1611/4795 918/1610/4796 919/1612/4797
f 769/1611/4798 919/1612/4799 770/1613/4800
f 770/1613/4801 919/1612/4802 920/1614/4803
f 770/1613/4804 920/1614/4805 771/1615/4806
f 771/1615/4807 920/1614/4808 921/1616/4809
f 771/1615/4810 921/1616/4811 772/1617/4812
f 772/1617/4813 921/1616/4814 922/1618/4815
f 772/1617/4816 922/1618/4817 773/1619/4818
f 773/1619/4819 922/1618/4820 923/1620/4821
f 773/1619/4822 923/1620/4823 774/1621/4824
f 774/1621/4825 923/1620/4826 924/1622/4827
f 933/1623/4828 925/1624/4829 934/1625/4830
f 934/1625/4831 925/1624/4832 764/1626/4833
f 934/1625/4834 764/1626/4835 844/1627/4836
f 934/1625/4837 844/1627/4838 935/1628/4839
f 935/1628/4840 844/1627/4841 843/1629/4842
f 935/1628/4843 843/1629/4844 936/1630/4845
f 936/1630/4846 843/1629/4847 842/1631/4848
f 936/1630/4849 842/1631/4850 937/1632/4851
f 937/1632/4852 842/1631/4853 841/1633/4854
f 937/1632/4855 841/1633/4856 938/1634/4857
f 938/1634/4858 841/1633/4859 840/1635/4860
f 938/1634/4861 840/1635/4862 939/1636/4863
f 939/1636/4864 840/1635/4865 839/1637/4866
f 939/1636/4867 839/1637/4868 940/1638/4869
f 940/1638/4870 839/1637/4871 838/1639/4872
f 940/1638/4873 838/1639/4874 837/1640/4875
f 837/1640/4876 926/1641/4877 940/1638/4878
f 940/1638/4879 926/1641/4880 927/1642/4881
f 940/1638/4882 927/1642/4883 939/1636/4884
f 939/1636/4885 927/1642/4886 928/1643/4887
f 939/1636/4888 928/1643/4889 938/1634/4890
f 938/1634/4891 928/1643/4892 929/1644/4893
f 938/1634/4894 929/1644/4895 937/1632/4896
f 937/1632/4897 929/1644/4898 930/1645/4899
f 937/1632/4900 930/1645/4901 936/1630/4902
f 936/1630/4903 930/1645/4904 931/1646/4905
f 936/1630/4906 931/1646/4907 935/1628/4908
f 935/1628/4909 931/1646/4910 932/1647/4911
f 935/1628/4912 932/1647/4913 934/1625/4914
f 934/1625/4915 932/1647/4916 933/1623/4917
f 811/1648/4918 941/1649/4919 954/1650/4920
f 954/1650/4921 941/1649/4922 942/1651/4923
f 954/1650/4924 942/1651/4925 955/1652/4926
f 955/1652/4927 942/1651/4928 943/1653/4929
f 955/1652/4930 943/1653/4931 956/1654/4932
f 956/1654/4933 943/1653/4934 944/1655/4935
f 956/1654/4936 944/1655/4937 957/1656/4938
f 957/1656/4939 944/1655/4940 945/1657/4941
f 957/1656/4942 945/1657/4943 958/1658/4944
f 958/1658/4945 945/1657/4946 946/1659/4947
f 958/1658/4948 946/1659/4949 959/1660/4950
f 959/1660/4951 946/1659/4952 947/1661/4953
f 959/1660/4954 947/1661/4955 960/1662/4956
f 960/1662/4957 947/1661/4958 948/1663/4959
f 960/1662/4960 948/1663/4961 961/1664/4962
f 961/1664/4963 948/1663/4964 949/1665/4965
f 961/1664/4966 949/1665/4967 962/1666/4968
f 962/1666/4969 949/1665/4970 950/1667/4971
f 962/1666/4972 950/1667/4973 963/1668/4974
f 963/1668/4975 950/1667/4976 951/1669/4977
f 963/1668/4978 951/1669/4979 964/1670/4980
f 964/1670/4981 951/1669/4982 952/1671/4983
f 964/1670/4984 952/1671/4985 953/1672/4986
f 953/1672/4987 823/1673/4988 964/1670/4989
f 964/1670/4990 823/1673/4991 822/1674/4992
f 964/1670/4993 822/1674/4994 963/1668/4995
f 963/1668/4996 822/1674/4997 821/1675/4998
f 963/1668/4999 821/1675/5000 962/1666/5001
f 962/1666/5002 821/1675/5003 820/1676/5004
f 962/1666/5005 820/1676/5006 961/1664/5007
f 961/1664/5008 820/1676/5009 819/1677/5010
f 961/1664/5011 819/1677/5012 960/1662/5013
f 960/1662/5014 819/1677/5015 818/1678/5016
f 960/1662/5017 818/1678/5018 959/1660/5019
f 959/1660/5020 818/1678/5021 817/1679/5022
f 959/1660/5023 817/1679/5024 958/1658/5025
f 958/1658/5026 817/1679/5027 816/1680/5028
f 958/1658/5029 816/1680/5030 957/1656/5031
f 957/1656/5032 816/1680/5033 815/1681/5034
f 957/1656/5035 815/1681/5036 956/1654/5037
f 956/1654/5038 815/1681/5039 814/1682/5040
f 956/1654/5041 814/1682/5042 955/1652/5043
f 955/1652/5044 814/1682/5045 813/1683/5046
f 955/1652/5047 813/1683/5048 954/1650/5049
f 954/1650/5050 813/1683/5051 812/1684/5052
f 954/1650/5053 812/1684/5054 811/1648/5055
f 965/1685/5056 941/1686/5057 810/1687/5058
f 810/1687/5059 941/1686/5060 811/1688/5061
f 788/1689/5062 966/1690/5063 789/1691/5064
f 789/1691/5065 966/1690/5066 967/1692/5067
f 789/1691/5068 967/1692/5069 790/1693/5070
f 790/1693/5071 967/1692/5072 968/1694/5073
f 790/1693/5074 968/1694/5075 791/1695/5076
f 791/1695/5077 968/1694/5078 969/1696/5079
f 791/1695/5080 969/1696/5081 792/1697/5082
f 792/1697/5083 969/1696/5084 970/1698/5085
f 792/1697/5086 970/1698/5087 793/1699/5088
f 793/1699/5089 970/1698/5090 971/1700/5091
f 793/1699/5092 971/1700/5093 794/1701/5094
f 794/1701/5095 971/1700/5096 972/1702/5097
f 794/1701/5098 972/1702/5099 795/1703/5100
f 795/1703/5101 972/1702/5102 973/1704/5103
f 795/1703/5104 973/1704/5105 796/1705/5106
f 796/1705/5107 973/1704/5108 974/1706/5109
f 796/1705/5110 974/1706/5111 797/1707/5112
f 797/1707/5113 974/1706/5114 975/1708/5115
f 797/1707/5116 975/1708/5117 798/1709/5118
f 798/1709/5119 975/1708/5120 976/1710/5121
f 977/1711/5122 966/1712/5123 787/1713/5124
f 787/1713/5125 966/1712/5126 788/1714/5127
f 775/1715/5128 978/1716/5129 990/1717/5130
f 990/1717/5131 978/1716/5132 979/1718/5133
f 990/1717/5134 979/1718/5135 991/1719/5136
f 991/1719/5137 979/1718/5138 980/1720/5139
f 991/1719/5140 980/1720/5141 992/1721/5142
f 992/1721/5143 980/1720/5144 981/1722/5145
f 992/1721/5146 981/1722/5147 993/1723/5148
f 993/1723/5149 981/1722/5150 982/1724/5151
f 993/1723/5152 982/1724/5153 994/1725/5154
f 994/1725/5155 982/1724/5156 983/1726/5157
f 994/1725/5158 983/1726/5159 995/1727/5160
f 995/1727/5161 983/1726/5162 984/1728/5163
f 995/1727/5164 984/1728/5165 996/1729/5166
f 996/1729/5167 984/1728/5168 985/1730/5169
f 996/1729/5170 985/1730/5171 997/1731/5172
f 997/1731/5173 985/1730/5174 986/1732/5175
f 997/1731/5176 986/1732/5177 998/1733/5178
f 998/1733/5179 986/1732/5180 987/1734/5181
f 998/1733/5182 987/1734/5183 999/1735/5184
f 999/1735/5185 987/1734/5186 988/1736/5187
f 999/1735/5188 988/1736/5189 1000/1737/5190
f 1000/1737/5191 988/1736/5192 989/1738/5193
f 1000/1737/5194 989/1738/5195 977/1739/5196
f 977/1739/5197 787/1740/5198 1000/1737/5199
f 1000/1737/5200 787/1740/5201 786/1741/5202
f 1000/1737/5203 786/1741/5204 999/1735/5205
f 999/1735/5206 786/1741/5207 785/1742/5208
f 999/1735/5209 785/1742/5210 998/1733/5211
f 998/1733/5212 785/1742/5213 784/1743/5214
f 998/1733/5215 784/1743/5216 997/1731/5217
f 997/1731/5218 784/1743/5219 783/1744/5220
f 997/1731/5221 783/1744/5222 996/1729/5223
f 996/1729/5224 783/1744/5225 782/1745/5226
f 996/1729/5227 782/1745/5228 995/1727/5229
f 995/1727/5230 782/1745/5231 781/1746/5232
f 995/1727/5233 781/1746/5234 994/1725/5235
f 994/1725/5236 781/1746/5237 780/1747/5238
f 994/1725/5239 780/1747/5240 993/1723/5241
f 993/1723/5242 780/1747/5243 779/1748/5244
f 993/1723/5245 779/1748/5246 992/1721/5247
f 992/1721/5248 779/1748/5249 778/1749/5250
f 992/1721/5251 778/1749/5252 991/1719/5253
f 991/1719/5254 778/1749/5255 777/1750/5256
f 991/1719/5257 777/1750/5258 990/1717/5259
f 990/1717/5260 777/1750/5261 776/1751/5262
f 990/1717/5263 776/1751/5264 775/1715/5265
f 924/1752/5266 978/1753/5267 774/1754/5268
f 774/1754/5269 978/1753/5270 775/1755/5271
f 1001/1756/5272 926/1757/5273 836/1758/5274
f 836/1758/5275 926/1757/5276 837/1759/5277
f 824/1760/5278 1002/1761/5279 825/1762/5280
f 825/1762/5281 1002/1761/5282 1003/1763/5283
f 825/1762/5284 1003/1763/5285 826/1764/5286
f 826/1764/5287 1003/1763/5288 1004/1765/5289
f 826/1764/5290 1004/1765/5291 827/1766/5292
f 827/1766/5293 1004/1765/5294 1005/1767/5295
f 827/1766/5296 1005/1767/5297 828/1768/5298
f 828/1768/5299 1005/1767/5300 1006/1769/5301
f 828/1768/5302 1006/1769/5303 829/1770/5304
f 829/1770/5305 1006/1769/5306 1007/1771/5307
f 829/1770/5308 1007/1771/5309 830/1772/5310
f 830/1772/5311 1007/1771/5312 1008/1773/5313
f 830/1772/5314 1008/1773/5315 831/1774/5316
f 831/1774/5317 1008/1773/5318 1009/1775/5319
f 831/1774/5320 1009/1775/5321 832/1776/5322
f 832/1776/5323 1009/1775/5324 1010/1777/5325
f 832/1776/5326 1010/1777/5327 833/1778/5328
f 833/1778/5329 1010/1777/5330 1011/1779/5331
f 833/1778/5332 1011/1779/5333 834/1780/5334
f 834/1780/5335 1011/1779/5336 1012/1781/5337
f 834/1780/5338 1012/1781/5339 835/1782/5340
f 835/1782/5341 1012/1781/5342 1013/1783/5343
f 835/1782/5344 1013/1783/5345 836/1784/5346
f 836/1784/5347 1013/1783/5348 1001/1785/5349
f 953/1786/5350 1002/1787/5351 823/1788/5352
f 823/1788/5353 1002/1787/5354 824/1789/5355
f 965/1790/5356 810/1791/5357 1016/1792/5358
f 1016/1792/5359 810/1791/5360 809/1793/5361
f 1016/1792/5362 809/1793/5363 1015/1794/5364
f 1015/1794/5365 809/1793/5366 808/1795/5367
f 1015/1794/5368 808/1795/5369 1014/1796/5370
f 1014/1796/5371 808/1795/5372 807/1797/5373
f 798/1798/5374 976/1799/5375 799/1800/5376
f 799/1800/5377 976/1799/5378 1017/1801/5379
f 799/1800/5380 1017/1801/5381 800/1802/5382
f 800/1802/5383 1017/1801/5384 1018/1803/5385
f 800/1802/5386 1018/1803/5387 801/1804/5388
f 801/1804/5389 1018/1803/5390 1019/1805/5391
f 1020/1806/5392 1014/1807/5393 806/1808/5394
f 806/1808/5395 1014/1807/5396 807/1809/5397
f 802/1810/5398 1021/1811/5399 803/1812/5400
f 803/1812/5401 1021/1811/5402 1022/1813/5403
f 803/1812/5404 1022/1813/5405 804/1814/5406
f 804/1814/5407 1022/1813/5408 1023/1815/5409
f 804/1814/5410 1023/1815/5411 805/1816/5412
f 805/1816/5413 1023/1815/5414 1024/1817/5415
f 805/1816/5416 1024/1817/5417 806/1818/5418
f 806/1818/5419 1024/1817/5420 1020/1819/5421
f 1019/1820/5422 1021/1821/5423 801/1822/5424
f 801/1822/5425 1021/1821/5426 802/1823/5427
f 1026/1824/5428 854/1825/5429 1025/1826/5430
f 1025/1826/5431 854/1825/5432 853/1827/5433
f 1025/1828/5434 853/1829/5435 916/1830/5436
f 854/1825/5437 1026/1824/5438 855/1831/5439
f 855/1831/5440 1026/1824/5441 1027/1832/5442
f 855/1831/5443 1027/1832/5444 856/1833/5445
f 856/1833/5446 1027/1832/5447 857/1834/5448
f 857/1834/5449 1027/1832/5450 1028/1835/5451
f 857/1834/5452 1028/1835/5453 858/1836/5454
f 858/1836/5455 1028/1835/5456 859/1837/5457
f 859/1837/5458 1028/1835/5459 1029/1838/5460
f 859/1837/5461 1029/1838/5462 860/1839/5463
f 860/1839/5464 1029/1838/5465 1030/1840/5466
f 860/1839/5467 1030/1840/5468 861/1841/5469
f 861/1841/5470 1030/1840/5471 862/1842/5472
f 862/1842/5473 1030/1840/5474 1031/1843/5475
f 862/1842/5476 1031/1843/5477 863/1844/5478
f 863/1844/5479 1031/1843/5480 864/1845/5481
f 864/1845/5482 1031/1843/5483 1032/1846/5484
f 864/1845/5485 1032/1846/5486 865/1847/5487
f 865/1847/5488 1032/1846/5489 1033/1848/5490
f 865/1847/5491 1033/1848/5492 866/1849/5493
f 866/1849/5494 1033/1848/5495 867/1850/5496
f 867/1850/5497 1033/1848/5498 1034/1851/5499
f 867/1850/5500 1034/1851/5501 868/1852/5502
f 868/1852/5503 1034/1851/5504 869/1853/5505
f 869/1853/5506 1034/1851/5507 1035/1854/5508
f 869/1853/5509 1035/1854/5510 870/1855/5511
f 870/1855/5512 1035/1854/5513 1036/1856/5514
f 870/1855/5515 1036/1856/5516 871/1857/5517
f 871/1857/5518 1036/1856/5519 872/1858/5520
f 872/1858/5521 1036/1856/5522 1037/1859/5523
f 872/1858/5524 1037/1859/5525 873/1860/5526
f 873/1860/5527 1037/1859/5528 874/1861/5529
f 874/1861/5530 1037/1859/5531 1038/1862/5532
f 874/1861/5533 1038/1862/5534 875/1863/5535
f 875/1863/5536 1038/1862/5537 1039/1864/5538
f 875/1863/5539 1039/1864/5540 876/1865/5541
f 876/1865/5542 1039/1864/5543 877/1866/5544
f 877/1866/5545 1039/1864/5546 1040/1867/5547
f 877/1866/5548 1040/1867/5549 878/1868/5550
f 878/1868/5551 1040/1867/5552 1041/1869/5553
f 878/1868/5554 1041/1869/5555 879/1870/5556
f 879/1870/5557 1041/1869/5558 880/1871/5559
f 880/1871/5560 1041/1869/5561 1042/1872/5562
f 880/1871/5563 1042/1872/5564 881/1873/5565
f 881/1873/5566 1042/1872/5567 882/1874/5568
f 882/1874/5569 1042/1872/5570 1043/1875/5571
f 882/1874/5572 1043/1875/5573 883/1876/5574
f 883/1876/5575 1043/1875/5576 1044/1877/5577
f 883/1876/5578 1044/1877/5579 884/1878/5580
f 884/1878/5581 1044/1877/5582 885/1879/5583
f 885/1879/5584 1044/1877/5585 1045/1880/5586
f 885/1879/5587 1045/1880/5588 886/1881/5589
f 886/1881/5590 1045/1880/5591 887/1882/5592
f 887/1882/5593 1045/1880/5594 1046/1883/5595
f 887/1882/5596 1046/1883/5597 888/1884/5598
f 888/1884/5599 1046/1883/5600 1047/1885/5601
f 888/1884/5602 1047/1885/5603 889/1886/5604
f 889/1886/5605 1047/1885/5606 890/1887/5607
f 890/1887/5608 1047/1885/5609 1048/1888/5610
f 890/1887/5611 1048/1888/5612 891/1889/5613
f 891/1889/5614 1048/1888/5615 892/1890/5616
f 892/1890/5617 1048/1888/5618 1049/1891/5619
f 892/1890/5620 1049/1891/5621 893/1892/5622
f 893/1892/5623 1049/1891/5624 1050/1893/5625
f 893/1892/5626 1050/1893/5627 894/1894/5628
f 894/1894/5629 1050/1893/5630 895/1895/5631
f 895/1895/5632 1050/1893/5633 1051/1896/5634
f 895/1895/5635 1051/1896/5636 896/1897/5637
f 896/1897/5638 1051/1896/5639 1052/1898/5640
f 896/1897/5641 1052/1898/5642 897/1899/5643
f 897/1899/5644 1052/1898/5645 898/1900/5646
f 898/1900/5647 1052/1898/5648 1053/1901/5649
f 898/1900/5650 1053/1901/5651 899/1902/5652
f 899/1902/5653 1053/1901/5654 900/1903/5655
f 900/1903/5656 1053/1901/5657 1054/1904/5658
f 900/1903/5659 1054/1904/5660 901/1905/5661
f 901/1905/5662 1054/1904/5663 1055/1906/5664
f 901/1905/5665 1055/1906/5666 902/1907/5667
f 902/1907/5668 1055/1906/5669 903/1908/5670
f 903/1908/5671 1055/1906/5672 1056/1909/5673
f 903/1908/5674 1056/1909/5675 904/1910/5676
f 904/1910/5677 1056/1909/5678 905/1911/5679
f 905/1911/5680 1056/1909/5681 1057/1912/5682
f 905/1911/5683 1057/1912/5684 906/1913/5685
f 906/1913/5686 1057/1912/5687 1058/1914/5688
f 906/1913/5689 1058/1914/5690 907/1915/5691
f 907/1915/5692 1058/1914/5693 908/1916/5694
f 908/1916/5695 1058/1914/5696 1059/1917/5697
f 908/1916/5698 1059/1917/5699 909/1918/5700
f 909/1918/5701 1059/1917/5702 910/1919/5703
f 910/1919/5704 1059/1917/5705 1060/1920/5706
f 910/1919/5707 1060/1920/5708 911/1921/5709
f 911/1921/5710 1060/1920/5711 1061/1922/5712
f 911/1921/5713 1061/1922/5714 912/1923/5715
f 912/1923/5716 1061/1922/5717 913/1924/5718
f 913/1924/5719 1061/1922/5720 1062/1925/5721
f 913/1924/5722 1062/1925/5723 914/1926/5724
f 914/1926/5725 1062/1925/5726 915/1927/5727
f 915/1927/5728 1062/1925/5729 1063/1928/5730
f 915/1927/5731 1063/1928/5732 916/1830/5733
f 916/1830/5734 1063/1928/5735 1025/1828/5736
f 925/1929/5737 1064/1930/5738 764/1931/5739
f 764/1931/5740 1064/1930/5741 477/1932/5742
f 764/1931/5743 477/1932/5744 476/1933/5745
f 477/1932/5746 1064/1930/5747 478/1934/5748
f 478/1934/5749 1064/1930/5750 1065/1935/5751
f 478/1934/5752 1065/1935/5753 98/1936/5754
f 98/1936/5755 1065/1935/5756 1066/1937/5757
f 98/1936/5758 1066/1937/5759 454/1938/5760
f 454/1938/5761 1066/1937/5762 1067/1939/5763
f 454/1938/5764 1067/1939/5765 455/1940/5766
f 455/1940/5767 1067/1939/5768 456/1941/5769
f 456/1941/5770 1067/1939/5771 1068/1942/5772
f 456/1941/5773 1068/1942/5774 457/1943/5775
f 457/1943/5776 1068/1942/5777 1069/1944/5778
f 457/1943/5779 1069/1944/5780 14/1945/5781
f 14/1945/5782 1069/1944/5783 1070/1946/5784
f 14/1945/5785 1070/1946/5786 452/1947/5787
f 452/1947/5788 1070/1946/5789 1071/1948/5790
f 452/1947/5791 1071/1948/5792 453/1949/5793
f 453/1949/5794 1071/1948/5795 4/1950/5796
f 4/1950/5797 1071/1948/5798 1072/1951/5799
f 4/1950/5800 1072/1951/5801 414/1952/5802
f 414/1952/5803 1072/1951/5804 1073/1953/5805
f 414/1952/5806 1073/1953/5807 415/1954/5808
f 415/1955/5809 1073/1956/5810 1074/1957/5811
f 415/1955/5812 1074/1957/5813 416/1958/5814
f 416/1958/5815 1074/1957/5816 417/1959/5817
f 417/1959/5818 1074/1957/5819 1075/1960/5820
f 417/1959/5821 1075/1960/5822 48/1961/5823
f 48/1961/5824 1075/1960/5825 1076/1962/5826
f 48/1961/5827 1076/1962/5828 445/1963/5829
f 445/1963/5830 1076/1962/5831 1077/1964/5832
f 445/1963/5833 1077/1964/5834 446/1965/5835
f 446/1965/5836 1077/1964/5837 1078/1966/5838
f 446/1965/5839 1078/1966/5840 447/1967/5841
f 447/1967/5842 1078/1966/5843 1079/1968/5844
f 447/1967/5845 1079/1968/5846 448/1969/5847
f 448/1969/5848 1079/1968/5849 1107/1970/5850
f 448/1969/5851 1107/1970/5852 1100/1971/5853
f 1079/1968/5854 1080/1972/5855 1107/1970/5856
f 1107/1970/5857 1080/1972/5858 1106/1973/5859
f 1106/1973/5860 1080/1972/5861 1105/1974/5862
f 1105/1974/5863 1080/1972/5864 1104/1975/5865
f 1104/1975/5866 1080/1972/5867 1081/1976/5868
f 1104/1975/5869 1081/1976/5870 1103/1977/5871
f 1103/1977/5872 1081/1976/5873 28/1978/5874
f 1103/1977/5875 28/1978/5876 449/1979/5877
f 28/1978/5878 1081/1976/5879 563/1980/5880
f 563/1980/5881 1081/1976/5882 1082/1981/5883
f 563/1980/5884 1082/1981/5885 564/1982/5886
f 564/1982/5887 1082/1981/5888 1083/1983/5889
f 564/1982/5890 1083/1983/5891 565/1984/5892
f 565/1984/5893 1083/1983/5894 1084/1985/5895
f 565/1984/5896 1084/1985/5897 566/1986/5898
f 566/1986/5899 1084/1985/5900 1085/1987/5901
f 566/1986/5902 1085/1987/5903 74/1988/5904
f 74/1988/5905 1085/1987/5906 1111/1989/5907
f 74/1988/5908 1111/1989/5909 848/1990/5910
f 1085/1987/5911 1086/1991/5912 1111/1989/5913
f 1111/1989/5914 1086/1991/5915 1110/1992/5916
f 1110/1992/5917 1086/1991/5918 1109/1993/5919
f 1109/1993/5920 1086/1991/5921 1108/1994/5922
f 1108/1994/5923 1086/1991/5924 1087/1995/5925
f 1108/1994/5926 1087/1995/5927 845/1996/5928
f 845/1996/5929 1087/1995/5930 521/1997/5931
f 845/1996/5932 521/1997/5933 846/1998/5934
f 846/1998/5935 521/1997/5936 520/1999/5937
f 846/1998/5938 520/1999/5939 847/2000/5940
f 847/2000/5941 520/1999/5942 848/1990/5943
f 848/1990/5944 520/1999/5945 74/1988/5946
f 521/1997/5947 1087/1995/5948 522/2001/5949
f 522/2001/5950 1087/1995/5951 1088/2002/5952
f 522/2001/5953 1088/2002/5954 523/2003/5955
f 523/2003/5956 1088/2002/5957 1089/2004/5958
f 523/2003/5959 1089/2004/5960 524/2005/5961
f 524/2005/5962 1089/2004/5963 1090/2006/5964
f 524/2005/5965 1090/2006/5966 525/2007/5967
f 525/2007/5968 1090/2006/5969 1091/2008/5970
f 525/2007/5971 1091/2008/5972 526/2009/5973
f 526/2009/5974 1091/2008/5975 1092/2010/5976
f 526/2009/5977 1092/2010/5978 527/2011/5979
f 527/2011/5980 1092/2010/5981 1093/2012/5982
f 527/2011/5983 1093/2012/5984 62/2013/5985
f 62/2013/5986 1093/2012/5987 1094/2014/5988
f 62/2013/5989 1094/2014/5990 479/2015/5991
f 479/2015/5992 1094/2014/5993 1095/2016/5994
f 479/2015/5995 1095/2016/5996 480/2017/5997
f 480/2017/5998 1095/2016/5999 481/2018/6000
f 481/2018/6001 1095/2016/6002 1096/2019/6003
f 481/2018/6004 1096/2019/6005 482/2020/6006
f 482/2020/6007 1096/2019/6008 1097/2021/6009
f 482/2020/6010 1097/2021/6011 108/2022/6012
f 108/2022/6013 1097/2021/6014 1098/2023/6015
f 108/2022/6016 1098/2023/6017 474/2024/6018
f 474/2024/6019 1098/2023/6020 1099/2025/6021
f 474/2024/6022 1099/2025/6023 475/2026/6024
f 475/2026/6025 1099/2025/6026 917/2027/6027
f 475/2026/6028 917/2027/6029 767/2028/6030
f 475/2026/6031 767/2028/6032 476/1933/6033
f 476/1933/6034 767/2028/6035 766/2029/6036
f 476/1933/6037 766/2029/6038 765/2030/6039
f 765/2030/6040 764/1931/6041 476/1933/6042
f 1100/1971/6043 1101/2031/6044 448/1969/6045
f 448/1969/6046 1101/2031/6047 449/1979/6048
f 449/1979/6049 1101/2031/6050 1102/2032/6051
f 449/1979/6052 1102/2032/6053 1103/1977/6054
f 1099/2033/6055 1037/2034/6056 917/2035/6057
f 917/2035/6058 1037/2034/6059 1036/2036/6060
f 917/2035/6061 1036/2036/6062 925/2037/6063
f 925/2037/6064 1036/2036/6065 1064/2038/6066
f 1064/2038/6067 1036/2036/6068 1035/2039/6069
f 1064/2038/6070 1035/2039/6071 1065/2040/6072
f 1065/2040/6073 1035/2039/6074 1034/2041/6075
f 1065/2040/6076 1034/2041/6077 1066/2042/6078
f 1066/2042/6079 1034/2041/6080 1033/2043/6081
f 1066/2042/6082 1033/2043/6083 1032/2044/6084
f 1037/2034/6085 1099/2033/6086 1038/2045/6087
f 1038/2045/6088 1099/2033/6089 1098/2046/6090
f 1038/2045/6091 1098/2046/6092 1039/2047/6093
f 1039/2047/6094 1098/2046/6095 1097/2048/6096
f 1039/2047/6097 1097/2048/6098 1040/2049/6099
f 1040/2049/6100 1097/2048/6101 1096/2050/6102
f 1040/2049/6103 1096/2050/6104 1041/2051/6105
f 1041/2051/6106 1096/2050/6107 1095/2052/6108
f 1041/2051/6109 1095/2052/6110 1042/2053/6111
f 1042/2053/6112 1095/2052/6113 1094/2054/6114
f 1042/2053/6115 1094/2054/6116 1043/2055/6117
f 1043/2055/6118 1094/2054/6119 1093/2056/6120
f 1043/2055/6121 1093/2056/6122 1044/2057/6123
f 1044/2057/6124 1093/2056/6125 1092/2058/6126
f 1044/2057/6127 1092/2058/6128 1045/2059/6129
f 1045/2059/6130 1092/2058/6131 1091/2060/6132
f 1045/2059/6133 1091/2060/6134 1046/2061/6135
f 1046/2061/6136 1091/2060/6137 1090/2062/6138
f 1046/2061/6139 1090/2062/6140 1047/2063/6141
f 1047/2063/6142 1090/2062/6143 1089/2064/6144
f 1047/2063/6145 1089/2064/6146 1048/2065/6147
f 1048/2065/6148 1089/2064/6149 1088/2066/6150
f 1048/2065/6151 1088/2066/6152 1049/2067/6153
f 1049/2067/6154 1088/2066/6155 1050/2068/6156
f 1050/2068/6157 1088/2066/6158 1087/2069/6159
f 1050/2068/6160 1087/2069/6161 1051/2070/6162
f 1051/2070/6163 1087/2069/6164 1086/2071/6165
f 1051/2070/6166 1086/2071/6167 1052/2072/6168
f 1052/2072/6169 1086/2071/6170 1085/2073/6171
f 1052/2072/6172 1085/2073/6173 1053/2074/6174
f 1053/2074/6175 1085/2073/6176 1084/2075/6177
f 1053/2074/6178 1084/2075/6179 1054/2076/6180
f 1054/2076/6181 1084/2075/6182 1083/2077/6183
f 1054/2076/6184 1083/2077/6185 1055/2078/6186
f 1055/2078/6187 1083/2077/6188 1082/2079/6189
f 1055/2078/6190 1082/2079/6191 1056/2080/6192
f 1056/2080/6193 1082/2079/6194 1081/2081/6195
f 1056/2080/6196 1081/2081/6197 1057/2082/6198
f 1057/2082/6199 1081/2081/6200 1080/2083/6201
f 1057/2082/6202 1080/2083/6203 1058/2084/6204
f 1058/2084/6205 1080/2083/6206 1079/2085/6207
f 1058/2084/6208 1079/2085/6209 1059/2086/6210
f 1059/2086/6211 1079/2085/6212 1078/2087/6213
f 1059/2086/6214 1078/2087/6215 1060/2088/6216
f 1060/2088/6217 1078/2087/6218 1077/2089/6219
f 1060/2088/6220 1077/2089/6221 1061/2090/6222
f 1061/2090/6223 1077/2089/6224 1076/2091/6225
f 1061/2090/6226 1076/2091/6227 1062/2092/6228
f 1062/2092/6229 1076/2091/6230 1075/2093/6231
f 1062/2092/6232 1075/2093/6233 1063/2094/6234
f 1063/2094/6235 1075/2093/6236 1074/2095/6237
f 1063/2094/6238 1074/2095/6239 1025/2096/6240
f 1025/2096/6241 1074/2095/6242 1073/2097/6243
f 1025/2096/6244 1073/2097/6245 1026/2098/6246
f 1026/2098/6247 1073/2097/6248 1072/2099/6249
f 1026/2098/6250 1072/2099/6251 1027/2100/6252
f 1027/2100/6253 1072/2099/6254 1071/2101/6255
f 1027/2100/6256 1071/2101/6257 1028/2102/6258
f 1028/2102/6259 1071/2101/6260 1070/2103/6261
f 1028/2102/6262 1070/2103/6263 1029/2104/6264
f 1029/2104/6265 1070/2103/6266 1069/2105/6267
f 1029/2104/6268 1069/2105/6269 1030/2106/6270
f 1030/2106/6271 1069/2105/6272 1068/2107/6273
f 1030/2106/6274 1068/2107/6275 1031/2108/6276
f 1031/2108/6277 1068/2107/6278 1067/2109/6279
f 1031/2108/6280 1067/2109/6281 1032/2044/6282
f 1032/2044/6283 1067/2109/6284 1066/2042/6285
f 925/2037/6286 933/2110/6287 917/2035/6288
f 917/2035/6289 933/2110/6290 932/2111/6291
f 917/2035/6292 932/2111/6293 918/2112/6294
f 918/2112/6295 932/2111/6296 931/2113/6297
f 918/2112/6298 931/2113/6299 919/2114/6300
f 919/2114/6301 931/2113/6302 930/2115/6303
f 919/2114/6304 930/2115/6305 920/2116/6306
f 920/2116/6307 930/2115/6308 929/2117/6309
f 920/2116/6310 929/2117/6311 921/2118/6312
f 921/2118/6313 929/2117/6314 928/2119/6315
f 921/2118/6316 928/2119/6317 922/2120/6318
f 922/2120/6319 928/2119/6320 927/2121/6321
f 922/2120/6322 927/2121/6323 923/2122/6324
f 923/2122/6325 927/2121/6326 926/2123/6327
f 923/2122/6328 926/2123/6329 924/2124/6330
f 924/2124/6331 926/2123/6332 978/2125/6333
f 978/2125/6334 926/2123/6335 1001/2126/6336
f 978/2125/6337 1001/2126/6338 979/2127/6339
f 979/2127/6340 1001/2126/6341 1013/2128/6342
f 979/2127/6343 1013/2128/6344 980/2129/6345
f 980/2129/6346 1013/2128/6347 1012/2130/6348
f 980/2129/6349 1012/2130/6350 981/2131/6351
f 981/2131/6352 1012/2130/6353 1011/2132/6354
f 981/2131/6355 1011/2132/6356 982/2133/6357
f 982/2133/6358 1011/2132/6359 1010/2134/6360
f 982/2133/6361 1010/2134/6362 983/2135/6363
f 983/2135/6364 1010/2134/6365 1009/2136/6366
f 983/2135/6367 1009/2136/6368 984/2137/6369
f 984/2137/6370 1009/2136/6371 1008/2138/6372
f 984/2137/6373 1008/2138/6374 1007/2139/6375
f 984/2137/6376 1007/2139/6377 985/2140/6378
f 985/2140/6379 1007/2139/6380 1006/2141/6381
f 985/2140/6382 1006/2141/6383 986/2142/6384
f 986/2142/6385 1006/2141/6386 1005/2143/6387
f 986/2142/6388 1005/2143/6389 987/2144/6390
f 987/2144/6391 1005/2143/6392 1004/2145/6393
f 987/2144/6394 1004/2145/6395 988/2146/6396
f 988/2146/6397 1004/2145/6398 1003/2147/6399
f 988/2146/6400 1003/2147/6401 989/2148/6402
f 989/2148/6403 1003/2147/6404 1002/2149/6405
f 989/2148/6406 1002/2149/6407 977/2150/6408
f 977/2150/6409 1002/2149/6410 953/2151/6411
f 977/2150/6412 953/2151/6413 966/2152/6414
f 966/2152/6415 953/2151/6416 967/2153/6417
f 967/2153/6418 953/2151/6419 952/2154/6420
f 967/2153/6421 952/2154/6422 968/2155/6423
f 968/2155/6424 952/2154/6425 951/2156/6426
f 968/2155/6427 951/2156/6428 969/2157/6429
f 969/2157/6430 951/2156/6431 950/2158/6432
f 969/2157/6433 950/2158/6434 970/2159/6435
f 970/2159/6436 950/2158/6437 949/2160/6438
f 970/2159/6439 949/2160/6440 971/2161/6441
f 971/2161/6442 949/2160/6443 948/2162/6444
f 971/2161/6445 948/2162/6446 972/2163/6447
f 972/2163/6448 948/2162/6449 947/2164/6450
f 972/2163/6451 947/2164/6452 973/2165/6453
f 973/2165/6454 947/2164/6455 946/2166/6456
f 973/2165/6457 946/2166/6458 974/2167/6459
f 974/2167/6460 946/2166/6461 945/2168/6462
f 974/2167/6463 945/2168/6464 975/2169/6465
f 975/2169/6466 945/2168/6467 944/2170/6468
f 975/2169/6469 944/2170/6470 976/2171/6471
f 976/2171/6472 944/2170/6473 943/2172/6474
f 976/2171/6475 943/2172/6476 942/2173/6477
f 942/2173/6478 941/2174/6479 976/2171/6480
f 976/2171/6481 941/2174/6482 1022/2175/6483
f 976/2171/6484 1022/2175/6485 1021/2176/6486
f 941/2174/6487 965/2177/6488 1022/2175/6489
f 1022/2175/6490 965/2177/6491 1023/2178/6492
f 1023/2178/6493 965/2177/6494 1016/2179/6495
f 1023/2178/6496 1016/2179/6497 1024/2180/6498
f 1024/2180/6499 1016/2179/6500 1015/2181/6501
f 1024/2180/6502 1015/2181/6503 1020/2182/6504
f 1020/2182/6505 1015/2181/6506 1014/2183/6507
f 1019/2184/6508 1018/2185/6509 1021/2176/6510
f 1021/2176/6511 1018/2185/6512 1017/2186/6513
f 1021/2176/6514 1017/2186/6515 976/2171/6516
f 1103/2187/6517 1102/2188/6518 1115/2189/6519
f 1115/2189/6520 1102/2188/6521 1114/2190/6522
f 1114/2190/6523 1102/2188/6524 1101/2191/6525
f 1114/2190/6526 1101/2191/6527 1113/2192/6528
f 1113/2192/6529 1101/2191/6530 1100/2193/6531
f 1113/2192/6532 1100/2193/6533 1112/2194/6534
f 1111/2195/6535 1116/2196/6536 848/2197/6537
f 848/2197/6538 1116/2196/6539 849/2198/6540
f 849/2198/6541 1116/2196/6542 1117/2199/6543
f 849/2198/6544 1117/2199/6545 1118/2200/6546
f 1107/2201/6547 1119/2202/6548 1100/2203/6549
f 1100/2203/6550 1119/2202/6551 1112/2204/6552
f 1112/2204/6553 1119/2202/6554 1120/2205/6555
f 1112/2204/6556 1120/2205/6557 1121/2206/6558
f 658/2207/6559 669/2208/6560 659/2209/6561
f 659/2209/6562 669/2208/6563 1122/2210/6564
f 659/2209/6565 1122/2210/6566 1123/2211/6567
f 670/2212/6568 662/2213/6569 1125/2214/6570
f 1125/2214/6571 662/2213/6572 661/2215/6573
f 1125/2214/6574 661/2215/6575 1124/2216/6576
f 1124/2216/6577 661/2215/6578 660/2217/6579
f 1124/2216/6580 660/2217/6581 1123/2218/6582
f 1123/2218/6583 660/2217/6584 659/2219/6585
f 1174/2220/6586 671/2221/6587 1160/2222/6588
f 1160/2222/6589 671/2221/6590 670/2223/6591
f 1160/2222/6592 670/2223/6593 1159/2224/6594
f 1159/2224/6595 670/2223/6596 1125/2225/6597
f 1159/2224/6598 1125/2225/6599 1158/2226/6600
f 1158/2226/6601 1125/2225/6602 1124/2227/6603
f 1158/2226/6604 1124/2227/6605 1157/2228/6606
f 1157/2228/6607 1124/2227/6608 1123/2229/6609
f 1157/2228/6610 1123/2229/6611 1122/2230/6612
f 1122/2230/6613 1126/2231/6614 1157/2228/6615
f 1157/2228/6616 1126/2231/6617 1156/2232/6618
f 1156/2232/6619 1126/2231/6620 1127/2233/6621
f 1156/2232/6622 1127/2233/6623 1155/2234/6624
f 1155/2234/6625 1127/2233/6626 1128/2235/6627
f 1155/2234/6628 1128/2235/6629 1154/2236/6630
f 1154/2236/6631 1128/2235/6632 1153/2237/6633
f 1153/2237/6634 1128/2235/6635 1129/2238/6636
f 1153/2237/6637 1129/2238/6638 1152/2239/6639
f 1152/2239/6640 1129/2238/6641 1130/2240/6642
f 1152/2239/6643 1130/2240/6644 1151/2241/6645
f 1151/2241/6646 1130/2240/6647 699/2242/6648
f 1151/2241/6649 699/2242/6650 698/2243/6651
f 698/2243/6652 1131/2244/6653 1151/2241/6654
f 1151/2241/6655 1131/2244/6656 1150/2245/6657
f 1150/2245/6658 1131/2244/6659 1132/2246/6660
f 1150/2245/6661 1132/2246/6662 1149/2247/6663
f 1149/2247/6664 1132/2246/6665 1133/2248/6666
f 1149/2247/6667 1133/2248/6668 1148/2249/6669
f 1148/2249/6670 1133/2248/6671 1134/2250/6672
f 1148/2249/6673 1134/2250/6674 1135/2251/6675
f 1148/2249/6676 1135/2251/6677 1147/2252/6678
f 1147/2252/6679 1135/2251/6680 1136/2253/6681
f 1147/2252/6682 1136/2253/6683 1146/2254/6684
f 1146/2254/6685 1136/2253/6686 1137/2255/6687
f 1146/2254/6688 1137/2255/6689 1145/2256/6690
f 1145/2256/6691 1137/2255/6692 1138/2257/6693
f 1145/2256/6694 1138/2257/6695 1144/2258/6696
f 1144/2258/6697 1138/2257/6698 685/2259/6699
f 1144/2258/6700 685/2259/6701 684/2260/6702
f 1144/2258/6703 684/2260/6704 1143/2261/6705
f 1143/2261/6706 684/2260/6707 1139/2262/6708
f 1143/2261/6709 1139/2262/6710 1140/2263/6711
f 1141/2264/6712 1142/2265/6713 1140/2263/6714
f 1140/2263/6715 1142/2265/6716 1143/2261/6717
f 1160/2222/6718 1161/2266/6719 1174/2220/6720
f 1174/2220/6721 1161/2266/6722 1173/2267/6723
f 1173/2267/6724 1161/2266/6725 1162/2268/6726
f 1173/2267/6727 1162/2268/6728 1172/2269/6729
f 1172/2269/6730 1162/2268/6731 1163/2270/6732
f 1172/2269/6733 1163/2270/6734 1171/2271/6735
f 1171/2271/6736 1163/2270/6737 1164/2272/6738
f 1171/2271/6739 1164/2272/6740 1170/2273/6741
f 1170/2273/6742 1164/2272/6743 1169/2274/6744
f 1169/2274/6745 1164/2272/6746 1165/2275/6747
f 1169/2274/6748 1165/2275/6749 1168/2276/6750
f 1168/2276/6751 1165/2275/6752 1167/2277/6753
f 1167/2277/6754 1165/2275/6755 1166/2278/6756
f 1167/2277/6757 1166/2278/6758 656/2279/6759
f 672/2280/6760 683/2281/6761 673/2282/6762
f 673/2282/6763 683/2281/6764 1175/2283/6765
f 673/2282/6766 1175/2283/6767 1141/2284/6768
f 684/2285/6769 676/2286/6770 1139/2287/6771
f 1139/2287/6772 676/2286/6773 675/2288/6774
f 1139/2287/6775 675/2288/6776 1140/2289/6777
f 1140/2289/6778 675/2288/6779 674/2290/6780
f 1140/2289/6781 674/2290/6782 1141/2291/6783
f 1141/2291/6784 674/2290/6785 673/2292/6786
f 686/2293/6787 697/2294/6788 687/2295/6789
f 687/2295/6790 697/2294/6791 1134/2296/6792
f 687/2295/6793 1134/2296/6794 1133/2297/6795
f 690/2298/6796 689/2299/6797 698/2300/6798
f 698/2300/6799 689/2299/6800 1131/2301/6801
f 1131/2301/6802 689/2299/6803 688/2302/6804
f 1131/2301/6805 688/2302/6806 1132/2303/6807
f 1132/2303/6808 688/2302/6809 687/2304/6810
f 1132/2303/6811 687/2304/6812 1133/2305/6813
f 644/2306/6814 655/2307/6815 645/2308/6816
f 645/2308/6817 655/2307/6818 1170/2309/6819
f 645/2308/6820 1170/2309/6821 1169/2310/6822
f 648/2311/6823 647/2312/6824 656/2313/6825
f 656/2313/6826 647/2312/6827 1167/2314/6828
f 1167/2314/6829 647/2312/6830 646/2315/6831
f 1167/2314/6832 646/2315/6833 1168/2316/6834
f 1168/2316/6835 646/2315/6836 645/2317/6837
f 1168/2316/6838 645/2317/6839 1169/2318/6840
f 1176/2319/6841 1115/2320/6842 1178/2321/6843
f 1178/2321/6844 1115/2320/6845 1114/2322/6846
f 1178/2321/6847 1114/2322/6848 1177/2323/6849
f 1177/2323/6850 1114/2322/6851 1113/2324/6852
f 1177/2323/6853 1113/2324/6854 1121/2325/6855
f 1121/2325/6856 1113/2324/6857 1112/2326/6858
f 1179/2327/6859 852/2328/6860 1181/2329/6861
f 1181/2329/6862 852/2328/6863 851/2330/6864
f 1181/2329/6865 851/2330/6866 1180/2331/6867
f 1180/2331/6868 851/2330/6869 850/2332/6870
f 1180/2331/6871 850/2332/6872 1118/2333/6873
f 1118/2333/6874 850/2332/6875 849/2334/6876
f 1117/2335/6877 1116/2336/6878 1187/2337/6879
f 1187/2337/6880 1116/2336/6881 1182/2338/6882
f 1187/2337/6883 1182/2338/6884 1186/2339/6885
f 1186/2339/6886 1182/2338/6887 1183/2340/6888
f 1186/2339/6889 1183/2340/6890 1185/2341/6891
f 1185/2341/6892 1183/2340/6893 1184/2342/6894
f 1111/2343/6895 1110/2344/6896 1116/2345/6897
f 1116/2345/6898 1110/2344/6899 1182/2346/6900
f 1182/2346/6901 1110/2344/6902 1109/2347/6903
f 1182/2346/6904 1109/2347/6905 1183/2348/6906
f 1183/2348/6907 1109/2347/6908 1108/2349/6909
f 1183/2348/6910 1108/2349/6911 1184/2350/6912
f 1120/2351/6913 1119/2352/6914 1193/2353/6915
f 1193/2353/6916 1119/2352/6917 1188/2354/6918
f 1193/2353/6919 1188/2354/6920 1192/2355/6921
f 1192/2355/6922 1188/2354/6923 1189/2356/6924
f 1192/2355/6925 1189/2356/6926 1191/2357/6927
f 1191/2357/6928 1189/2356/6929 1190/2358/6930
f 1119/2359/6931 1107/2360/6932 1188/2361/6933
f 1188/2361/6934 1107/2360/6935 1106/2362/6936
f 1188/2361/6937 1106/2362/6938 1189/2363/6939
f 1189/2363/6940 1106/2362/6941 1105/2364/6942
f 1189/2363/6943 1105/2364/6944 1190/2365/6945
f 1190/2365/6946 1105/2364/6947 1104/2366/6948
f 1103/2367/6949 1115/2368/6950 1104/2369/6951
f 1104/2369/6952 1115/2368/6953 1190/2370/6954
f 1190/2370/6955 1115/2368/6956 1191/2371/6957
f 1191/2371/6958 1115/2368/6959 1176/2372/6960
f 845/2373/6961 852/2374/6962 1108/2375/6963
f 1108/2375/6964 852/2374/6965 1184/2376/6966
f 1184/2376/6967 852/2374/6968 1185/2377/6969
f 1185/2377/6970 852/2374/6971 1179/2378/6972
f 1194/2379/6973 1195/2380/6974 1142/2381/6975
f 1142/2381/6976 1195/2380/6977 1143/2382/6978
f 1143/2382/6979 1195/2380/6980 1196/2383/6981
f 1143/2382/6982 1196/2383/6983 1144/2384/6984
f 1144/2384/6985 1196/2383/6986 1197/2385/6987
f 1144/2384/6988 1197/2385/6989 1145/2386/6990
f 1145/2386/6991 1197/2385/6992 1198/2387/6993
f 1145/2386/6994 1198/2387/6995 1146/2388/6996
f 1146/2388/6997 1198/2387/6998 1199/2389/6999
f 1146/2388/7000 1199/2389/7001 1147/2390/7002
f 1147/2390/7003 1199/2389/7004 1200/2391/7005
f 1147/2390/7006 1200/2391/7007 1148/2392/7008
f 1148/2392/7009 1200/2391/7010 1201/2393/7011
f 1148/2392/7012 1201/2393/7013 1149/2394/7014
f 1149/2394/7015 1201/2393/7016 1202/2395/7017
f 1149/2394/7018 1202/2395/7019 1150/2396/7020
f 1150/2396/7021 1202/2395/7022 1203/2397/7023
f 1150/2396/7024 1203/2397/7025 1151/2398/7026
f 1151/2398/7027 1203/2397/7028 1204/2399/7029
f 1151/2398/7030 1204/2399/7031 1152/2400/7032
f 1152/2400/7033 1204/2399/7034 1205/2401/7035
f 1152/2400/7036 1205/2401/7037 1153/2402/7038
f 1153/2402/7039 1205/2401/7040 1206/2403/7041
f 1153/2402/7042 1206/2403/7043 1154/2404/7044
f 1154/2404/7045 1206/2403/7046 1207/2405/7047
f 1154/2404/7048 1207/2405/7049 1155/2406/7050
f 1155/2406/7051 1207/2405/7052 1208/2407/7053
f 1155/2406/7054 1208/2407/7055 1156/2408/7056
f 1156/2408/7057 1208/2407/7058 1209/2409/7059
f 1156/2408/7060 1209/2409/7061 1157/2410/7062
f 1157/2410/7063 1209/2409/7064 1210/2411/7065
f 1157/2410/7066 1210/2411/7067 1158/2412/7068
f 1158/2412/7069 1210/2411/7070 1211/2413/7071
f 1158/2412/7072 1211/2413/7073 1159/2414/7074
f 1159/2414/7075 1211/2413/7076 1212/2415/7077
f 1159/2414/7078 1212/2415/7079 1160/2416/7080
f 1160/2416/7081 1212/2415/7082 1213/2417/7083
f 1160/2416/7084 1213/2417/7085 1161/2418/7086
f 1161/2418/7087 1213/2417/7088 1214/2419/7089
f 1161/2418/7090 1214/2419/7091 1162/2420/7092
f 1162/2420/7093 1214/2419/7094 1215/2421/7095
f 1162/2420/7096 1215/2421/7097 1163/2422/7098
f 1163/2422/7099 1215/2421/7100 1216/2423/7101
f 1163/2422/7102 1216/2423/7103 1164/2424/7104
f 1164/2424/7105 1216/2423/7106 1217/2425/7107
f 1164/2424/7108 1217/2425/7109 1218/2426/7110
f 1164/2424/7111 1218/2426/7112 1165/2427/7113
f 1165/2427/7114 1218/2426/7115 1219/2428/7116
f 1165/2427/7117 1219/2428/7118 1166/2429/7119
f 1142/2430/7120 1141/2431/7121 1194/2432/7122
f 1194/2432/7123 1141/2431/7124 1220/2433/7125
f 1220/2433/7126 1141/2431/7127 1175/2434/7128
f 1120/2435/7129 1203/2436/7130 1121/2437/7131
f 1121/2437/7132 1203/2436/7133 1229/2438/7134
f 1121/2437/7135 1229/2438/7136 1177/2439/7137
f 1177/2439/7138 1229/2438/7139 1230/2440/7140
f 1177/2439/7141 1230/2440/7142 1178/2441/7143
f 1178/2441/7144 1230/2440/7145 1176/2442/7146
f 1176/2442/7147 1230/2440/7148 1204/2443/7149
f 1176/2442/7150 1204/2443/7151 1191/2444/7152
f 1191/2444/7153 1204/2443/7154 1192/2445/7155
f 1192/2445/7156 1204/2443/7157 1193/2446/7158
f 1193/2446/7159 1204/2443/7160 1203/2436/7161
f 1193/2446/7162 1203/2436/7163 1120/2435/7164
f 1180/2447/7165 1118/2448/7166 1235/2449/7167
f 1235/2449/7168 1118/2448/7169 1117/2450/7170
f 1235/2449/7171 1117/2450/7172 1209/2451/7173
f 1209/2451/7174 1117/2450/7175 1187/2452/7176
f 1209/2451/7177 1187/2452/7178 1186/2453/7179
f 1209/2451/7180 1186/2453/7181 1210/2454/7182
f 1210/2454/7183 1186/2453/7184 1185/2455/7185
f 1210/2454/7186 1185/2455/7187 1179/2456/7188
f 1210/2454/7189 1179/2456/7190 1236/2457/7191
f 1236/2457/7192 1179/2456/7193 1181/2458/7194
f 1236/2457/7195 1181/2458/7196 1235/2449/7197
f 1235/2449/7198 1181/2458/7199 1180/2447/7200
f 1220/2459/7201 1221/2460/7202 1194/2461/7203
f 1194/2461/7204 1221/2460/7205 1195/2462/7206
f 1195/2462/7207 1221/2460/7208 1222/2463/7209
f 1195/2462/7210 1222/2463/7211 1196/2464/7212
f 1196/2464/7213 1222/2463/7214 1223/2465/7215
f 1196/2464/7216 1223/2465/7217 1197/2466/7218
f 1197/2466/7219 1223/2465/7220 1224/2467/7221
f 1197/2466/7222 1224/2467/7223 1198/2468/7224
f 1198/2468/7225 1224/2467/7226 1225/2469/7227
f 1198/2468/7228 1225/2469/7229 1199/2470/7230
f 1199/2471/7231 1225/2472/7232 1226/2473/7233
f 1199/2471/7234 1226/2473/7235 1200/2474/7236
f 1200/2474/7237 1226/2473/7238 1227/2475/7239
f 1200/2474/7240 1227/2475/7241 1201/2476/7242
f 1201/2476/7243 1227/2475/7244 1228/2477/7245
f 1201/2476/7246 1228/2477/7247 1202/2478/7248
f 1202/2478/7249 1228/2477/7250 1229/2438/7251
f 1202/2478/7252 1229/2438/7253 1203/2436/7254
f 1230/2440/7255 1231/2479/7256 1204/2443/7257
f 1204/2443/7258 1231/2479/7259 1205/2480/7260
f 1205/2480/7261 1231/2479/7262 1232/2481/7263
f 1205/2480/7264 1232/2481/7265 1206/2482/7266
f 1206/2482/7267 1232/2481/7268 1233/2483/7269
f 1206/2482/7270 1233/2483/7271 1207/2484/7272
f 1207/2484/7273 1233/2483/7274 1234/2485/7275
f 1207/2484/7276 1234/2485/7277 1208/2486/7278
f 1208/2486/7279 1234/2485/7280 1235/2449/7281
f 1208/2486/7282 1235/2449/7283 1209/2451/7284
f 1236/2457/7285 1237/2487/7286 1210/2454/7287
f 1210/2454/7288 1237/2487/7289 1211/2488/7290
f 1211/2488/7291 1237/2487/7292 1238/2489/7293
f 1211/2488/7294 1238/2489/7295 1212/2490/7296
f 1212/2490/7297 1238/2489/7298 1239/2491/7299
f 1212/2490/7300 1239/2491/7301 1213/2492/7302
f 1213/2492/7303 1239/2491/7304 1240/2493/7305
f 1213/2492/7306 1240/2493/7307 1214/2494/7308
f 1214/2494/7309 1240/2493/7310 1241/2495/7311
f 1214/2494/7312 1241/2495/7313 1215/2496/7314
f 1215/2496/7315 1241/2495/7316 1242/2497/7317
f 1215/2496/7318 1242/2497/7319 1216/2498/7320
f 1216/2498/7321 1242/2497/7322 1243/2499/7323
f 1216/2498/7324 1243/2499/7325 1217/2500/7326
f 1217/2500/7327 1243/2499/7328 1244/2501/7329
f 1217/2500/7330 1244/2501/7331 1218/2502/7332
f 1218/2502/7333 1244/2501/7334 1245/2503/7335
f 1218/2502/7336 1245/2503/7337 1219/2504/7338
f 1166/2505/7339 1219/2506/7340 656/2507/7341
f 656/2507/7342 1219/2506/7343 1245/2508/7344
f 656/2507/7345 1245/2508/7346 657/2509/7347
f 1245/2510/7348 1244/2511/7349 657/2512/7350
f 657/2512/7351 1244/2511/7352 653/2513/7353
f 657/2512/7354 653/2513/7355 652/2514/7356
f 1243/2515/7357 1170/2516/7358 1244/2511/7359
f 1244/2511/7360 1170/2516/7361 654/2517/7362
f 1244/2511/7363 654/2517/7364 653/2513/7365
f 1170/2516/7366 1243/2515/7367 1171/2518/7368
f 1171/2518/7369 1243/2515/7370 1242/2519/7371
f 1171/2518/7372 1242/2519/7373 1172/2520/7374
f 1172/2520/7375 1242/2519/7376 1241/2521/7377
f 1172/2520/7378 1241/2521/7379 1173/2522/7380
f 1173/2522/7381 1241/2521/7382 1240/2523/7383
f 1173/2522/7384 1240/2523/7385 1174/2524/7386
f 1174/2524/7387 1240/2523/7388 1239/2525/7389
f 1174/2524/7390 1239/2525/7391 671/2526/7392
f 671/2526/7393 1239/2525/7394 1238/2527/7395
f 671/2526/7396 1238/2527/7397 667/2528/7398
f 667/2528/7399 1238/2527/7400 1237/2529/7401
f 667/2528/7402 1237/2529/7403 668/2530/7404
f 668/2530/7405 1237/2529/7406 1122/2531/7407
f 668/2530/7408 1122/2531/7409 669/2532/7410
f 1237/2529/7411 1236/2533/7412 1122/2531/7413
f 1122/2531/7414 1236/2533/7415 1235/2534/7416
f 1122/2531/7417 1235/2534/7418 1126/2535/7419
f 1126/2535/7420 1235/2534/7421 1234/2536/7422
f 1126/2535/7423 1234/2536/7424 1127/2537/7425
f 1127/2537/7426 1234/2536/7427 1233/2538/7428
f 1127/2537/7429 1233/2538/7430 1128/2539/7431
f 1128/2539/7432 1233/2538/7433 1232/2540/7434
f 1128/2539/7435 1232/2540/7436 1129/2541/7437
f 1129/2541/7438 1232/2540/7439 1231/2542/7440
f 1129/2541/7441 1231/2542/7442 1130/2543/7443
f 1130/2543/7444 1231/2542/7445 1230/2544/7446
f 1130/2543/7447 1230/2544/7448 699/2545/7449
f 699/2545/7450 1230/2544/7451 1229/2546/7452
f 699/2545/7453 1229/2546/7454 695/2547/7455
f 695/2547/7456 1229/2546/7457 1228/2548/7458
f 695/2547/7459 1228/2548/7460 696/2549/7461
f 696/2549/7462 1228/2548/7463 1227/2550/7464
f 696/2549/7465 1227/2550/7466 1134/2551/7467
f 1134/2551/7468 1227/2550/7469 1226/2552/7470
f 1134/2551/7471 1226/2552/7472 1135/2553/7473
f 1135/2553/7474 1226/2552/7475 1225/2554/7476
f 1135/2553/7477 1225/2554/7478 1136/2555/7479
f 1136/2555/7480 1225/2554/7481 1224/2556/7482
f 1136/2555/7483 1224/2556/7484 1137/2557/7485
f 1137/2557/7486 1224/2556/7487 1223/2558/7488
f 1137/2557/7489 1223/2558/7490 1138/2559/7491
f 1138/2559/7492 1223/2558/7493 1222/2560/7494
f 1138/2559/7495 1222/2560/7496 685/2561/7497
f 685/2561/7498 1222/2560/7499 1221/2562/7500
f 685/2561/7501 1221/2562/7502 681/2563/7503
f 681/2563/7504 1221/2562/7505 682/2564/7506
f 682/2564/7507 1221/2562/7508 1175/2565/7509
f 682/2564/7510 1175/2565/7511 683/2566/7512
f 1221/2562/7513 1220/2567/7514 1175/2565/7515
f 681/2563/7516 680/2568/7517 685/2561/7518
f 1134/2551/7519 697/2569/7520 696/2549/7521
f 695/2547/7522 694/2570/7523 699/2545/7524
f 667/2528/7525 666/2571/7526 671/2526/7527
f 1170/2516/7528 655/2572/7529 654/2517/7530
