# WaveFront *.obj file (generated by Autodesk ATF)

mtllib Finger Mount v40.mtl

g Body22

v -1.280574 -0.344173 0.999995
v -1.254953 -0.439791 0.900000
v -1.182382 -0.420346 0.900000
v -1.109810 -0.400900 0.900000
v -1.135398 -0.305406 0.999994
v -1.207987 -0.324786 0.999994
v -1.108968 -0.305406 1.163280
v -1.059182 -0.305406 1.321022
v -0.987089 -0.305406 1.469896
v -1.112386 -0.344173 1.542236
v -1.195192 -0.344173 1.370517
v -1.251669 -0.344173 1.188433
v -0.831253 -0.828960 0.999987
v -0.902095 -0.760674 0.900000
v -0.955221 -0.813800 0.900000
v -1.008347 -0.866926 0.900000
v -0.937648 -0.935708 0.999991
v -0.884443 -0.882341 0.999989
v -0.934418 -0.930112 1.048686
v -0.929927 -0.922334 1.096980
v -0.924188 -0.912395 1.144743
v -0.820740 -0.810751 1.107297
v -0.825058 -0.818230 1.071859
v -0.828565 -0.824304 1.036064
v -0.344173 1.280574 0.999995
v -0.439791 1.254953 0.900000
v -0.420346 1.182382 0.900000
v -0.400900 1.109810 0.900000
v -0.305406 1.135398 0.999994
v -0.324786 1.207987 0.999994
v -0.305406 1.105797 1.176298
v -0.305406 1.048992 1.345806
v -0.305406 0.966381 1.504346
v -0.305406 0.859997 1.648019
v -0.305406 0.732456 1.773290
v -0.305406 0.586896 1.877077
v -0.305406 0.426898 1.956828
v -0.305406 0.256398 2.010580
v -0.344173 0.288943 2.151551
v -0.344173 0.482562 2.090380
v -0.344173 0.664121 1.999460
v -0.344173 0.829084 1.881065
v -0.344173 0.973328 1.738154
v -0.344173 1.093249 1.574297
v -0.344173 1.185849 1.393590
v -0.344173 1.248816 1.200548
v -1.135398 0.305406 0.999994
v -1.109810 0.400900 0.900000
v -1.182382 0.420346 0.900000
v -1.254953 0.439791 0.900000
v -1.280574 0.344173 0.999995
v -1.207987 0.324786 0.999994
v -1.251669 0.344173 1.188433
v -1.195192 0.344173 1.370517
v -1.112386 0.344173 1.542236
v -0.987089 0.305406 1.469896
v -1.059182 0.305406 1.321022
v -1.108968 0.305406 1.163280
v 1.280019 -0.341602 0.999991
v 1.306717 -0.246606 0.900000
v 1.234146 -0.227161 0.900000
v 1.161574 -0.207715 0.900000
v 1.134558 -0.302384 0.999988
v 1.207286 -0.322002 0.999990
v 1.110408 -0.288441 1.134892
v 1.067267 -0.263534 1.263326
v 1.006324 -0.228348 1.381752
v 0.929257 -0.183854 1.486908
v 1.037239 -0.201433 1.589212
v 1.129936 -0.254951 1.462151
v 1.202598 -0.296903 1.318757
v 1.253115 -0.326069 1.163198
v 0.305406 1.135398 0.999994
v 0.400900 1.109810 0.900000
v 0.420346 1.182382 0.900000
v 0.439791 1.254953 0.900000
v 0.344173 1.280574 0.999995
v 0.324786 1.207987 0.999994
v 0.344173 1.248816 1.200548
v 0.344173 1.185849 1.393590
v 0.344173 1.093249 1.574297
v 0.344173 0.973328 1.738154
v 0.344173 0.829084 1.881065
v 0.344173 0.664121 1.999460
v 0.344173 0.482562 2.090380
v 0.344173 0.288943 2.151551
v 0.305406 0.256398 2.010580
v 0.305406 0.426898 1.956828
v 0.305406 0.586896 1.877077
v 0.305406 0.732456 1.773290
v 0.305406 0.859997 1.648019
v 0.305406 0.966381 1.504346
v 0.305406 1.048992 1.345806
v 0.305406 1.105797 1.176298
v -0.341523 -1.279881 0.999991
v -0.246606 -1.306717 0.900000
v -0.227161 -1.234146 0.900000
v -0.207715 -1.161574 0.900000
v -0.302274 -1.134366 0.999987
v -0.321908 -1.207121 0.999989
v -0.299585 -1.129710 1.036064
v -0.296079 -1.123636 1.071859
v -0.291761 -1.116158 1.107297
v -0.328063 -1.256568 1.144743
v -0.333801 -1.266508 1.096980
v -0.338292 -1.274286 1.048686
v 0.829151 -0.831364 0.999988
v 0.760674 -0.902095 0.900000
v 0.813800 -0.955221 0.900000
v 0.866926 -1.008347 0.900000
v 0.935845 -0.937728 0.999991
v 0.882505 -0.884539 0.999990
v 0.908942 -0.922195 1.163198
v 0.858425 -0.893029 1.318757
v 0.785762 -0.851077 1.462151
v 0.693065 -0.797559 1.589212
v 0.623851 -0.712833 1.486908
v 0.700918 -0.757328 1.381752
v 0.761861 -0.792513 1.263326
v 0.805001 -0.817421 1.134892
v 0.623071 -0.007077 1.840461
v 0.526327 -0.064026 1.926574
v 0.634654 -0.081661 2.029205
v 0.731052 -0.024656 1.942765
v 0.467276 -0.189460 1.938152
v 0.397716 -0.309943 1.938152
v 0.318611 -0.423799 1.926574
v 0.388048 -0.508796 2.029205
v 0.482589 -0.374033 2.043699
v 0.565216 -0.230918 2.043699
v 0.515274 -0.512572 1.717010
v 0.539829 -0.522601 1.691542
v 0.568446 -0.526592 1.667087
v 0.599288 -0.523764 1.645309
v 0.630006 -0.514665 1.627253
v 0.660157 -0.499340 1.612776
v 0.689235 -0.477705 1.601847
v 0.714928 -0.450713 1.595288
v 0.735667 -0.420452 1.593116
v 0.751289 -0.387218 1.595219
v 0.761610 -0.351376 1.601685
v 0.765657 -0.315308 1.612481
v 0.763780 -0.281478 1.626794
v 0.756280 -0.250221 1.644693
v 0.743319 -0.221988 1.666328
v 0.725574 -0.199117 1.690687
v 0.704621 -0.182832 1.716120
v 0.680781 -0.173256 1.742409
v 0.654216 -0.170547 1.769214
v 0.626494 -0.175292 1.794555
v 0.599337 -0.186537 1.816676
v 0.572758 -0.203943 1.835219
v 0.546780 -0.227348 1.849747
v 0.523082 -0.255464 1.858729
v 0.502966 -0.286102 1.861817
v 0.486558 -0.318865 1.858986
v 0.474127 -0.353515 1.850231
v 0.466954 -0.387798 1.835865
v 0.465318 -0.419583 1.817418
v 0.469337 -0.448739 1.795362
v 0.479262 -0.475102 1.770067
v 0.495014 -0.496727 1.743290
v 0.872005 -0.325604 1.508200
v 0.801176 -0.462559 1.515339
v 0.717984 -0.592376 1.508200
v 0.317665 -0.536057 1.840461
v 0.386879 -0.620782 1.942765
v 0.799147 -0.661811 1.613207
v 0.892899 -0.515516 1.621252
v 0.972719 -0.361176 1.613207
v 0.573827 -0.380648 1.964039
v 0.592365 -0.343092 1.967733
v 0.615824 -0.308361 1.963878
v 0.643824 -0.277420 1.952454
v 0.674261 -0.253211 1.934347
v 0.705060 -0.237129 1.911564
v 0.736980 -0.229093 1.884045
v 0.767915 -0.230487 1.853854
v 0.795452 -0.240929 1.823830
v 0.819090 -0.260033 1.794762
v 0.838107 -0.287478 1.767274
v 0.850479 -0.321087 1.743648
v 0.855546 -0.357876 1.725017
v 0.853135 -0.398266 1.710762
v 0.842631 -0.439308 1.701985
v 0.825066 -0.477442 1.699034
v 0.800970 -0.511789 1.701757
v 0.778673 -0.534695 1.707693
v 0.753936 -0.553698 1.716899
v 0.728172 -0.568150 1.728866
v 0.702293 -0.577862 1.743256
v 0.675718 -0.583172 1.760584
v 0.649807 -0.583583 1.780340
v 0.625930 -0.579006 1.801731
v 0.605178 -0.570076 1.823622
v 0.587542 -0.556843 1.846059
v 0.573003 -0.539241 1.869025
v 0.562550 -0.517834 1.891259
v 0.556486 -0.493681 1.911619
v 0.554699 -0.467996 1.929175
v 0.557035 -0.440017 1.944261
v 0.563475 -0.410450 1.956182
v 0.344173 -0.198242 2.264027
v 0.246606 -0.290675 2.308197
v 0.207715 -0.323325 2.166774
v 0.305406 -0.230788 2.123055
v 0.190000 -0.030332 2.102240
v 0.186395 0.005434 2.094586
v 0.175514 0.041080 2.088083
v 0.157612 0.074050 2.083088
v 0.134351 0.102311 2.079543
v 0.106018 0.125627 2.077132
v 0.072768 0.143640 2.075572
v 0.036572 0.154618 2.074746
v 0.000000 0.158262 2.074501
v -0.036572 0.154618 2.074746
v -0.072768 0.143640 2.075572
v -0.106018 0.125627 2.077132
v -0.134351 0.102311 2.079543
v -0.157612 0.074050 2.083088
v -0.175514 0.041080 2.088083
v -0.186395 0.005434 2.094586
v -0.190000 -0.030332 2.102240
v -0.186395 -0.065834 2.111040
v -0.175514 -0.100723 2.120821
v -0.157612 -0.132546 2.130785
v -0.134351 -0.159501 2.139987
v -0.106018 -0.181514 2.148041
v -0.072768 -0.198388 2.154535
v -0.036572 -0.208617 2.158606
v 0.000000 -0.211999 2.159983
v 0.036572 -0.208617 2.158606
v 0.072768 -0.198388 2.154535
v 0.106018 -0.181514 2.148041
v 0.134351 -0.159501 2.139987
v 0.157612 -0.132546 2.130785
v 0.175514 -0.100723 2.120821
v 0.186395 -0.065834 2.111040
v 0.069561 -0.319641 2.182728
v -0.069561 -0.319641 2.182728
v -0.207715 -0.323325 2.166774
v -0.305406 -0.230788 2.123055
v -0.154021 0.263171 2.039920
v 0.000000 0.265442 2.049757
v 0.154021 0.263171 2.039920
v 0.082627 -0.286064 2.328168
v -0.082627 -0.286064 2.328168
v -0.246606 -0.290675 2.308197
v -0.344173 -0.198242 2.264027
v -0.862386 0.344173 1.975249
v -0.831650 0.246606 2.072974
v -0.705953 0.207715 2.000402
v -0.737089 0.305406 1.902909
v -0.858576 0.190000 1.742109
v -0.877371 0.186395 1.710731
v -0.896926 0.175514 1.680227
v -0.915758 0.157612 1.652707
v -0.932439 0.134351 1.629621
v -0.946577 0.106018 1.610924
v -0.957721 0.072768 1.596686
v -0.964604 0.036572 1.588095
v -0.966910 -0.000000 1.585263
v -0.964604 -0.036572 1.588095
v -0.957721 -0.072768 1.596686
v -0.946577 -0.106018 1.610924
v -0.932439 -0.134351 1.629621
v -0.915758 -0.157612 1.652707
v -0.896926 -0.175514 1.680227
v -0.877371 -0.186395 1.710731
v -0.858576 -0.190000 1.742109
v -0.840799 -0.186395 1.774075
v -0.824159 -0.175514 1.806263
v -0.809743 -0.157612 1.836332
v -0.798090 -0.134351 1.862321
v -0.788967 -0.106018 1.883913
v -0.782209 -0.072768 1.900683
v -0.778210 -0.036572 1.910940
v -0.776910 -0.000000 1.914352
v -0.778210 0.036572 1.910940
v -0.782209 0.072768 1.900683
v -0.788967 0.106018 1.883913
v -0.798090 0.134351 1.862321
v -0.809743 0.157612 1.836332
v -0.824159 0.175514 1.806263
v -0.840799 0.186395 1.774075
v -0.720133 0.069561 2.008589
v -0.720133 -0.069561 2.008589
v -0.705953 -0.207715 2.000402
v -0.737089 -0.305406 1.902909
v -1.013167 -0.154021 1.484952
v -1.021910 -0.000000 1.490000
v -1.013167 0.154021 1.484952
v -0.849401 0.082627 2.083222
v -0.849401 -0.082627 2.083222
v -0.831650 -0.246606 2.072974
v -0.862386 -0.344173 1.975249
v -0.227056 -1.004086 1.590260
v -0.309238 -0.951046 1.692490
v -0.345656 -1.091906 1.730056
v -0.263358 -1.144496 1.627706
v -0.436791 -0.895666 1.696728
v -0.557274 -0.826105 1.696728
v -0.669011 -0.743331 1.692490
v -0.772791 -0.845300 1.730056
v -0.640680 -0.944436 1.735361
v -0.497565 -1.027063 1.735361
v -0.695452 -0.820753 1.403416
v -0.697342 -0.831256 1.368246
v -0.693404 -0.846245 1.333734
v -0.683423 -0.864820 1.302302
v -0.668345 -0.885270 1.275712
v -0.648229 -0.907113 1.254017
v -0.622998 -0.929912 1.237390
v -0.593896 -0.951892 1.227304
v -0.562997 -0.971529 1.223955
v -0.530609 -0.988575 1.227270
v -0.497072 -1.002897 1.237341
v -0.464756 -1.013439 1.253985
v -0.435827 -1.020004 1.275726
v -0.410644 -1.022876 1.302366
v -0.389637 -1.022254 1.333847
v -0.374740 -1.018179 1.368392
v -0.366609 -1.011293 1.403574
v -0.365272 -1.001782 1.439056
v -0.370798 -0.989625 1.474461
v -0.383195 -0.975334 1.507245
v -0.401042 -0.959754 1.535370
v -0.423945 -0.942756 1.558587
v -0.451630 -0.924192 1.576516
v -0.482358 -0.905002 1.587420
v -0.513821 -0.886355 1.591007
v -0.545662 -0.868348 1.587329
v -0.577586 -0.851256 1.576352
v -0.607451 -0.836483 1.558387
v -0.633585 -0.825063 1.535170
v -0.655992 -0.817307 1.507057
v -0.674573 -0.813630 1.474288
v -0.687877 -0.814862 1.438894
v -0.437408 -1.065654 1.115091
v -0.575669 -0.997089 1.117704
v -0.704180 -0.911633 1.115091
v -0.756036 -0.698679 1.590260
v -0.859484 -0.800323 1.627706
v -0.792832 -1.026083 1.153526
v -0.648009 -1.122385 1.156470
v -0.492197 -1.199654 1.153526
v -0.566651 -1.023053 1.628704
v -0.537473 -1.040861 1.621822
v -0.509996 -1.058707 1.608625
v -0.485866 -1.075723 1.589879
v -0.466259 -1.091215 1.567060
v -0.450852 -1.105729 1.539728
v -0.440466 -1.118924 1.508699
v -0.436082 -1.130124 1.475661
v -0.437568 -1.138925 1.442698
v -0.444883 -1.145369 1.409968
v -0.458029 -1.149345 1.377603
v -0.476590 -1.150310 1.347615
v -0.499157 -1.148195 1.321511
v -0.524709 -1.143003 1.299942
v -0.553705 -1.134415 1.282372
v -0.584597 -1.122482 1.270085
v -0.615552 -1.107751 1.263708
v -0.649243 -1.088366 1.263617
v -0.681631 -1.065998 1.271181
v -0.710563 -1.042033 1.286482
v -0.734109 -1.018489 1.308295
v -0.751643 -0.996673 1.335441
v -0.763527 -0.976630 1.368376
v -0.768535 -0.960353 1.405102
v -0.766765 -0.949022 1.442735
v -0.758411 -0.942817 1.480674
v -0.743445 -0.941845 1.518275
v -0.722563 -0.946303 1.552505
v -0.697564 -0.955189 1.581078
v -0.667988 -0.968287 1.604277
v -0.634809 -0.984898 1.620673
v -0.600316 -1.003622 1.628812
v -1.096626 -0.000000 1.660155
v -1.094379 -0.036562 1.663018
v -1.087660 -0.072756 1.671700
v -1.076765 -0.106010 1.686082
v -1.062908 -0.134351 1.704947
v -1.046510 -0.157616 1.728205
v -1.027928 -0.175519 1.755875
v -1.008542 -0.186397 1.786475
v -0.989811 -0.190000 1.817878
v -0.971981 -0.186397 1.849801
v -0.955173 -0.175519 1.881890
v -0.940502 -0.157616 1.911817
v -0.928559 -0.134351 1.937647
v -0.919149 -0.106010 1.959080
v -0.912142 -0.072756 1.975707
v -0.907982 -0.036562 1.985866
v -0.906626 0.000000 1.989244
v -0.907982 0.036562 1.985866
v -0.912142 0.072756 1.975707
v -0.919149 0.106010 1.959080
v -0.928559 0.134351 1.937647
v -0.940502 0.157616 1.911817
v -0.955173 0.175519 1.881890
v -0.971981 0.186397 1.849801
v -0.989811 0.190000 1.817878
v -1.008542 0.186397 1.786475
v -1.027928 0.175519 1.755875
v -1.046510 0.157616 1.728205
v -1.062908 0.134351 1.704947
v -1.076765 0.106010 1.686082
v -1.087660 0.072756 1.671700
v -1.094379 0.036562 1.663018
v -1.141774 0.173572 1.559204
v -1.151626 -0.000000 1.564892
v -1.141774 -0.173572 1.559204
v -1.154569 -0.243660 0.900000
v -1.177165 -0.081743 0.900000
v -1.177165 0.081743 0.900000
v -1.154569 0.243660 0.900000
v -1.144662 -0.200408 1.104905
v -1.092224 -0.191227 1.303584
v -1.162073 -0.000000 1.104905
v -1.108837 -0.000000 1.303584
v -1.144662 0.200408 1.104905
v -1.092224 0.191227 1.303584
v -1.302681 0.267109 0.900000
v -1.326763 0.089578 0.900000
v -1.326763 -0.089578 0.900000
v -1.302681 -0.267109 0.900000
v -1.203520 -0.246777 1.408886
v -1.291536 0.264824 1.073572
v -1.258293 0.258007 1.244173
v -1.203520 0.246777 1.408886
v -1.315412 0.088812 1.073572
v -1.281555 0.086526 1.244173
v -1.225769 0.082760 1.408886
v -1.315412 -0.088812 1.073572
v -1.281555 -0.086526 1.244173
v -1.225769 -0.082760 1.408886
v -1.291536 -0.264824 1.073572
v -1.258293 -0.258007 1.244173
v -0.621736 1.175487 0.900000
v -0.789820 1.069817 0.900000
v -0.940299 0.940299 0.900000
v -1.069817 0.789820 0.900000
v -1.175487 0.621736 0.900000
v -1.039539 0.558353 0.900000
v -0.947073 0.703884 0.900000
v -0.834386 0.834386 0.900000
v -0.703884 0.947073 0.900000
v -0.558353 1.039539 0.900000
v -1.190715 -0.592050 0.900000
v -1.108087 -0.735164 0.900000
v -0.985352 -0.649215 0.900000
v -1.054913 -0.528733 0.900000
v -0.366268 -1.121716 0.900000
v -0.517791 -1.060327 0.900000
v -0.659374 -0.978583 0.900000
v -0.788301 -0.878056 0.900000
v -0.753873 -0.898748 1.007483
v -0.586402 -1.015678 1.009791
v -0.401402 -1.102247 1.007483
v -0.882664 -0.994600 0.900000
v -0.740959 -1.104221 0.900000
v -0.585804 -1.193800 0.900000
v -0.420017 -1.261709 0.900000
v -0.415894 -1.254568 1.025804
v -0.581579 -1.186480 1.028948
v -0.736733 -1.096902 1.028948
v -0.878541 -0.987459 1.025804
v -0.049305 -1.328869 0.900000
v 0.149096 -1.321399 0.900000
v 0.344173 -1.284472 0.900000
v 0.531578 -1.218913 0.900000
v 0.707134 -1.126182 0.900000
v 0.621091 -1.003317 0.900000
v 0.468248 -1.083118 0.900000
v 0.305406 -1.139792 0.900000
v 0.136045 -1.172131 0.900000
v -0.036222 -1.179444 0.900000
v 1.121716 -0.366268 0.900000
v 1.060327 -0.517791 0.900000
v 0.978583 -0.659374 0.900000
v 0.878056 -0.788301 0.900000
v 0.890663 -0.749205 1.066322
v 1.007429 -0.581639 1.069772
v 1.094162 -0.396734 1.066322
v 0.848648 -0.724948 1.226253
v 0.964543 -0.556879 1.233019
v 1.052147 -0.372477 1.226253
v 0.780420 -0.685556 1.373646
v 0.894900 -0.516671 1.383468
v 0.983919 -0.333085 1.373646
v 0.994600 -0.882664 0.900000
v 1.104221 -0.740959 0.900000
v 1.193800 -0.585804 0.900000
v 1.261709 -0.420017 0.900000
v 1.251123 -0.413905 1.055324
v 1.182956 -0.579544 1.059091
v 1.093378 -0.734698 1.059091
v 0.984014 -0.876551 1.055324
v 1.219624 -0.395719 1.206823
v 1.150694 -0.560917 1.214265
v 1.061115 -0.716071 1.214265
v 0.952515 -0.858366 1.206823
v 1.167988 -0.365907 1.350768
v 1.097805 -0.530382 1.361701
v 1.008227 -0.685536 1.361701
v 0.900879 -0.828554 1.350768
v 1.097487 -0.325204 1.483613
v 1.025595 -0.488691 1.497768
v 0.936016 -0.643845 1.497768
v 0.830378 -0.787850 1.483613
v 1.329235 -0.038189 0.900000
v 1.318720 0.171177 0.900000
v 1.275433 0.376290 0.900000
v 1.200451 0.572051 0.900000
v 1.095636 0.753596 0.900000
v 0.963593 0.916413 0.900000
v 0.807604 1.056457 0.900000
v 0.631545 1.170246 0.900000
v 0.568128 1.034229 0.900000
v 0.721615 0.933634 0.900000
v 0.857648 0.810457 0.900000
v 0.972937 0.667678 0.900000
v 1.064694 0.508749 0.900000
v 1.130700 0.337516 0.900000
v 1.169358 0.158120 0.900000
v 1.179733 -0.025101 0.900000
v -0.000000 0.191956 2.220446
v -0.036562 0.188329 2.220755
v -0.072756 0.177397 2.221763
v -0.106010 0.159448 2.223602
v -0.134351 0.136201 2.226335
v -0.157616 0.108007 2.230204
v -0.175519 0.075098 2.235484
v -0.186397 0.039498 2.242175
v -0.190000 0.003756 2.249893
v -0.186397 -0.031751 2.258624
v -0.175519 -0.066682 2.268217
v -0.157616 -0.098576 2.277897
v -0.134351 -0.125612 2.286779
v -0.106010 -0.147704 2.294514
v -0.072756 -0.164642 2.300729
v -0.036562 -0.174910 2.304615
v -0.000000 -0.178305 2.305927
v 0.036562 -0.174910 2.304615
v 0.072756 -0.164642 2.300729
v 0.106010 -0.147704 2.294514
v 0.134351 -0.125612 2.286779
v 0.157616 -0.098576 2.277897
v 0.175519 -0.066682 2.268217
v 0.186397 -0.031751 2.258624
v 0.190000 0.003756 2.249893
v 0.186397 0.039498 2.242175
v 0.175519 0.075098 2.235484
v 0.157616 0.108007 2.230204
v 0.134351 0.136201 2.226335
v 0.106010 0.159448 2.223602
v 0.072756 0.177397 2.221763
v 0.036562 0.188329 2.220755
v 0.173572 0.296577 2.184616
v 0.000000 0.299136 2.195701
v -0.173572 0.296577 2.184616
v -0.243660 1.154569 0.900000
v -0.081743 1.177165 0.900000
v 0.081743 1.177165 0.900000
v 0.243660 1.154569 0.900000
v 0.155215 0.426583 1.989190
v -0.155215 0.426583 1.989190
v -0.201963 1.145725 1.097295
v -0.193393 1.097110 1.289035
v -0.179379 1.017608 1.469822
v -0.160314 0.909456 1.634567
v -0.136737 0.775700 1.778631
v -0.109309 0.620105 1.897959
v -0.078804 0.447051 1.989190
v -0.215299 0.591713 1.897959
v -0.269321 0.740185 1.778631
v 0.000000 1.163389 1.097295
v 0.000000 1.114025 1.289035
v 0.000000 1.033297 1.469822
v 0.000000 0.923478 1.634567
v 0.000000 0.787659 1.778631
v 0.000000 0.629665 1.897959
v 0.000000 0.453944 1.989190
v 0.201963 1.145725 1.097295
v 0.193393 1.097110 1.289035
v 0.179379 1.017608 1.469822
v 0.160314 0.909456 1.634567
v 0.136737 0.775700 1.778631
v 0.109309 0.620105 1.897959
v 0.078804 0.447051 1.989190
v 0.269321 0.740185 1.778631
v 0.215299 0.591713 1.897959
v 0.226912 0.393161 1.989190
v 0.291719 0.347800 1.989190
v -0.291719 0.347800 1.989190
v -0.226912 0.393161 1.989190
v 0.267109 1.302681 0.900000
v 0.089578 1.326763 0.900000
v -0.089578 1.326763 0.900000
v -0.267109 1.302681 0.900000
v 0.257518 0.415189 2.136781
v 0.115151 0.474803 2.136781
v -0.115151 0.474803 2.136781
v -0.319867 0.369300 2.136781
v 0.309932 1.277940 1.097830
v 0.299546 1.235117 1.291256
v 0.282494 1.164806 1.475976
v 0.259155 1.068571 1.647876
v 0.230048 0.948555 1.803131
v 0.195821 0.807427 1.938287
v 0.157236 0.648329 2.050335
v 0.188704 0.450653 2.136781
v 0.257670 0.615354 2.050335
v 0.320901 0.766360 1.938287
v 0.104183 1.310852 1.097830
v 0.100692 1.266927 1.291256
v 0.094959 1.194805 1.475976
v 0.087114 1.096092 1.647876
v 0.077330 0.972984 1.803131
v 0.065825 0.828222 1.938287
v 0.052854 0.665027 2.050335
v 0.038708 0.487031 2.136781
v -0.104183 1.310852 1.097830
v -0.100692 1.266927 1.291256
v -0.094959 1.194805 1.475976
v -0.087114 1.096092 1.647876
v -0.077330 0.972984 1.803131
v -0.065825 0.828222 1.938287
v -0.052854 0.665027 2.050335
v -0.038708 0.487031 2.136781
v -0.309932 1.277940 1.097830
v -0.299546 1.235117 1.291256
v -0.282494 1.164806 1.475976
v -0.259155 1.068571 1.647876
v -0.230048 0.948555 1.803131
v -0.195821 0.807427 1.938287
v -0.157236 0.648329 2.050335
v -0.320901 0.766360 1.938287
v -0.257670 0.615354 2.050335
v -0.188704 0.450653 2.136781
v -0.257518 0.415189 2.136781
v 0.319867 0.369300 2.136781
v 0.678277 -0.320063 0.280000
v 0.750627 -0.354203 0.200000
v 0.704431 -0.438950 0.200000
v 0.648709 -0.517761 0.200000
v 0.584214 -0.589571 0.200000
v 0.527904 -0.532745 0.280000
v 0.586183 -0.467857 0.280000
v 0.636534 -0.396642 0.280000
v 0.527904 -0.532745 0.700000
v 0.586183 -0.467857 0.700000
v 0.636534 -0.396642 0.700000
v 0.678277 -0.320063 0.700000
v 0.633485 -0.639294 0.200000
v 0.633485 -0.639294 0.700000
v 0.432982 0.612394 0.280000
v 0.479166 0.677716 0.200000
v 0.589571 0.584214 0.200000
v 0.682062 0.472961 0.200000
v 0.753828 0.347336 0.200000
v 0.681170 0.313858 0.280000
v 0.616321 0.427374 0.280000
v 0.532745 0.527904 0.280000
v 0.681170 0.313858 0.700000
v 0.616321 0.427374 0.700000
v 0.532745 0.527904 0.700000
v 0.432982 0.612394 0.700000
v 0.817404 0.376630 0.200000
v 0.817404 0.376630 0.700000
v -0.549805 -0.510112 0.280000
v -0.608451 -0.564524 0.200000
v -0.669874 -0.490070 0.200000
v -0.722238 -0.408989 0.200000
v -0.764835 -0.322377 0.200000
v -0.691116 -0.291304 0.280000
v -0.652625 -0.369568 0.280000
v -0.605308 -0.442835 0.280000
v -0.691116 -0.291304 0.700000
v -0.652625 -0.369568 0.700000
v -0.605308 -0.442835 0.700000
v -0.549805 -0.510112 0.700000
v -0.829340 -0.349565 0.200000
v -0.829340 -0.349565 0.700000
v -0.667393 0.342179 0.280000
v -0.738582 0.378678 0.200000
v -0.661604 0.501178 0.200000
v -0.564524 0.608451 0.200000
v -0.450291 0.697236 0.200000
v -0.406890 0.630032 0.280000
v -0.510112 0.549805 0.280000
v -0.597835 0.452872 0.280000
v -0.406890 0.630032 0.700000
v -0.510112 0.549805 0.700000
v -0.597835 0.452872 0.700000
v -0.667393 0.342179 0.700000
v -0.488268 0.756039 0.200000
v -0.488268 0.756039 0.700000
v 1.329784 0.000000 0.500000
v 1.323380 0.130342 0.500000
v 1.304232 0.259428 0.500000
v 1.272524 0.386016 0.500000
v 1.228560 0.508886 0.500000
v 1.172764 0.626856 0.500000
v 1.105675 0.738788 0.500000
v 1.027937 0.843606 0.500000
v 0.940299 0.940299 0.500000
v 0.843606 1.027937 0.500000
v 0.738788 1.105675 0.500000
v 0.626856 1.172764 0.500000
v 0.508886 1.228560 0.500000
v 0.386016 1.272524 0.500000
v 0.259428 1.304232 0.500000
v 0.130342 1.323380 0.500000
v -0.000000 1.329784 0.500000
v -0.130342 1.323380 0.500000
v -0.259428 1.304232 0.500000
v -0.386016 1.272524 0.500000
v -0.508886 1.228560 0.500000
v -0.626856 1.172764 0.500000
v -0.738788 1.105675 0.500000
v -0.843606 1.027937 0.500000
v -0.940299 0.940299 0.500000
v -1.027937 0.843606 0.500000
v -1.105675 0.738788 0.500000
v -1.172764 0.626856 0.500000
v -1.228560 0.508886 0.500000
v -1.272524 0.386016 0.500000
v -1.304232 0.259428 0.500000
v -1.323380 0.130342 0.500000
v -1.329784 -0.000000 0.500000
v -1.323380 -0.130342 0.500000
v -1.304232 -0.259428 0.500000
v -1.272524 -0.386016 0.500000
v -1.228560 -0.508886 0.500000
v -1.172764 -0.626856 0.500000
v -1.105675 -0.738788 0.500000
v -1.027937 -0.843606 0.500000
v -0.940299 -0.940299 0.500000
v -0.843606 -1.027937 0.500000
v -0.738788 -1.105675 0.500000
v -0.626856 -1.172764 0.500000
v -0.508886 -1.228560 0.500000
v -0.386016 -1.272524 0.500000
v -0.259428 -1.304232 0.500000
v -0.130342 -1.323380 0.500000
v -0.000000 -1.329784 0.500000
v 0.130342 -1.323380 0.500000
v 0.259428 -1.304232 0.500000
v 0.386016 -1.272524 0.500000
v 0.508886 -1.228560 0.500000
v 0.626856 -1.172764 0.500000
v 0.738788 -1.105675 0.500000
v 0.843606 -1.027937 0.500000
v 0.940299 -0.940299 0.500000
v 1.027937 -0.843606 0.500000
v 1.105675 -0.738788 0.500000
v 1.172764 -0.626856 0.500000
v 1.228560 -0.508886 0.500000
v 1.272524 -0.386016 0.500000
v 1.304232 -0.259428 0.500000
v 1.323380 -0.130342 0.500000
v 0.265336 -1.149781 0.500000
v 0.283453 -1.145450 0.500000
v 0.301499 -1.140832 0.500000
v 0.319469 -1.135931 0.500000
v 0.318762 -1.107466 0.500000
v 0.311369 -1.079969 0.500000
v 0.297705 -1.054988 0.500000
v 0.278540 -1.033930 0.500000
v 0.254953 -1.017980 0.500000
v 0.228272 -1.008036 0.500000
v 0.200000 -1.004658 0.500000
v -0.200000 -1.004658 0.500000
v -0.218117 -1.002272 0.500000
v -0.235000 -0.995279 0.500000
v -0.249497 -0.984155 0.500000
v -0.260622 -0.969658 0.500000
v -0.267615 -0.952775 0.500000
v -0.270000 -0.934658 0.500000
v -0.267615 -0.916540 0.500000
v -0.260622 -0.899658 0.500000
v -0.249497 -0.885160 0.500000
v -0.235000 -0.874036 0.500000
v -0.218117 -0.867043 0.500000
v -0.200000 -0.864658 0.500000
v 0.200000 -0.864658 0.500000
v 0.230021 -0.860842 0.500000
v 0.258132 -0.849637 0.500000
v 0.282547 -0.831755 0.500000
v 0.301711 -0.808335 0.500000
v 0.314407 -0.780864 0.500000
v 0.319827 -0.751091 0.500000
v 0.317627 -0.720909 0.500000
v 0.307945 -0.692237 0.500000
v 0.291398 -0.666899 0.500000
v 0.269039 -0.646506 0.500000
v 0.291715 -0.639765 0.500000
v 0.314222 -0.632481 0.500000
v 0.336548 -0.624658 0.500000
v 0.307818 -0.545723 0.500000
v 0.156283 -0.586327 0.500000
v 0.000000 -0.600000 0.500000
v -0.156283 -0.586327 0.500000
v -0.307818 -0.545723 0.500000
v -0.336548 -0.624658 0.500000
v -0.182687 -0.666893 0.500000
v -0.024023 -0.683707 0.500000
v 0.135273 -0.674658 0.500000
v 0.200000 -0.674658 0.500000
v 0.218117 -0.677043 0.500000
v 0.235000 -0.684036 0.500000
v 0.249497 -0.695160 0.500000
v 0.260622 -0.709658 0.500000
v 0.267615 -0.726540 0.500000
v 0.270000 -0.744658 0.500000
v 0.267615 -0.762775 0.500000
v 0.260622 -0.779658 0.500000
v 0.249497 -0.794155 0.500000
v 0.235000 -0.805279 0.500000
v 0.218117 -0.812272 0.500000
v 0.200000 -0.814658 0.500000
v -0.200000 -0.814658 0.500000
v -0.231058 -0.818746 0.500000
v -0.260000 -0.830734 0.500000
v -0.284853 -0.849805 0.500000
v -0.303923 -0.874658 0.500000
v -0.315911 -0.903599 0.500000
v -0.320000 -0.934658 0.500000
v -0.315911 -0.965716 0.500000
v -0.303923 -0.994658 0.500000
v -0.284853 -1.019510 0.500000
v -0.260000 -1.038581 0.500000
v -0.231058 -1.050569 0.500000
v -0.200000 -1.054658 0.500000
v 0.200000 -1.054658 0.500000
v 0.216791 -1.056701 0.500000
v 0.232602 -1.062713 0.500000
v 0.246509 -1.072342 0.500000
v 0.257700 -1.085026 0.500000
v 0.265522 -1.100024 0.500000
v 0.269518 -1.116460 0.500000
v 0.269455 -1.133375 0.500000
v 0.674521 0.968205 0.500000
v 0.628745 0.998539 0.500000
v 0.581607 1.026710 0.500000
v 0.533209 1.052658 0.500000
v 0.508356 1.003593 0.500000
v 0.554498 0.978855 0.500000
v 0.599439 0.951997 0.500000
v 0.643082 0.923077 0.500000
v -1.330000 -0.000000 0.500000
v -1.323596 -0.130363 0.500000
v -1.304444 -0.259470 0.500000
v -1.272731 -0.386079 0.500000
v -1.228760 -0.508969 0.500000
v -1.172955 -0.626958 0.500000
v -1.105855 -0.738908 0.500000
v -1.028104 -0.843743 0.500000
v -0.940452 -0.940452 0.500000
v -0.843743 -1.028104 0.500000
v -0.738908 -1.105855 0.500000
v -0.626958 -1.172955 0.500000
v -0.508969 -1.228760 0.500000
v -0.386079 -1.272731 0.500000
v -0.259470 -1.304444 0.500000
v -0.130363 -1.323596 0.500000
v 0.000000 -1.330000 0.500000
v 0.130363 -1.323596 0.500000
v 0.259470 -1.304444 0.500000
v 0.386079 -1.272731 0.500000
v 0.508969 -1.228760 0.500000
v 0.626958 -1.172955 0.500000
v 0.738908 -1.105855 0.500000
v 0.843743 -1.028104 0.500000
v 0.940452 -0.940452 0.500000
v 1.028104 -0.843743 0.500000
v 1.105855 -0.738908 0.500000
v 1.172955 -0.626958 0.500000
v 1.228760 -0.508969 0.500000
v 1.272731 -0.386079 0.500000
v 1.304444 -0.259470 0.500000
v 1.323596 -0.130363 0.500000
v 1.330000 0.000000 0.500000
v 1.323596 0.130363 0.500000
v 1.304444 0.259470 0.500000
v 1.272731 0.386079 0.500000
v 1.228760 0.508969 0.500000
v 1.172955 0.626958 0.500000
v 1.105855 0.738908 0.500000
v 1.028104 0.843743 0.500000
v 0.940452 0.940452 0.500000
v 0.843743 1.028104 0.500000
v 0.738908 1.105855 0.500000
v 0.626958 1.172955 0.500000
v 0.508969 1.228760 0.500000
v 0.386079 1.272731 0.500000
v 0.259470 1.304444 0.500000
v 0.130363 1.323596 0.500000
v -0.000000 1.330000 0.500000
v -0.130363 1.323596 0.500000
v -0.259470 1.304444 0.500000
v -0.386079 1.272731 0.500000
v -0.508969 1.228760 0.500000
v -0.626958 1.172955 0.500000
v -0.738908 1.105855 0.500000
v -0.843743 1.028104 0.500000
v -0.940452 0.940452 0.500000
v -1.028104 0.843743 0.500000
v -1.105855 0.738908 0.500000
v -1.172955 0.626958 0.500000
v -1.228760 0.508969 0.500000
v -1.272731 0.386079 0.500000
v -1.304444 0.259470 0.500000
v -1.323596 0.130363 0.500000
v 0.319469 -1.135931 0.000000
v 0.318762 -1.107466 0.000000
v 0.311369 -1.079969 0.000000
v 0.297705 -1.054988 0.000000
v 0.278540 -1.033930 0.000000
v 0.254953 -1.017980 0.000000
v 0.228272 -1.008036 0.000000
v 0.200000 -1.004658 0.000000
v 0.265336 -1.149781 0.000000
v 0.200000 -1.054658 0.000000
v 0.216791 -1.056701 0.000000
v 0.232602 -1.062713 0.000000
v 0.246509 -1.072342 0.000000
v 0.257700 -1.085026 0.000000
v 0.265522 -1.100024 0.000000
v 0.269518 -1.116460 0.000000
v 0.269455 -1.133375 0.000000
v 0.269455 -1.133375 0.250000
v 0.269518 -1.116460 0.250000
v 0.265522 -1.100024 0.250000
v 0.257700 -1.085026 0.250000
v 0.246509 -1.072342 0.250000
v 0.232602 -1.062713 0.250000
v 0.216791 -1.056701 0.250000
v 0.200000 -0.674658 0.000000
v 0.218117 -0.677043 0.000000
v 0.235000 -0.684036 0.000000
v 0.249497 -0.695160 0.000000
v 0.260622 -0.709658 0.000000
v 0.267615 -0.726540 0.000000
v 0.270000 -0.744658 0.000000
v 0.267615 -0.762775 0.000000
v 0.260622 -0.779658 0.000000
v 0.249497 -0.794155 0.000000
v 0.235000 -0.805279 0.000000
v 0.218117 -0.812272 0.000000
v 0.200000 -0.814658 0.000000
v 0.218117 -0.677043 0.250000
v 0.235000 -0.684036 0.250000
v 0.249497 -0.695160 0.250000
v 0.260622 -0.709658 0.250000
v 0.267615 -0.726540 0.250000
v 0.270000 -0.744658 0.250000
v 0.267615 -0.762775 0.250000
v 0.260622 -0.779658 0.250000
v 0.249497 -0.794155 0.250000
v 0.235000 -0.805279 0.250000
v 0.218117 -0.812272 0.250000
v 0.135273 -0.674658 0.000000
v 0.200000 -0.864658 0.000000
v 0.230021 -0.860842 0.000000
v 0.258132 -0.849637 0.000000
v 0.282547 -0.831755 0.000000
v 0.301711 -0.808335 0.000000
v 0.314407 -0.780864 0.000000
v 0.319827 -0.751091 0.000000
v 0.317627 -0.720909 0.000000
v 0.307945 -0.692237 0.000000
v 0.291398 -0.666899 0.000000
v 0.269039 -0.646506 0.000000
v -0.200000 -0.864658 0.000000
v -0.200000 -1.004658 0.000000
v -0.218117 -1.002272 0.000000
v -0.235000 -0.995279 0.000000
v -0.249497 -0.984155 0.000000
v -0.260622 -0.969658 0.000000
v -0.267615 -0.952775 0.000000
v -0.270000 -0.934658 0.000000
v -0.267615 -0.916540 0.000000
v -0.260622 -0.899658 0.000000
v -0.249497 -0.885160 0.000000
v -0.235000 -0.874036 0.000000
v -0.218117 -0.867043 0.000000
v -0.218117 -1.002272 0.250000
v -0.235000 -0.995279 0.250000
v -0.249497 -0.984155 0.250000
v -0.260622 -0.969658 0.250000
v -0.267615 -0.952775 0.250000
v -0.270000 -0.934658 0.250000
v -0.267615 -0.916540 0.250000
v -0.260622 -0.899658 0.250000
v -0.249497 -0.885160 0.250000
v -0.235000 -0.874036 0.250000
v -0.218117 -0.867043 0.250000
v -0.200000 -1.054658 0.000000
v -0.200000 -0.814658 0.000000
v -0.231058 -0.818746 0.000000
v -0.260000 -0.830734 0.000000
v -0.284853 -0.849805 0.000000
v -0.303923 -0.874658 0.000000
v -0.315911 -0.903599 0.000000
v -0.320000 -0.934658 0.000000
v -0.315911 -0.965716 0.000000
v -0.303923 -0.994658 0.000000
v -0.284853 -1.019510 0.000000
v -0.260000 -1.038581 0.000000
v -0.231058 -1.050569 0.000000
v -0.336548 -0.624658 0.000000
v -0.182687 -0.666893 0.000000
v -0.024023 -0.683707 0.000000
v 0.291715 -0.639765 0.000000
v 0.314222 -0.632481 0.000000
v 0.336548 -0.624658 0.000000
v -0.307818 -0.545723 0.000000
v 0.307818 -0.545723 0.000000
v 0.156283 -0.586327 0.000000
v 0.000000 -0.600000 0.000000
v -0.156283 -0.586327 0.000000
v -1.330000 -0.000000 0.000000
v -1.312777 -0.213347 0.000000
v -1.261553 -0.421168 0.000000
v -1.177657 -0.618082 0.000000
v -1.063259 -0.798987 0.000000
v -0.921323 -0.959199 0.000000
v -0.755526 -1.094569 0.000000
v -0.570161 -1.201589 0.000000
v -0.370029 -1.277489 0.000000
v -0.160314 -1.320303 0.000000
v 0.053554 -1.328921 0.000000
v 0.266034 -1.303122 0.000000
v 0.471624 -1.243572 0.000000
v 0.665000 -1.151814 0.000000
v 0.841152 -1.030225 0.000000
v 0.995519 -0.881953 0.000000
v 1.124103 -0.710840 0.000000
v 1.223573 -0.521316 0.000000
v 1.291353 -0.318290 0.000000
v 1.325687 -0.107021 0.000000
v 1.325687 0.107021 0.000000
v 1.291353 0.318290 0.000000
v 1.223573 0.521316 0.000000
v 1.124103 0.710840 0.000000
v 0.995519 0.881953 0.000000
v 0.841152 1.030225 0.000000
v 0.665000 1.151814 0.000000
v 0.471624 1.243572 0.000000
v 0.266034 1.303122 0.000000
v 0.053554 1.328921 0.000000
v -0.160314 1.320303 0.000000
v -0.370029 1.277489 0.000000
v -0.570161 1.201589 0.000000
v -0.755526 1.094569 0.000000
v -0.921323 0.959199 0.000000
v -1.063259 0.798987 0.000000
v -1.177657 0.618082 0.000000
v -1.261553 0.421168 0.000000
v -1.312777 0.213347 0.000000
v 0.068713 -1.177998 0.000000
v -0.129857 -1.172833 0.000000
v -0.324747 -1.134434 0.000000
v -0.510434 -1.063888 0.000000
v -0.681658 -0.963194 0.000000
v -0.833565 -0.835206 0.000000
v -0.961851 -0.683551 0.000000
v -1.062882 -0.512526 0.000000
v -1.133793 -0.326977 0.000000
v -1.172575 -0.132163 0.000000
v -1.178131 0.066396 0.000000
v -1.150301 0.263074 0.000000
v -1.089875 0.452297 0.000000
v -0.998565 0.628704 0.000000
v -0.878958 0.787294 0.000000
v -0.734445 0.923575 0.000000
v -0.569119 1.033684 0.000000
v -0.387666 1.114502 0.000000
v -0.195228 1.163738 0.000000
v 0.002743 1.179997 0.000000
v 0.200636 1.162818 0.000000
v 0.392843 1.112688 0.000000
v 0.573918 1.031028 0.000000
v 0.738730 0.920151 0.000000
v 0.882609 0.783199 0.000000
v 1.001477 0.624055 0.000000
v 1.091966 0.447226 0.000000
v 1.151511 0.257724 0.000000
v 1.178426 0.060919 0.000000
v 1.171948 -0.137613 0.000000
v 1.132260 -0.332245 0.000000
v 1.060487 -0.517462 0.000000
v 0.958663 -0.688015 0.000000
v 0.829673 -0.839072 0.000000
v 0.677173 -0.966352 0.000000
v 0.505483 -1.066249 0.000000
v -0.674521 0.968205 0.500000
v -0.628745 0.998539 0.500000
v -0.581607 1.026710 0.500000
v -0.533209 1.052658 0.500000
v -0.533209 1.052658 0.200000
v -0.581607 1.026710 0.200000
v -0.628745 0.998539 0.200000
v -0.674521 0.968205 0.200000
v 0.674521 0.968205 0.200000
v 0.628745 0.998539 0.200000
v 0.581607 1.026710 0.200000
v 0.533209 1.052658 0.200000
v -0.643082 0.923077 0.500000
v -0.599439 0.951997 0.500000
v -0.554498 0.978855 0.500000
v -0.508356 1.003593 0.500000
v 0.508356 1.003593 0.200000
v 0.440575 0.869781 0.050000
v 0.440575 0.869781 0.650000
v -0.643082 0.923077 0.200000
v -0.557337 0.800000 0.050000
v -0.557337 0.800000 0.650000
v 0.519578 0.734873 0.700000
v 0.519578 0.734873 0.200000
v 0.639294 0.633485 0.200000
v 0.739585 0.512849 0.200000
v 0.364752 0.822773 0.700000
v 0.195652 0.878476 0.700000
v 0.018896 0.899802 0.700000
v -0.158599 0.885916 0.700000
v -0.329888 0.837361 0.700000
v -0.612135 0.659766 0.200000
v -0.717402 0.543447 0.200000
v -0.800872 0.410615 0.200000
v -0.800872 0.410615 0.700000
v -0.860007 0.265307 0.700000
v -0.893012 0.111937 0.700000
v -0.898883 -0.044833 0.700000
v -0.877441 -0.200241 0.700000
v -0.783150 -0.443482 0.200000
v -0.726369 -0.531402 0.200000
v -0.659766 -0.612135 0.200000
v -0.659766 -0.612135 0.000000
v -0.765864 -0.472708 0.000000
v -0.842937 -0.315367 0.000000
v -0.888067 -0.146075 0.000000
v -0.899541 0.028753 0.000000
v -0.876925 0.202492 0.000000
v -0.821076 0.368556 0.000000
v -0.734112 0.520654 0.000000
v -0.619326 0.653020 0.000000
v -0.481070 0.760639 0.000000
v -0.324583 0.839432 0.000000
v -0.155795 0.886413 0.000000
v 0.018896 0.899802 0.000000
v 0.192872 0.879091 0.000000
v 0.359539 0.825065 0.000000
v 0.512580 0.739772 0.000000
v 0.646196 0.626443 0.000000
v 0.755323 0.489375 0.000000
v 0.835825 0.333760 0.000000
v 0.884653 0.165497 0.000000
v 0.899955 -0.009037 0.000000
v 0.881151 -0.183230 0.000000
v 0.828954 -0.350478 0.000000
v 0.745343 -0.504444 0.000000
v 0.633485 -0.639294 0.000000
v 0.703419 -0.561428 0.200000
v 0.763841 -0.475970 0.200000
v 0.813933 -0.384075 0.200000
v 0.813933 -0.384075 0.700000
v 0.868261 -0.236902 0.700000
v 0.896208 -0.082531 0.700000
v 0.896924 0.074348 0.700000
v 0.870387 0.228967 0.700000
v -0.659766 -0.612135 0.700000
v -0.440575 0.869781 0.650000
v -0.519514 0.825064 0.650000
v -0.480565 0.848341 0.650000
v 0.557337 0.800000 0.650000
v 0.480565 0.848341 0.650000
v 0.519514 0.825064 0.650000
v 0.554498 0.978855 0.200000
v 0.599439 0.951997 0.200000
v 0.643082 0.923077 0.200000
v 0.557337 0.800000 0.050000
v 0.519514 0.825064 0.050000
v 0.480565 0.848341 0.050000
v -0.599439 0.951997 0.200000
v -0.554498 0.978855 0.200000
v -0.508356 1.003593 0.200000
v -0.440575 0.869781 0.050000
v -0.480565 0.848341 0.050000
v -0.519514 0.825064 0.050000
v -0.703562 -0.675000 0.000000
v -0.816701 -0.532564 0.000000
v -0.901413 -0.371590 0.000000
v -0.954749 -0.197683 0.000000
v -0.974854 -0.016895 0.000000
v -0.961026 0.164481 0.000000
v -0.913748 0.340132 0.000000
v -0.834665 0.503944 0.000000
v -0.726529 0.650215 0.000000
v -0.593106 0.773854 0.000000
v -0.439038 0.870558 0.000000
v -0.269688 0.936960 0.000000
v -0.090951 0.970749 0.000000
v 0.090951 0.970749 0.000000
v 0.269688 0.936960 0.000000
v 0.439038 0.870558 0.000000
v 0.593106 0.773854 0.000000
v 0.726529 0.650215 0.000000
v 0.834665 0.503944 0.000000
v 0.913748 0.340132 0.000000
v 0.961026 0.164481 0.000000
v 0.974854 -0.016895 0.000000
v 0.954749 -0.197683 0.000000
v 0.901413 -0.371590 0.000000
v 0.816701 -0.532564 0.000000
v 0.703562 -0.675000 0.000000
v -0.703562 -0.675000 0.700000
v -0.816701 -0.532564 0.700000
v -0.901413 -0.371590 0.700000
v -0.954749 -0.197683 0.700000
v -0.974854 -0.016895 0.700000
v -0.961026 0.164481 0.700000
v -0.913748 0.340132 0.700000
v -0.834665 0.503944 0.700000
v -0.726529 0.650215 0.700000
v -0.593106 0.773854 0.700000
v -0.439038 0.870558 0.700000
v -0.269688 0.936960 0.700000
v -0.090951 0.970749 0.700000
v 0.090951 0.970749 0.700000
v 0.269688 0.936960 0.700000
v 0.439038 0.870558 0.700000
v 0.593106 0.773854 0.700000
v 0.726529 0.650215 0.700000
v 0.834665 0.503944 0.700000
v 0.913748 0.340132 0.700000
v 0.961026 0.164481 0.700000
v 0.974854 -0.016895 0.700000
v 0.954749 -0.197683 0.700000
v 0.901413 -0.371590 0.700000
v 0.816701 -0.532564 0.700000
v 0.703562 -0.675000 0.700000
vt 0.140663 0.071126 0.000000
vt 0.000000 0.071126 0.000000
vt 0.140663 -0.004005 0.000000
vt 0.000000 -0.004005 0.000000
vt 0.140663 -0.079137 0.000000
vt 0.000000 -0.079137 0.000000
vt 0.000014 0.100109 0.000000
vt 0.074892 0.106477 0.000000
vt -0.074892 0.094459 0.000000
vt -0.074892 0.274530 0.000000
vt 0.074892 0.282542 0.000000
vt -0.074892 0.454600 0.000000
vt 0.074892 0.458606 0.000000
vt -0.074892 0.634671 0.000000
vt 0.074892 0.634671 0.000000
vt 0.140367 0.080944 0.000000
vt 0.000000 0.079137 0.000000
vt 0.140367 0.005586 0.000000
vt 0.000000 0.004005 0.000000
vt 0.140367 -0.069771 0.000000
vt 0.000000 -0.071126 0.000000
vt -0.000039 0.100213 0.000000
vt 0.074892 0.092514 0.000000
vt -0.074892 0.109303 0.000000
vt 0.074892 0.137884 0.000000
vt -0.074892 0.149076 0.000000
vt 0.074892 0.183253 0.000000
vt -0.074892 0.188849 0.000000
vt 0.074892 0.228623 0.000000
vt -0.074892 0.228623 0.000000
vt 0.140663 0.071126 0.000000
vt 0.000000 0.071126 0.000000
vt 0.140663 -0.004005 0.000000
vt 0.000000 -0.004005 0.000000
vt 0.140663 -0.079137 0.000000
vt 0.000000 -0.079137 0.000000
vt 0.000014 0.100109 0.000000
vt 0.074892 0.106477 0.000000
vt -0.074892 0.094459 0.000000
vt -0.074892 0.286275 0.000000
vt 0.074892 0.296791 0.000000
vt -0.074892 0.478091 0.000000
vt 0.074892 0.487105 0.000000
vt -0.074892 0.669908 0.000000
vt 0.074892 0.677419 0.000000
vt -0.074892 0.861724 0.000000
vt 0.074892 0.867733 0.000000
vt -0.074892 1.053540 0.000000
vt 0.074892 1.058047 0.000000
vt -0.074892 1.245356 0.000000
vt 0.074892 1.248361 0.000000
vt -0.074892 1.437173 0.000000
vt 0.074892 1.438675 0.000000
vt -0.074892 1.628989 0.000000
vt 0.074892 1.628989 0.000000
vt 0.140663 0.079137 0.000000
vt 0.000000 0.079137 0.000000
vt 0.140663 0.004005 0.000000
vt 0.000000 0.004005 0.000000
vt 0.140663 -0.071126 0.000000
vt 0.000000 -0.071126 0.000000
vt -0.000014 0.100109 0.000000
vt 0.074892 0.094459 0.000000
vt -0.074892 0.106477 0.000000
vt 0.074892 0.274530 0.000000
vt -0.074892 0.282542 0.000000
vt 0.074892 0.454600 0.000000
vt -0.074892 0.458606 0.000000
vt 0.074892 0.634671 0.000000
vt -0.074892 0.634671 0.000000
vt 0.000000 0.071126 0.000000
vt 0.000000 -0.004005 0.000000
vt 0.140401 0.069925 0.000000
vt 0.140401 -0.005403 0.000000
vt 0.000000 -0.079137 0.000000
vt 0.140401 -0.080730 0.000000
vt 0.000035 0.100199 0.000000
vt 0.074892 0.108967 0.000000
vt -0.074892 0.092733 0.000000
vt -0.074892 0.246726 0.000000
vt 0.074892 0.258902 0.000000
vt -0.074892 0.400720 0.000000
vt 0.074892 0.408836 0.000000
vt -0.074892 0.554713 0.000000
vt 0.074892 0.558771 0.000000
vt -0.074892 0.708706 0.000000
vt 0.074892 0.708706 0.000000
vt 0.140663 0.079137 0.000000
vt 0.000000 0.079137 0.000000
vt 0.140663 0.004005 0.000000
vt 0.000000 0.004005 0.000000
vt 0.140663 -0.071126 0.000000
vt 0.000000 -0.071126 0.000000
vt -0.000014 0.100109 0.000000
vt 0.074892 0.094459 0.000000
vt -0.074892 0.106477 0.000000
vt 0.074892 0.286275 0.000000
vt -0.074892 0.296791 0.000000
vt 0.074892 0.478091 0.000000
vt -0.074892 0.487105 0.000000
vt 0.074892 0.669908 0.000000
vt -0.074892 0.677419 0.000000
vt 0.074892 0.861724 0.000000
vt -0.074892 0.867733 0.000000
vt 0.074892 1.053540 0.000000
vt -0.074892 1.058047 0.000000
vt 0.074892 1.245356 0.000000
vt -0.074892 1.248361 0.000000
vt 0.074892 1.437173 0.000000
vt -0.074892 1.438675 0.000000
vt 0.074892 1.628989 0.000000
vt -0.074892 1.628989 0.000000
vt 0.000000 0.071126 0.000000
vt 0.000000 -0.004005 0.000000
vt 0.140367 0.069771 0.000000
vt 0.140367 -0.005586 0.000000
vt 0.000000 -0.079137 0.000000
vt 0.140367 -0.080944 0.000000
vt 0.000039 0.100213 0.000000
vt 0.074892 0.109303 0.000000
vt -0.074892 0.092514 0.000000
vt -0.074892 0.137884 0.000000
vt 0.074892 0.149076 0.000000
vt -0.074892 0.183253 0.000000
vt 0.074892 0.188849 0.000000
vt -0.074892 0.228623 0.000000
vt 0.074892 0.228623 0.000000
vt 0.140401 0.080730 0.000000
vt 0.000000 0.079137 0.000000
vt 0.140401 0.005403 0.000000
vt 0.000000 0.004005 0.000000
vt 0.140401 -0.069925 0.000000
vt 0.000000 -0.071126 0.000000
vt -0.000035 0.100199 0.000000
vt 0.074892 0.092733 0.000000
vt -0.074892 0.108967 0.000000
vt 0.074892 0.246726 0.000000
vt -0.074892 0.258902 0.000000
vt 0.074892 0.400720 0.000000
vt -0.074892 0.408836 0.000000
vt 0.074892 0.554713 0.000000
vt -0.074892 0.558771 0.000000
vt 0.074892 0.708706 0.000000
vt -0.074892 0.708706 0.000000
vt 0.296464 0.427137 0.000000
vt 0.397725 0.328323 0.000000
vt 0.397810 0.537428 0.000000
vt 0.499396 0.438967 0.000000
vt -1.254953 0.439791 0.000000
vt -1.109810 0.400900 0.000000
vt -1.190715 0.592050 0.000000
vt -1.054913 0.528733 0.000000
vt -1.108087 0.735164 0.000000
vt -0.985352 0.649215 0.000000
vt -1.008347 0.866926 0.000000
vt -0.902095 0.760674 0.000000
vt 0.263408 2.905825 0.000000
vt -0.000000 2.780309 0.000000
vt 0.300000 2.902187 0.000000
vt 0.600000 2.880430 0.000000
vt 0.336591 2.905825 0.000000
vt 0.372817 2.916800 0.000000
vt 0.406102 2.934841 0.000000
vt 0.434467 2.958254 0.000000
vt 0.600000 3.019632 0.000000
vt 0.457747 2.986738 0.000000
vt 0.475634 3.020104 0.000000
vt 0.486463 3.056362 0.000000
vt 0.490000 3.092945 0.000000
vt 0.600000 3.158834 0.000000
vt 0.486330 3.129543 0.000000
vt 0.475407 3.165787 0.000000
vt 0.457501 3.199152 0.000000
vt 0.600000 3.298036 0.000000
vt 0.434267 3.227673 0.000000
vt 0.405971 3.251181 0.000000
vt 0.372753 3.269342 0.000000
vt 0.336574 3.280414 0.000000
vt 0.300000 3.284091 0.000000
vt -0.000000 3.398156 0.000000
vt 0.263428 3.280414 0.000000
vt -0.000000 3.243694 0.000000
vt 0.227251 3.269343 0.000000
vt 0.194033 3.251183 0.000000
vt 0.165733 3.227673 0.000000
vt 0.142502 3.199156 0.000000
vt 0.124595 3.165791 0.000000
vt -0.000000 3.089233 0.000000
vt 0.113670 3.129545 0.000000
vt 0.110000 3.092945 0.000000
vt 0.113537 3.056363 0.000000
vt 0.124365 3.020106 0.000000
vt -0.000000 2.934771 0.000000
vt 0.142251 2.986741 0.000000
vt 0.165533 2.958254 0.000000
vt 0.193895 2.934843 0.000000
vt 0.227180 2.916801 0.000000
vt 0.500000 3.398156 0.000000
vt 0.500000 2.780309 0.000000
vt 0.556408 -0.492636 0.000000
vt 0.636612 -0.376096 0.000000
vt 0.435325 -0.404465 0.000000
vt 0.515141 -0.287643 0.000000
vt -0.500000 3.829502 0.000000
vt -0.600000 3.729407 0.000000
vt 0.000000 3.829502 0.000000
vt 0.000000 3.655434 0.000000
vt -0.300000 3.671084 0.000000
vt -0.258216 3.666310 0.000000
vt -0.600000 3.564046 0.000000
vt -0.382570 3.651923 0.000000
vt -0.341784 3.666310 0.000000
vt -0.600000 3.398685 0.000000
vt -0.489999 3.480422 0.000000
vt -0.485187 3.522236 0.000000
vt -0.470902 3.563076 0.000000
vt -0.600000 3.233323 0.000000
vt -0.441640 3.353221 0.000000
vt -0.460770 3.378715 0.000000
vt -0.475709 3.407604 0.000000
vt -0.500000 3.133229 0.000000
vt 0.000000 3.133229 0.000000
vt -0.300000 3.289590 0.000000
vt -0.331344 3.292260 0.000000
vt -0.268656 3.292260 0.000000
vt 0.000000 3.307297 0.000000
vt -0.237290 3.300312 0.000000
vt -0.207599 3.313739 0.000000
vt -0.180949 3.331753 0.000000
vt -0.158360 3.353221 0.000000
vt -0.139230 3.378715 0.000000
vt -0.124291 3.407604 0.000000
vt 0.000000 3.481365 0.000000
vt -0.114539 3.438621 0.000000
vt -0.110001 3.480422 0.000000
vt -0.114813 3.522236 0.000000
vt -0.129098 3.563076 0.000000
vt -0.151981 3.599364 0.000000
vt -0.181266 3.628838 0.000000
vt -0.217430 3.651923 0.000000
vt -0.485461 3.438621 0.000000
vt -0.448019 3.599364 0.000000
vt -0.418734 3.628838 0.000000
vt -0.362710 3.300312 0.000000
vt -0.392401 3.313739 0.000000
vt -0.419051 3.331753 0.000000
vt 0.149784 0.500000 0.000000
vt -0.000000 0.500000 0.000000
vt 0.149784 0.000000 0.000000
vt -0.000000 -0.000000 0.000000
vt -0.678895 0.302293 0.000000
vt -0.720298 0.167016 0.000000
vt -0.536887 0.254662 0.000000
vt -0.577835 0.119231 0.000000
vt 0.263428 -2.040717 0.000000
vt -0.000000 -2.162463 0.000000
vt 0.300000 -2.044370 0.000000
vt 0.600000 -2.062343 0.000000
vt 0.336572 -2.040717 0.000000
vt 0.372767 -2.029707 0.000000
vt 0.406016 -2.011624 0.000000
vt 0.434349 -1.988183 0.000000
vt 0.457610 -1.959701 0.000000
vt 0.600000 -1.923141 0.000000
vt 0.475513 -1.926354 0.000000
vt 0.486395 -1.890118 0.000000
vt 0.490000 -1.853540 0.000000
vt 0.600000 -1.783939 0.000000
vt 0.486395 -1.816961 0.000000
vt 0.475513 -1.780725 0.000000
vt 0.457610 -1.747378 0.000000
vt 0.600000 -1.644736 0.000000
vt 0.434349 -1.718896 0.000000
vt 0.406016 -1.695455 0.000000
vt 0.372767 -1.677372 0.000000
vt 0.336572 -1.666362 0.000000
vt 0.300000 -1.662709 0.000000
vt -0.000000 -1.544616 0.000000
vt 0.263428 -1.666362 0.000000
vt -0.000000 -1.699078 0.000000
vt 0.227233 -1.677372 0.000000
vt 0.193984 -1.695455 0.000000
vt 0.165651 -1.718896 0.000000
vt 0.142390 -1.747378 0.000000
vt 0.124487 -1.780725 0.000000
vt -0.000000 -1.853540 0.000000
vt 0.113605 -1.816961 0.000000
vt 0.110000 -1.853540 0.000000
vt 0.113605 -1.890118 0.000000
vt 0.124487 -1.926354 0.000000
vt -0.000000 -2.008001 0.000000
vt 0.142390 -1.959701 0.000000
vt 0.165651 -1.988183 0.000000
vt 0.193984 -2.011624 0.000000
vt 0.227233 -2.029707 0.000000
vt 0.500000 -2.162463 0.000000
vt 0.500000 -1.544616 0.000000
vt -0.207715 -1.161574 0.000000
vt -0.246606 -1.306717 0.000000
vt -0.069561 -1.177948 0.000000
vt -0.082627 -1.327214 0.000000
vt 0.082627 -1.327214 0.000000
vt 0.069561 -1.177948 0.000000
vt 0.246606 -1.306717 0.000000
vt 0.207715 -1.161574 0.000000
vt 0.506830 0.095416 0.000000
vt 0.649293 0.143200 0.000000
vt 0.465883 0.230846 0.000000
vt 0.607891 0.278477 0.000000
vt -0.666725 0.328264 0.000000
vt -0.713317 0.194685 0.000000
vt -0.526660 0.275189 0.000000
vt -0.572804 0.141439 0.000000
vt 0.263428 -0.187178 0.000000
vt -0.000000 -0.308923 0.000000
vt 0.300000 -0.190831 0.000000
vt 0.600000 -0.208803 0.000000
vt 0.336572 -0.187178 0.000000
vt 0.372767 -0.176167 0.000000
vt 0.406016 -0.158084 0.000000
vt 0.434349 -0.134643 0.000000
vt 0.457610 -0.106162 0.000000
vt 0.600000 -0.069601 0.000000
vt 0.475513 -0.072815 0.000000
vt 0.486395 -0.036578 0.000000
vt 0.490000 0.000000 0.000000
vt 0.600000 0.069601 0.000000
vt 0.486395 0.036578 0.000000
vt 0.475513 0.072815 0.000000
vt 0.457610 0.106162 0.000000
vt 0.600000 0.208803 0.000000
vt 0.434349 0.134643 0.000000
vt 0.406016 0.158084 0.000000
vt 0.372767 0.176167 0.000000
vt 0.336572 0.187178 0.000000
vt 0.300000 0.190831 0.000000
vt -0.000000 0.308923 0.000000
vt 0.263428 0.187178 0.000000
vt -0.000000 0.154462 0.000000
vt 0.227233 0.176167 0.000000
vt 0.193984 0.158084 0.000000
vt 0.165651 0.134643 0.000000
vt 0.142390 0.106162 0.000000
vt 0.124487 0.072815 0.000000
vt -0.000000 0.000000 0.000000
vt 0.113605 0.036578 0.000000
vt 0.110000 0.000000 0.000000
vt 0.113605 -0.036578 0.000000
vt 0.124487 -0.072815 0.000000
vt -0.000000 -0.154462 0.000000
vt 0.142390 -0.106162 0.000000
vt 0.165651 -0.134643 0.000000
vt 0.193984 -0.158084 0.000000
vt 0.227233 -0.176167 0.000000
vt 0.500000 -0.308923 0.000000
vt 0.500000 0.308923 0.000000
vt 1.161574 -0.207715 0.000000
vt 1.306717 -0.246606 0.000000
vt 1.177948 -0.069561 0.000000
vt 1.327214 -0.082627 0.000000
vt 1.177948 0.069561 0.000000
vt 1.327214 0.082627 0.000000
vt 1.306717 0.246606 0.000000
vt 1.161574 0.207715 0.000000
vt -0.502771 -0.114902 0.000000
vt -0.643284 -0.168147 0.000000
vt -0.456628 -0.248651 0.000000
vt -0.596693 -0.301726 0.000000
vt -0.112459 -0.507631 0.000000
vt -0.243617 -0.454568 0.000000
vt -0.164443 -0.648105 0.000000
vt -0.295767 -0.595491 0.000000
vt 0.439791 1.254953 0.000000
vt 0.400900 1.109810 0.000000
vt 0.592050 1.190715 0.000000
vt 0.528733 1.054913 0.000000
vt 0.735164 1.108087 0.000000
vt 0.649215 0.985352 0.000000
vt 0.866926 1.008347 0.000000
vt 0.760674 0.902095 0.000000
vt 0.263430 1.046598 0.000000
vt -0.000000 0.926770 0.000000
vt 0.300000 1.042934 0.000000
vt 0.600000 1.026890 0.000000
vt 0.336570 1.046598 0.000000
vt 0.372756 1.057635 0.000000
vt 0.405989 1.075751 0.000000
vt 0.434305 1.099220 0.000000
vt 0.457554 1.127716 0.000000
vt 0.600000 1.166092 0.000000
vt 0.475459 1.161067 0.000000
vt 0.486363 1.197303 0.000000
vt 0.490000 1.233888 0.000000
vt 0.600000 1.305294 0.000000
vt 0.486427 1.270466 0.000000
vt 0.475570 1.306709 0.000000
vt 0.457673 1.340060 0.000000
vt 0.600000 1.444496 0.000000
vt 0.434402 1.368538 0.000000
vt 0.406052 1.391961 0.000000
vt 0.372787 1.410019 0.000000
vt 0.336578 1.421009 0.000000
vt 0.300000 1.424653 0.000000
vt 0.000000 1.544616 0.000000
vt 0.263421 1.421009 0.000000
vt -0.000000 1.390155 0.000000
vt 0.227212 1.410018 0.000000
vt 0.193946 1.391960 0.000000
vt 0.165598 1.368538 0.000000
vt 0.142326 1.340059 0.000000
vt 0.124430 1.306707 0.000000
vt -0.000000 1.235693 0.000000
vt 0.113573 1.270465 0.000000
vt 0.110000 1.233888 0.000000
vt 0.113637 1.197303 0.000000
vt 0.124541 1.161067 0.000000
vt 0.000000 1.081231 0.000000
vt 0.142446 1.127716 0.000000
vt 0.165695 1.099220 0.000000
vt 0.194011 1.075751 0.000000
vt 0.227244 1.057635 0.000000
vt 0.500000 1.544616 0.000000
vt 0.500000 0.926770 0.000000
vt -0.391706 -0.631543 0.000000
vt -0.263306 -0.690936 0.000000
vt -0.325227 -0.497320 0.000000
vt -0.196614 -0.556284 0.000000
vt -0.500000 1.740683 0.000000
vt -0.600000 1.640588 0.000000
vt -0.000000 1.740683 0.000000
vt -0.000000 1.566614 0.000000
vt -0.300000 1.583721 0.000000
vt -0.265995 1.580576 0.000000
vt -0.600000 1.475227 0.000000
vt -0.399446 1.555368 0.000000
vt -0.367861 1.571090 0.000000
vt -0.334005 1.580576 0.000000
vt -0.600000 1.309865 0.000000
vt -0.489039 1.374467 0.000000
vt -0.488936 1.413339 0.000000
vt -0.482073 1.447527 0.000000
vt -0.600000 1.144504 0.000000
vt -0.441202 1.265841 0.000000
vt -0.464502 1.298115 0.000000
vt -0.480910 1.335216 0.000000
vt -0.500000 1.044410 0.000000
vt -0.000000 1.044410 0.000000
vt -0.300000 1.202372 0.000000
vt -0.339119 1.206546 0.000000
vt -0.260881 1.206546 0.000000
vt -0.000000 1.218478 0.000000
vt -0.222406 1.219136 0.000000
vt -0.187639 1.239603 0.000000
vt -0.158797 1.265842 0.000000
vt -0.135497 1.298117 0.000000
vt -0.119090 1.335217 0.000000
vt 0.000000 1.392546 0.000000
vt -0.110961 1.374467 0.000000
vt -0.111064 1.413339 0.000000
vt -0.117927 1.447527 0.000000
vt -0.131119 1.480295 0.000000
vt -0.149918 1.509789 0.000000
vt -0.172894 1.534632 0.000000
vt -0.200556 1.555369 0.000000
vt -0.232140 1.571090 0.000000
vt -0.468881 1.480294 0.000000
vt -0.450083 1.509788 0.000000
vt -0.427106 1.534631 0.000000
vt -0.377593 1.219135 0.000000
vt -0.412360 1.239603 0.000000
vt 0.149784 0.500000 0.000000
vt -0.000000 0.500000 0.000000
vt 0.149784 0.000000 0.000000
vt 0.000000 0.000000 0.000000
vt 0.000515 -0.261650 0.000000
vt 0.000000 -0.298451 0.000000
vt 0.149784 -0.298451 0.000000
vt 0.000515 -0.335253 0.000000
vt 0.150364 -0.335263 0.000000
vt 0.001992 -0.373114 0.000000
vt 0.152029 -0.373127 0.000000
vt 0.004237 -0.410948 0.000000
vt 0.154561 -0.410958 0.000000
vt 0.006804 -0.447678 0.000000
vt 0.157457 -0.447679 0.000000
vt 0.009377 -0.484407 0.000000
vt 0.160360 -0.484399 0.000000
vt 0.011634 -0.522241 0.000000
vt 0.162910 -0.522228 0.000000
vt 0.013123 -0.560102 0.000000
vt 0.164592 -0.560091 0.000000
vt 0.165181 -0.596903 0.000000
vt 0.013644 -0.596903 0.000000
vt 0.165181 0.596903 0.000000
vt 0.013644 0.596903 0.000000
vt 0.164592 0.560091 0.000000
vt 0.013123 0.560102 0.000000
vt 0.011634 0.522241 0.000000
vt 0.162910 0.522228 0.000000
vt 0.009377 0.484407 0.000000
vt 0.160360 0.484399 0.000000
vt 0.006804 0.447678 0.000000
vt 0.157457 0.447679 0.000000
vt 0.154561 0.410958 0.000000
vt 0.004237 0.410948 0.000000
vt 0.152029 0.373127 0.000000
vt 0.001992 0.373114 0.000000
vt 0.150364 0.335263 0.000000
vt 0.000515 0.335253 0.000000
vt 0.149784 0.298451 0.000000
vt -0.000000 0.298451 0.000000
vt 0.000515 0.261650 0.000000
vt 0.150364 0.261639 0.000000
vt 0.001992 0.223789 0.000000
vt 0.152029 0.223775 0.000000
vt 0.004237 0.185954 0.000000
vt 0.154561 0.185945 0.000000
vt 0.006804 0.149225 0.000000
vt 0.157457 0.149224 0.000000
vt 0.009377 0.112495 0.000000
vt 0.160360 0.112504 0.000000
vt 0.011634 0.074661 0.000000
vt 0.162910 0.074674 0.000000
vt 0.013123 0.036801 0.000000
vt 0.164592 0.036811 0.000000
vt 0.165181 -0.000000 0.000000
vt 0.013644 0.000000 0.000000
vt 0.164592 -0.036811 0.000000
vt 0.013123 -0.036801 0.000000
vt 0.011634 -0.074661 0.000000
vt 0.162910 -0.074674 0.000000
vt 0.009377 -0.112495 0.000000
vt 0.160360 -0.112504 0.000000
vt 0.006804 -0.149225 0.000000
vt 0.157457 -0.149224 0.000000
vt 0.154561 -0.185945 0.000000
vt 0.004237 -0.185954 0.000000
vt 0.152029 -0.223775 0.000000
vt 0.001992 -0.223789 0.000000
vt 0.150364 -0.261639 0.000000
vt 0.149784 0.500000 0.000000
vt -0.000000 0.500000 0.000000
vt 0.149784 0.000000 0.000000
vt -0.000000 0.000000 0.000000
vt 0.149784 0.500000 0.000000
vt 0.000000 0.500000 0.000000
vt 0.149784 0.000000 0.000000
vt 0.000000 0.000000 0.000000
vt -0.500000 -0.348137 0.000000
vt 0.000000 -0.348137 0.000000
vt -0.600000 -0.248042 0.000000
vt -0.300000 -0.190652 0.000000
vt -0.336561 -0.187012 0.000000
vt -0.263439 -0.187012 0.000000
vt 0.000000 -0.174068 0.000000
vt -0.227245 -0.176032 0.000000
vt -0.193992 -0.157988 0.000000
vt -0.165650 -0.134581 0.000000
vt -0.142385 -0.106123 0.000000
vt -0.124482 -0.072792 0.000000
vt 0.000000 0.000000 0.000000
vt -0.113603 -0.036567 0.000000
vt -0.110000 0.000000 0.000000
vt -0.113603 0.036567 0.000000
vt -0.124482 0.072792 0.000000
vt 0.000000 0.174068 0.000000
vt -0.142385 0.106123 0.000000
vt -0.165650 0.134581 0.000000
vt -0.193992 0.157988 0.000000
vt -0.227245 0.176032 0.000000
vt -0.263439 0.187012 0.000000
vt -0.300000 0.190652 0.000000
vt -0.600000 0.248042 0.000000
vt -0.336561 0.187012 0.000000
vt -0.372755 0.176032 0.000000
vt -0.406008 0.157988 0.000000
vt -0.600000 0.082681 0.000000
vt -0.434350 0.134581 0.000000
vt -0.457615 0.106123 0.000000
vt -0.475518 0.072792 0.000000
vt -0.486397 0.036567 0.000000
vt -0.490000 -0.000000 0.000000
vt -0.600000 -0.082681 0.000000
vt -0.486397 -0.036567 0.000000
vt -0.475518 -0.072792 0.000000
vt -0.457615 -0.106123 0.000000
vt -0.434350 -0.134581 0.000000
vt -0.406008 -0.157988 0.000000
vt -0.372755 -0.176032 0.000000
vt 0.000000 0.348137 0.000000
vt -0.500000 0.348137 0.000000
vt 0.000000 -3.185658 0.000000
vt 0.000000 -3.343700 0.000000
vt 0.100114 -3.281264 0.000000
vt 0.205949 -3.383211 0.000000
vt 0.265515 -3.274461 0.000000
vt 0.411898 -3.383211 0.000000
vt 0.430509 -3.260793 0.000000
vt 0.612026 -3.408810 0.000000
vt 0.594762 -3.238758 0.000000
vt 0.000000 -3.501743 0.000000
vt 0.205949 -3.580764 0.000000
vt 0.411898 -3.580764 0.000000
vt 0.411898 -3.778316 0.000000
vt 0.612026 -3.752717 0.000000
vt 0.594762 -3.922769 0.000000
vt 0.430509 -3.900734 0.000000
vt 0.265515 -3.887066 0.000000
vt 0.205949 -3.778316 0.000000
vt 0.100114 -3.880263 0.000000
vt 0.000000 -3.817827 0.000000
vt 0.000000 -3.975869 0.000000
vt 0.000000 -3.659785 0.000000
vt 0.617847 -3.580764 0.000000
vt -0.000000 3.602331 0.000000
vt -0.000000 3.775514 0.000000
vt -0.100089 3.698037 0.000000
vt -0.174068 3.775514 0.000000
vt -0.290744 3.690614 0.000000
vt -0.348137 3.775514 0.000000
vt -0.480933 3.675149 0.000000
vt -0.522205 3.775514 0.000000
vt -0.670258 3.649871 0.000000
vt -0.689714 3.841508 0.000000
vt -0.522205 3.948697 0.000000
vt -0.696273 4.035289 0.000000
vt -0.522205 4.121880 0.000000
vt -0.689714 4.229070 0.000000
vt -0.522205 4.295064 0.000000
vt -0.670258 4.420707 0.000000
vt -0.480933 4.395428 0.000000
vt -0.348137 4.295064 0.000000
vt -0.290744 4.379964 0.000000
vt -0.174068 4.295064 0.000000
vt -0.100089 4.372540 0.000000
vt -0.000000 4.295064 0.000000
vt -0.000000 4.468247 0.000000
vt -0.174068 3.948697 0.000000
vt -0.000000 3.948697 0.000000
vt -0.174068 4.121880 0.000000
vt -0.000000 4.121880 0.000000
vt -0.348137 3.948697 0.000000
vt -0.348137 4.121880 0.000000
vt 0.400900 -1.109810 0.000000
vt 0.420346 -1.182382 0.000000
vt 0.558353 -1.039539 0.000000
vt 0.621736 -1.175487 0.000000
vt 0.789820 -1.069817 0.000000
vt 0.439791 -1.254953 0.000000
vt 0.703884 -0.947073 0.000000
vt 0.940299 -0.940299 0.000000
vt 0.834386 -0.834386 0.000000
vt 0.947073 -0.703884 0.000000
vt 1.069817 -0.789820 0.000000
vt 1.039539 -0.558353 0.000000
vt 1.175487 -0.621736 0.000000
vt 1.182382 -0.420346 0.000000
vt 1.254953 -0.439791 0.000000
vt 1.109810 -0.400900 0.000000
vt 1.109810 0.400900 0.000000
vt 1.182382 0.420346 0.000000
vt 1.054913 0.528733 0.000000
vt 1.190715 0.592050 0.000000
vt 1.108087 0.735164 0.000000
vt 1.254953 0.439791 0.000000
vt 1.008347 0.866926 0.000000
vt 0.955221 0.813800 0.000000
vt 0.985352 0.649215 0.000000
vt 0.902095 0.760674 0.000000
vt 0.000442 -0.353489 0.000000
vt 0.149910 -0.335092 0.000000
vt 0.000000 -0.318572 0.000000
vt 0.149957 -0.298280 0.000000
vt 0.000575 -0.279635 0.000000
vt 0.151166 -0.261474 0.000000
vt 0.002299 -0.239511 0.000000
vt 0.153453 -0.223636 0.000000
vt 0.004993 -0.198952 0.000000
vt 0.156556 -0.185843 0.000000
vt 0.008173 -0.159195 0.000000
vt 0.159939 -0.149162 0.000000
vt 0.011336 -0.120259 0.000000
vt 0.163246 -0.112471 0.000000
vt 0.014156 -0.079932 0.000000
vt 0.166108 -0.074662 0.000000
vt 0.016042 -0.039412 0.000000
vt 0.167983 -0.036810 0.000000
vt 0.016700 0.000000 0.000000
vt 0.168636 0.000000 0.000000
vt 0.167983 0.036810 0.000000
vt 0.150954 -0.372977 0.000000
vt 0.001688 -0.388844 0.000000
vt 0.152915 -0.410843 0.000000
vt 0.003500 -0.423827 0.000000
vt 0.155324 -0.447604 0.000000
vt 0.005529 -0.457654 0.000000
vt 0.157825 -0.484353 0.000000
vt 0.007580 -0.492217 0.000000
vt 0.160064 -0.522205 0.000000
vt 0.009346 -0.527509 0.000000
vt 0.161556 -0.560084 0.000000
vt 0.010497 -0.562704 0.000000
vt 0.162081 -0.596903 0.000000
vt 0.010900 -0.596903 0.000000
vt 0.162081 0.596903 0.000000
vt 0.010900 0.596903 0.000000
vt 0.010497 0.562704 0.000000
vt 0.161556 0.560084 0.000000
vt 0.009346 0.527508 0.000000
vt 0.160064 0.522207 0.000000
vt 0.007580 0.492216 0.000000
vt 0.157825 0.484354 0.000000
vt 0.005529 0.457653 0.000000
vt 0.155324 0.447604 0.000000
vt 0.003500 0.423826 0.000000
vt 0.152916 0.410845 0.000000
vt 0.001688 0.388843 0.000000
vt 0.150954 0.372979 0.000000
vt 0.000442 0.353489 0.000000
vt 0.149910 0.335093 0.000000
vt 0.000000 0.318572 0.000000
vt 0.149957 0.298280 0.000000
vt 0.000575 0.279635 0.000000
vt 0.151166 0.261474 0.000000
vt 0.002299 0.239510 0.000000
vt 0.153453 0.223636 0.000000
vt 0.004993 0.198950 0.000000
vt 0.156556 0.185843 0.000000
vt 0.008173 0.159194 0.000000
vt 0.159939 0.149162 0.000000
vt 0.011336 0.120257 0.000000
vt 0.163246 0.112471 0.000000
vt 0.014156 0.079931 0.000000
vt 0.166108 0.074662 0.000000
vt 0.016042 0.039411 0.000000
vt 0.149784 0.500000 0.000000
vt -0.000000 0.500000 0.000000
vt 0.149784 0.000000 0.000000
vt -0.000000 0.000000 0.000000
vt -0.409043 -1.321263 0.000000
vt -0.245426 -1.321263 0.000000
vt -0.308923 -1.215982 0.000000
vt -0.204522 -1.211158 0.000000
vt -0.308923 -1.177672 0.000000
vt -0.308923 -1.139362 0.000000
vt -0.154462 -1.101052 0.000000
vt -0.308923 -1.101052 0.000000
vt -0.081809 -1.321263 0.000000
vt -0.000000 -1.211158 0.000000
vt -0.000000 -1.101052 0.000000
vt 0.154462 -1.101052 0.000000
vt 0.204522 -1.211158 0.000000
vt 0.308923 -1.139362 0.000000
vt 0.308923 -1.177672 0.000000
vt 0.308923 -1.215982 0.000000
vt 0.245426 -1.321263 0.000000
vt 0.409043 -1.321263 0.000000
vt 0.081809 -1.321263 0.000000
vt 0.308923 -1.101052 0.000000
vt -0.448231 -1.556543 0.000000
vt -0.268939 -1.556543 0.000000
vt -0.348137 -1.451564 0.000000
vt -0.268939 -1.426831 0.000000
vt -0.348137 -1.400083 0.000000
vt -0.348137 -1.348601 0.000000
vt -0.348137 -1.297119 0.000000
vt -0.174068 -1.297119 0.000000
vt -0.089646 -1.426831 0.000000
vt 0.000000 -1.297119 0.000000
vt 0.089646 -1.426831 0.000000
vt 0.174068 -1.297119 0.000000
vt 0.268939 -1.426831 0.000000
vt 0.348137 -1.348601 0.000000
vt 0.348137 -1.400083 0.000000
vt 0.348137 -1.451564 0.000000
vt 0.268939 -1.556543 0.000000
vt 0.448231 -1.556543 0.000000
vt -0.089646 -1.556543 0.000000
vt 0.089646 -1.556543 0.000000
vt 0.348137 -1.297119 0.000000
vt 0.207715 1.161574 0.000000
vt 0.227161 1.234146 0.000000
vt 0.036222 1.179444 0.000000
vt 0.049305 1.328869 0.000000
vt -0.149096 1.321399 0.000000
vt 0.246606 1.306717 0.000000
vt -0.136045 1.172131 0.000000
vt -0.344173 1.284472 0.000000
vt -0.305406 1.139792 0.000000
vt -0.531578 1.218913 0.000000
vt -0.468248 1.083118 0.000000
vt -0.707134 1.126182 0.000000
vt -0.621091 1.003317 0.000000
vt -0.866926 1.008347 0.000000
vt -0.813800 0.955221 0.000000
vt -0.760674 0.902095 0.000000
vt 0.000657 -0.298964 0.000000
vt 0.149808 -0.261997 0.000000
vt 0.000000 -0.256838 0.000000
vt 0.150196 -0.224094 0.000000
vt 0.000362 -0.224288 0.000000
vt 0.001354 -0.191736 0.000000
vt 0.151555 -0.186194 0.000000
vt 0.002742 -0.159851 0.000000
vt 0.153450 -0.149391 0.000000
vt 0.004294 -0.128688 0.000000
vt 0.155529 -0.112612 0.000000
vt 0.005861 -0.096515 0.000000
vt 0.157441 -0.074732 0.000000
vt 0.007185 -0.063912 0.000000
vt 0.158734 -0.036832 0.000000
vt 0.008041 -0.031497 0.000000
vt 0.159193 0.000000 0.000000
vt 0.008342 -0.000000 0.000000
vt 0.008041 0.031497 0.000000
vt 0.158734 0.036831 0.000000
vt 0.007185 0.063912 0.000000
vt 0.157441 0.074729 0.000000
vt 0.005861 0.096515 0.000000
vt 0.155529 0.112608 0.000000
vt 0.004294 0.128688 0.000000
vt 0.153450 0.149391 0.000000
vt 0.002742 0.159851 0.000000
vt 0.151555 0.186191 0.000000
vt 0.001354 0.191736 0.000000
vt 0.150196 0.224091 0.000000
vt 0.000362 0.224288 0.000000
vt -0.000000 0.256838 0.000000
vt 0.149808 0.261996 0.000000
vt 0.000657 0.298964 0.000000
vt 0.150518 0.298803 0.000000
vt 0.152390 0.335599 0.000000
vt 0.002640 -0.341097 0.000000
vt 0.152390 -0.335600 0.000000
vt 0.150518 -0.298803 0.000000
vt 0.155333 -0.373408 0.000000
vt 0.005821 -0.384345 0.000000
vt 0.159040 -0.411159 0.000000
vt 0.009706 -0.427164 0.000000
vt 0.162940 -0.447795 0.000000
vt 0.013583 -0.468621 0.000000
vt 0.166675 -0.484458 0.000000
vt 0.017071 -0.511479 0.000000
vt 0.169871 -0.522247 0.000000
vt 0.019440 -0.554763 0.000000
vt 0.171950 -0.560090 0.000000
vt 0.020267 -0.596903 0.000000
vt 0.172671 -0.596903 0.000000
vt 0.172671 0.596903 0.000000
vt 0.020267 0.596903 0.000000
vt 0.171950 0.560089 0.000000
vt 0.019440 0.554763 0.000000
vt 0.169871 0.522243 0.000000
vt 0.017071 0.511479 0.000000
vt 0.166675 0.484453 0.000000
vt 0.013583 0.468621 0.000000
vt 0.162940 0.447794 0.000000
vt 0.009706 0.427164 0.000000
vt 0.159039 0.411154 0.000000
vt 0.005821 0.384345 0.000000
vt 0.155333 0.373404 0.000000
vt 0.002640 0.341097 0.000000
vt 0.149784 0.500000 0.000000
vt -0.000000 0.500000 0.000000
vt 0.149784 -0.000000 0.000000
vt -0.000000 -0.000000 0.000000
vt -0.409043 1.366939 0.000000
vt -0.245426 1.366939 0.000000
vt -0.308923 1.472025 0.000000
vt -0.204522 1.537806 0.000000
vt -0.308923 1.616621 0.000000
vt -0.204522 1.708673 0.000000
vt -0.308923 1.761217 0.000000
vt -0.204522 1.879541 0.000000
vt -0.308923 1.905812 0.000000
vt -0.308923 2.050408 0.000000
vt -0.154462 2.050408 0.000000
vt -0.000000 1.879541 0.000000
vt -0.000000 2.050408 0.000000
vt 0.154462 2.050408 0.000000
vt 0.204522 1.879541 0.000000
vt 0.308923 1.905812 0.000000
vt 0.308923 1.761217 0.000000
vt 0.204522 1.708673 0.000000
vt 0.308923 1.616621 0.000000
vt 0.204522 1.537806 0.000000
vt 0.308923 1.472025 0.000000
vt 0.245426 1.366939 0.000000
vt 0.409043 1.366939 0.000000
vt -0.081809 1.366939 0.000000
vt -0.000000 1.537806 0.000000
vt -0.000000 1.708673 0.000000
vt 0.081809 1.366939 0.000000
vt 0.308923 2.050408 0.000000
vt -0.448231 1.602218 0.000000
vt -0.268939 1.602218 0.000000
vt -0.348137 1.707042 0.000000
vt -0.268939 1.762440 0.000000
vt -0.348137 1.881113 0.000000
vt -0.268939 1.922662 0.000000
vt -0.348137 2.055185 0.000000
vt -0.268939 2.082884 0.000000
vt -0.348137 2.229256 0.000000
vt -0.268939 2.243106 0.000000
vt -0.348137 2.403327 0.000000
vt -0.174068 2.403327 0.000000
vt -0.089646 2.243106 0.000000
vt 0.000000 2.403327 0.000000
vt 0.089646 2.243106 0.000000
vt 0.174068 2.403327 0.000000
vt 0.268939 2.243106 0.000000
vt 0.348137 2.403327 0.000000
vt 0.348137 2.229256 0.000000
vt 0.268939 2.082884 0.000000
vt 0.348137 2.055185 0.000000
vt 0.268939 1.922662 0.000000
vt 0.348137 1.881113 0.000000
vt 0.268939 1.762440 0.000000
vt 0.348137 1.707042 0.000000
vt 0.268939 1.602218 0.000000
vt 0.448231 1.602218 0.000000
vt -0.089646 1.602218 0.000000
vt -0.089646 1.762440 0.000000
vt -0.089646 1.922662 0.000000
vt -0.089646 2.082884 0.000000
vt 0.089646 1.602218 0.000000
vt 0.089646 1.762440 0.000000
vt 0.089646 1.922662 0.000000
vt 0.089646 2.082884 0.000000
vt -1.161574 0.207715 0.000000
vt -1.234146 0.227161 0.000000
vt -1.179733 0.025101 0.000000
vt -1.329235 0.038189 0.000000
vt -1.318720 -0.171177 0.000000
vt -1.306717 0.246606 0.000000
vt -1.169358 -0.158120 0.000000
vt -1.275433 -0.376290 0.000000
vt -1.130700 -0.337516 0.000000
vt -1.200451 -0.572051 0.000000
vt -1.064694 -0.508749 0.000000
vt -1.095636 -0.753596 0.000000
vt -0.972937 -0.667678 0.000000
vt -0.963593 -0.916413 0.000000
vt -0.857648 -0.810457 0.000000
vt -0.807604 -1.056457 0.000000
vt -0.721615 -0.933634 0.000000
vt -0.631545 -1.170246 0.000000
vt -0.568128 -1.034229 0.000000
vt -0.439791 -1.254953 0.000000
vt -0.420346 -1.182382 0.000000
vt -0.400900 -1.109810 0.000000
vt 0.000515 -0.261650 0.000000
vt 0.000000 -0.298451 0.000000
vt 0.149784 -0.298451 0.000000
vt 0.000515 -0.335253 0.000000
vt 0.150364 -0.335263 0.000000
vt 0.001992 -0.373114 0.000000
vt 0.152029 -0.373127 0.000000
vt 0.004237 -0.410948 0.000000
vt 0.154561 -0.410958 0.000000
vt 0.006804 -0.447678 0.000000
vt 0.157457 -0.447679 0.000000
vt 0.009377 -0.484407 0.000000
vt 0.160360 -0.484399 0.000000
vt 0.011634 -0.522241 0.000000
vt 0.162910 -0.522228 0.000000
vt 0.013123 -0.560102 0.000000
vt 0.164592 -0.560091 0.000000
vt 0.165181 -0.596903 0.000000
vt 0.013644 -0.596903 0.000000
vt 0.165181 0.596903 0.000000
vt 0.013644 0.596903 0.000000
vt 0.164592 0.560091 0.000000
vt 0.013123 0.560102 0.000000
vt 0.011634 0.522241 0.000000
vt 0.162910 0.522228 0.000000
vt 0.009377 0.484407 0.000000
vt 0.160360 0.484399 0.000000
vt 0.006804 0.447678 0.000000
vt 0.157457 0.447679 0.000000
vt 0.154561 0.410958 0.000000
vt 0.004237 0.410948 0.000000
vt 0.152029 0.373127 0.000000
vt 0.001992 0.373114 0.000000
vt 0.150364 0.335263 0.000000
vt 0.000515 0.335253 0.000000
vt 0.149784 0.298451 0.000000
vt -0.000000 0.298451 0.000000
vt 0.000515 0.261650 0.000000
vt 0.150364 0.261639 0.000000
vt 0.001992 0.223789 0.000000
vt 0.152029 0.223775 0.000000
vt 0.004237 0.185954 0.000000
vt 0.154561 0.185945 0.000000
vt 0.006804 0.149225 0.000000
vt 0.157457 0.149224 0.000000
vt 0.009377 0.112495 0.000000
vt 0.160360 0.112504 0.000000
vt 0.011634 0.074661 0.000000
vt 0.162910 0.074674 0.000000
vt 0.013123 0.036801 0.000000
vt 0.164592 0.036811 0.000000
vt 0.165181 0.000000 0.000000
vt 0.013644 -0.000000 0.000000
vt 0.164592 -0.036811 0.000000
vt 0.013123 -0.036801 0.000000
vt 0.011634 -0.074661 0.000000
vt 0.162910 -0.074674 0.000000
vt 0.009377 -0.112495 0.000000
vt 0.160360 -0.112504 0.000000
vt 0.006804 -0.149225 0.000000
vt 0.157457 -0.149224 0.000000
vt 0.154561 -0.185945 0.000000
vt 0.004237 -0.185954 0.000000
vt 0.152029 -0.223775 0.000000
vt 0.001992 -0.223789 0.000000
vt 0.150364 -0.261639 0.000000
vt 0.149784 0.500000 0.000000
vt 0.000000 0.500000 0.000000
vt 0.149784 -0.000000 0.000000
vt -0.000000 -0.000000 0.000000
vt 0.149784 0.500000 0.000000
vt -0.000000 0.500000 0.000000
vt 0.149784 0.000000 0.000000
vt 0.000000 0.000000 0.000000
vt -0.500000 -2.436956 0.000000
vt 0.000000 -2.436956 0.000000
vt -0.600000 -2.336861 0.000000
vt -0.300000 -2.279472 0.000000
vt -0.336561 -2.275831 0.000000
vt -0.263439 -2.275831 0.000000
vt 0.000000 -2.262887 0.000000
vt -0.227245 -2.264851 0.000000
vt -0.193992 -2.246807 0.000000
vt -0.165650 -2.223400 0.000000
vt -0.142385 -2.194942 0.000000
vt -0.124482 -2.161611 0.000000
vt 0.000000 -2.088819 0.000000
vt -0.113603 -2.125386 0.000000
vt -0.110000 -2.088819 0.000000
vt -0.113603 -2.052252 0.000000
vt -0.124482 -2.016027 0.000000
vt 0.000000 -1.914751 0.000000
vt -0.142385 -1.982696 0.000000
vt -0.165650 -1.954239 0.000000
vt -0.193992 -1.930831 0.000000
vt -0.227245 -1.912787 0.000000
vt -0.263439 -1.901807 0.000000
vt -0.300000 -1.898167 0.000000
vt -0.600000 -1.840777 0.000000
vt -0.336561 -1.901807 0.000000
vt -0.372755 -1.912787 0.000000
vt -0.406008 -1.930831 0.000000
vt -0.600000 -2.006139 0.000000
vt -0.434350 -1.954239 0.000000
vt -0.457615 -1.982696 0.000000
vt -0.475518 -2.016027 0.000000
vt -0.486397 -2.052252 0.000000
vt -0.490000 -2.088819 0.000000
vt -0.600000 -2.171500 0.000000
vt -0.486397 -2.125386 0.000000
vt -0.475518 -2.161611 0.000000
vt -0.457615 -2.194942 0.000000
vt -0.434350 -2.223400 0.000000
vt -0.406008 -2.246807 0.000000
vt -0.372755 -2.264851 0.000000
vt 0.000000 -1.740683 0.000000
vt -0.500000 -1.740683 0.000000
vt 0.000000 1.770716 0.000000
vt 0.000000 1.642668 0.000000
vt 0.100114 1.693255 0.000000
vt 0.198226 1.611726 0.000000
vt 0.278887 1.699444 0.000000
vt 0.396452 1.611726 0.000000
vt 0.457156 1.712227 0.000000
vt 0.594677 1.611726 0.000000
vt 0.634480 1.733270 0.000000
vt 0.792903 1.611726 0.000000
vt 0.810193 1.765717 0.000000
vt 0.991129 1.611726 0.000000
vt 0.991129 1.772857 0.000000
vt 1.189355 1.611726 0.000000
vt 1.189355 1.772857 0.000000
vt 1.387580 1.611726 0.000000
vt 1.387580 1.772857 0.000000
vt 1.545111 1.939579 0.000000
vt 1.387580 1.933988 0.000000
vt 1.387580 2.095118 0.000000
vt 1.309583 2.024068 0.000000
vt 1.446767 2.256249 0.000000
vt 0.000000 1.514619 0.000000
vt 0.198226 1.450595 0.000000
vt 0.396452 1.450595 0.000000
vt 0.396452 1.289465 0.000000
vt 0.594677 1.289465 0.000000
vt 0.457156 1.188964 0.000000
vt 0.634480 1.167920 0.000000
vt 0.000000 1.386571 0.000000
vt 0.198226 1.289465 0.000000
vt 0.278887 1.201746 0.000000
vt 0.000000 1.258523 0.000000
vt 0.100114 1.207936 0.000000
vt 0.000000 1.130475 0.000000
vt 0.792903 1.289465 0.000000
vt 0.810193 1.135474 0.000000
vt 0.991129 1.289465 0.000000
vt 0.991129 1.128334 0.000000
vt 1.189355 1.128334 0.000000
vt 1.151194 1.007497 0.000000
vt 1.309583 0.877122 0.000000
vt 0.983157 1.085782 0.000000
vt 1.446767 0.644942 0.000000
vt 1.387580 0.806072 0.000000
vt 1.387580 0.967203 0.000000
vt 1.387580 1.128334 0.000000
vt 1.189355 1.289465 0.000000
vt 1.387580 1.289465 0.000000
vt 1.189355 1.450595 0.000000
vt 1.387580 1.450595 0.000000
vt 1.545111 0.961611 0.000000
vt 1.585806 1.450595 0.000000
vt 1.151194 1.893694 0.000000
vt 0.983157 1.815409 0.000000
vt 0.594677 1.450595 0.000000
vt 0.792903 1.450595 0.000000
vt 0.991129 1.450595 0.000000
vt -0.000000 1.283938 0.000000
vt -0.000000 1.424253 0.000000
vt -0.100089 1.361481 0.000000
vt -0.198567 1.387113 0.000000
vt -0.303167 1.354858 0.000000
vt -0.397134 1.387113 0.000000
vt -0.505690 1.340758 0.000000
vt -0.595700 1.387113 0.000000
vt -0.707159 1.317319 0.000000
vt -0.794267 1.387113 0.000000
vt -0.906821 1.281011 0.000000
vt -0.992834 1.387113 0.000000
vt -1.103389 1.225236 0.000000
vt -1.191401 1.387113 0.000000
vt -1.191401 1.222036 0.000000
vt -1.389967 1.387113 0.000000
vt -1.389967 1.222036 0.000000
vt -1.588534 1.387113 0.000000
vt -1.588534 1.222036 0.000000
vt -1.741240 1.083673 0.000000
vt -1.588534 1.056960 0.000000
vt -1.630413 0.726807 0.000000
vt -1.588534 0.891884 0.000000
vt -1.474474 0.989967 0.000000
vt -0.198567 1.552189 0.000000
vt -0.000000 1.564569 0.000000
vt -0.000000 1.704885 0.000000
vt -0.198567 1.717265 0.000000
vt -0.000000 1.845201 0.000000
vt -0.198567 1.882341 0.000000
vt -0.100089 1.907973 0.000000
vt -0.303167 1.914596 0.000000
vt -0.000000 1.985516 0.000000
vt -0.397134 1.882341 0.000000
vt -0.505690 1.928696 0.000000
vt -0.595700 1.882341 0.000000
vt -0.707159 1.952134 0.000000
vt -0.794267 1.882341 0.000000
vt -0.906821 1.988443 0.000000
vt -0.992834 1.882341 0.000000
vt -1.103389 2.044218 0.000000
vt -1.191401 1.882341 0.000000
vt -1.191401 2.047418 0.000000
vt -1.389967 2.047418 0.000000
vt -1.294396 2.132319 0.000000
vt -1.474474 2.279486 0.000000
vt -1.630413 2.542647 0.000000
vt -1.588534 2.377570 0.000000
vt -1.588534 2.212494 0.000000
vt -1.588534 2.047418 0.000000
vt -1.741240 2.185780 0.000000
vt -1.588534 1.882341 0.000000
vt -1.787101 1.634727 0.000000
vt -1.588534 1.717265 0.000000
vt -1.588534 1.552189 0.000000
vt -1.389967 1.552189 0.000000
vt -1.294396 1.137135 0.000000
vt -0.397134 1.552189 0.000000
vt -0.397134 1.717265 0.000000
vt -0.595700 1.552189 0.000000
vt -0.595700 1.717265 0.000000
vt -0.794267 1.552189 0.000000
vt -0.794267 1.717265 0.000000
vt -0.992834 1.552189 0.000000
vt -0.992834 1.717265 0.000000
vt -1.191401 1.552189 0.000000
vt -1.191401 1.717265 0.000000
vt -1.389967 1.717265 0.000000
vt -1.389967 1.882341 0.000000
vt -0.056569 0.348308 0.000000
vt 0.056569 0.348308 0.000000
vt -0.056569 0.440229 0.000000
vt 0.056569 0.440229 0.000000
vt 0.056569 0.532149 0.000000
vt 0.056569 0.624070 0.000000
vt -0.056569 0.624070 0.000000
vt -0.056569 0.532149 0.000000
vt 0.500000 -0.330672 0.000000
vt 0.080000 -0.330672 0.000000
vt 0.500000 -0.417939 0.000000
vt 0.080000 -0.417939 0.000000
vt 0.080000 -0.505205 0.000000
vt 0.080000 -0.592471 0.000000
vt 0.500000 -0.592471 0.000000
vt 0.500000 -0.505205 0.000000
vt 0.000000 0.080000 0.000000
vt 0.080000 0.000000 0.000000
vt 0.000000 0.500000 0.000000
vt 0.150000 0.500000 0.000000
vt 0.150000 0.000000 0.000000
vt -0.056569 -0.754740 0.000000
vt 0.056569 -0.754740 0.000000
vt -0.056569 -0.616859 0.000000
vt 0.056569 -0.616859 0.000000
vt -0.056569 -0.478978 0.000000
vt 0.056569 -0.478978 0.000000
vt -0.056569 -0.341097 0.000000
vt 0.056569 -0.341097 0.000000
vt 0.500000 0.716525 0.000000
vt 0.080000 0.716525 0.000000
vt 0.500000 0.585626 0.000000
vt 0.080000 0.585626 0.000000
vt 0.500000 0.454726 0.000000
vt 0.080000 0.454726 0.000000
vt 0.500000 0.323826 0.000000
vt 0.080000 0.323826 0.000000
vt 0.000000 0.080000 0.000000
vt 0.080000 0.000000 0.000000
vt 0.000000 0.500000 0.000000
vt 0.150000 0.500000 0.000000
vt 0.150000 0.000000 0.000000
vt -0.056569 -0.590894 0.000000
vt 0.056569 -0.590894 0.000000
vt -0.056569 -0.498973 0.000000
vt 0.056569 -0.498973 0.000000
vt 0.056569 -0.407052 0.000000
vt 0.056569 -0.315132 0.000000
vt -0.056569 -0.315132 0.000000
vt -0.056569 -0.407052 0.000000
vt 0.500000 -1.795219 0.000000
vt 0.080000 -1.795219 0.000000
vt 0.500000 -1.882486 0.000000
vt 0.080000 -1.882486 0.000000
vt 0.080000 -1.969752 0.000000
vt 0.080000 -2.057019 0.000000
vt 0.500000 -2.057019 0.000000
vt 0.500000 -1.969752 0.000000
vt -0.000000 0.080000 0.000000
vt 0.080000 0.000000 0.000000
vt -0.000000 0.500000 0.000000
vt 0.150000 0.500000 0.000000
vt 0.150000 0.000000 0.000000
vt -0.056569 0.374273 0.000000
vt 0.056569 0.374273 0.000000
vt -0.056569 0.512154 0.000000
vt 0.056569 0.512154 0.000000
vt -0.056569 0.650035 0.000000
vt 0.056569 0.650035 0.000000
vt -0.056569 0.787916 0.000000
vt 0.056569 0.787916 0.000000
vt 0.500000 2.000872 0.000000
vt 0.080000 2.000872 0.000000
vt 0.500000 1.869972 0.000000
vt 0.080000 1.869972 0.000000
vt 0.500000 1.739072 0.000000
vt 0.080000 1.739072 0.000000
vt 0.500000 1.608173 0.000000
vt 0.080000 1.608173 0.000000
vt 0.000000 0.080000 0.000000
vt 0.080000 0.000000 0.000000
vt 0.000000 0.500000 0.000000
vt 0.150000 0.500000 0.000000
vt 0.150000 0.000000 0.000000
vt -0.400000 -1.819881 0.000000
vt -0.000000 -1.697166 0.000000
vt -0.400000 -1.640588 0.000000
vt -0.000000 -1.566614 0.000000
vt -0.400000 -1.441862 0.000000
vt -0.000000 -1.436063 0.000000
vt -0.000000 -1.305512 0.000000
vt -0.400000 -1.999173 0.000000
vt -0.000000 -1.958268 0.000000
vt -0.000000 -1.827717 0.000000
vt -0.000000 -2.088819 0.000000
vt -0.400000 -2.178465 0.000000
vt -0.000000 -2.219370 0.000000
vt -0.400000 -2.357758 0.000000
vt -0.000000 -2.349922 0.000000
vt -0.000000 -2.480473 0.000000
vt -0.400000 -2.537050 0.000000
vt -0.000000 -2.611024 0.000000
vt -0.400000 -2.746898 0.000000
vt -0.000000 -2.741575 0.000000
vt -0.000000 -2.872126 0.000000
vt -0.400000 -2.956746 0.000000
vt -0.000000 -3.002678 0.000000
vt -0.400000 -3.166594 0.000000
vt -0.000000 -3.133229 0.000000
vt -0.000000 -3.263780 0.000000
vt -0.400000 -3.376441 0.000000
vt -0.000000 -3.394331 0.000000
vt -0.000000 -3.524882 0.000000
vt -0.400000 -3.586289 0.000000
vt -0.000000 -3.655434 0.000000
vt -0.400000 -3.796137 0.000000
vt -0.000000 -3.785985 0.000000
vt -0.000000 -3.916536 0.000000
vt -0.400000 -4.005985 0.000000
vt -0.000000 -4.047087 0.000000
vt 0.000000 4.308190 0.000000
vt -0.400000 4.349292 0.000000
vt -0.400000 4.139444 0.000000
vt 0.000000 4.177638 0.000000
vt -0.000000 4.047087 0.000000
vt -0.400000 3.929596 0.000000
vt -0.000000 3.916536 0.000000
vt -0.000000 3.785985 0.000000
vt -0.400000 3.750304 0.000000
vt -0.000000 3.655434 0.000000
vt -0.400000 3.571012 0.000000
vt -0.000000 3.524882 0.000000
vt -0.400000 3.391719 0.000000
vt -0.000000 3.394331 0.000000
vt -0.000000 3.263780 0.000000
vt -0.400000 3.212427 0.000000
vt -0.000000 3.133229 0.000000
vt -0.400000 3.033134 0.000000
vt -0.000000 3.002678 0.000000
vt -0.000000 2.872126 0.000000
vt -0.400000 2.834408 0.000000
vt -0.000000 2.741575 0.000000
vt -0.400000 2.635682 0.000000
vt -0.000000 2.611024 0.000000
vt -0.000000 2.480473 0.000000
vt -0.400000 2.436956 0.000000
vt -0.000000 2.349922 0.000000
vt -0.400000 2.238230 0.000000
vt -0.000000 2.219370 0.000000
vt -0.000000 2.088819 0.000000
vt -0.400000 2.039503 0.000000
vt -0.000000 1.958268 0.000000
vt -0.400000 1.840777 0.000000
vt -0.000000 1.827717 0.000000
vt -0.000000 1.697166 0.000000
vt -0.400000 1.661485 0.000000
vt -0.000000 1.566614 0.000000
vt -0.400000 1.482192 0.000000
vt -0.000000 1.436063 0.000000
vt -0.400000 1.302900 0.000000
vt -0.000000 1.305512 0.000000
vt -0.000000 1.174961 0.000000
vt -0.400000 1.123608 0.000000
vt -0.000000 1.044410 0.000000
vt -0.400000 0.944315 0.000000
vt -0.000000 0.913858 0.000000
vt -0.400000 0.778954 0.000000
vt -0.000000 0.783307 0.000000
vt -0.000000 0.652756 0.000000
vt -0.400000 0.613592 0.000000
vt -0.000000 0.522205 0.000000
vt -0.400000 0.448231 0.000000
vt -0.000000 0.391654 0.000000
vt -0.400000 0.268939 0.000000
vt -0.000000 0.261102 0.000000
vt -0.000000 0.130551 0.000000
vt -0.400000 0.089646 0.000000
vt -0.000000 0.000000 0.000000
vt -0.400000 -0.089646 0.000000
vt -0.000000 -0.130551 0.000000
vt -0.400000 -0.268939 0.000000
vt -0.000000 -0.261102 0.000000
vt -0.000000 -0.391654 0.000000
vt -0.400000 -0.448231 0.000000
vt -0.000000 -0.522205 0.000000
vt -0.400000 -0.646957 0.000000
vt -0.000000 -0.652756 0.000000
vt -0.000000 -0.783307 0.000000
vt -0.400000 -0.845683 0.000000
vt -0.000000 -0.913858 0.000000
vt -0.400000 -1.044410 0.000000
vt -0.000000 -1.044410 0.000000
vt -0.000000 -1.174961 0.000000
vt -0.400000 -1.243136 0.000000
vt -0.312219 -2.107333 0.000000
vt -0.294102 -2.103001 0.000000
vt -0.308100 -2.090927 0.000000
vt -0.276057 -2.098384 0.000000
vt -0.308037 -2.074012 0.000000
vt -0.258793 -2.065018 0.000000
vt -0.312033 -2.057576 0.000000
vt -0.266186 -2.037521 0.000000
vt -0.319855 -2.042578 0.000000
vt -0.279850 -2.012540 0.000000
vt -0.331046 -2.029894 0.000000
vt -0.299015 -1.991482 0.000000
vt -0.344953 -2.020265 0.000000
vt -0.322602 -1.975532 0.000000
vt -0.360764 -2.014253 0.000000
vt -0.349283 -1.965587 0.000000
vt -0.377555 -2.012209 0.000000
vt -0.377555 -1.962209 0.000000
vt -0.777555 -1.962209 0.000000
vt -0.258086 -2.093483 0.000000
vt -0.795672 -1.959824 0.000000
vt -0.808613 -2.008120 0.000000
vt -0.777555 -2.012209 0.000000
vt -0.837555 -1.996132 0.000000
vt -0.812555 -1.952831 0.000000
vt -0.862408 -1.977062 0.000000
vt -0.827053 -1.941707 0.000000
vt -0.881478 -1.952209 0.000000
vt -0.838177 -1.927209 0.000000
vt -0.893466 -1.923268 0.000000
vt -0.845170 -1.910327 0.000000
vt -0.897555 -1.892209 0.000000
vt -0.847555 -1.892209 0.000000
vt -0.845170 -1.874092 0.000000
vt -0.893466 -1.861151 0.000000
vt -0.838177 -1.857209 0.000000
vt -0.881478 -1.832209 0.000000
vt -0.827053 -1.842712 0.000000
vt -0.862408 -1.807357 0.000000
vt -0.812555 -1.831588 0.000000
vt -0.837555 -1.788286 0.000000
vt -0.795672 -1.824595 0.000000
vt -0.808613 -1.776298 0.000000
vt -0.777555 -1.822209 0.000000
vt -0.777555 -1.772209 0.000000
vt -0.377555 -1.772209 0.000000
vt -0.377555 -1.822209 0.000000
vt -0.347534 -1.818393 0.000000
vt -0.359438 -1.769824 0.000000
vt -0.319423 -1.807189 0.000000
vt -0.342555 -1.762831 0.000000
vt -0.295008 -1.789307 0.000000
vt -0.328058 -1.751707 0.000000
vt -0.275844 -1.765886 0.000000
vt -0.316933 -1.737209 0.000000
vt -0.263148 -1.738416 0.000000
vt -0.309940 -1.720327 0.000000
vt -0.257728 -1.708643 0.000000
vt -0.307555 -1.702209 0.000000
vt -0.259929 -1.678461 0.000000
vt -0.309940 -1.684092 0.000000
vt -0.269610 -1.649789 0.000000
vt -0.316933 -1.667209 0.000000
vt -0.286157 -1.624451 0.000000
vt -0.328058 -1.652712 0.000000
vt -0.308516 -1.604058 0.000000
vt -0.342555 -1.641588 0.000000
vt -0.359438 -1.634595 0.000000
vt -0.377555 -1.632209 0.000000
vt -0.421272 -1.543879 0.000000
vt -0.442282 -1.632209 0.000000
vt -0.577555 -1.557552 0.000000
vt -0.601578 -1.641259 0.000000
vt -0.733838 -1.543879 0.000000
vt -0.760242 -1.624445 0.000000
vt -0.885373 -1.503275 0.000000
vt -0.914103 -1.582209 0.000000
vt -0.269737 -1.503275 0.000000
vt -0.285840 -1.597317 0.000000
vt -0.263333 -1.590033 0.000000
vt -0.241007 -1.582209 0.000000
vt 0.065527 -0.034475 0.000000
vt 0.096966 0.010653 0.000000
vt 0.021884 -0.005555 0.000000
vt 0.051190 0.040987 0.000000
vt -0.023057 0.021303 0.000000
vt 0.004051 0.069158 0.000000
vt -0.069199 0.046041 0.000000
vt -0.044346 0.095106 0.000000
vt -1.901151 -1.087915 0.000000
vt -1.900935 -1.087893 0.000000
vt -1.907555 -0.957552 0.000000
vt -1.907339 -0.957552 0.000000
vt -1.900935 -0.827210 0.000000
vt -1.881787 -1.216980 0.000000
vt -1.881999 -1.217022 0.000000
vt -1.850079 -1.343568 0.000000
vt -1.850286 -1.343630 0.000000
vt -1.806115 -1.466438 0.000000
vt -1.806315 -1.466521 0.000000
vt -1.750320 -1.584407 0.000000
vt -1.750510 -1.584509 0.000000
vt -1.683230 -1.696340 0.000000
vt -1.683410 -1.696460 0.000000
vt -1.605492 -1.801158 0.000000
vt -1.605659 -1.801295 0.000000
vt -1.517854 -1.897851 0.000000
vt -1.518007 -1.898004 0.000000
vt -1.421161 -1.985488 0.000000
vt -1.421298 -1.985656 0.000000
vt -1.316343 -2.063226 0.000000
vt -1.316463 -2.063406 0.000000
vt -1.204411 -2.130316 0.000000
vt -1.204513 -2.130507 0.000000
vt -1.086441 -2.186112 0.000000
vt -1.086524 -2.186312 0.000000
vt -0.963571 -2.230075 0.000000
vt -0.963634 -2.230282 0.000000
vt -0.836983 -2.261784 0.000000
vt -0.837025 -2.261996 0.000000
vt -0.707897 -2.280932 0.000000
vt -0.707918 -2.281148 0.000000
vt -0.577555 -2.287335 0.000000
vt -0.577555 -2.287552 0.000000
vt -0.447192 -2.281148 0.000000
vt -0.447213 -2.280932 0.000000
vt -0.318085 -2.261996 0.000000
vt -0.318127 -2.261784 0.000000
vt -0.191476 -2.230282 0.000000
vt -0.191539 -2.230075 0.000000
vt -0.068586 -2.186312 0.000000
vt -0.068669 -2.186112 0.000000
vt 0.049403 -2.130507 0.000000
vt 0.049301 -2.130316 0.000000
vt 0.161353 -2.063406 0.000000
vt 0.161233 -2.063226 0.000000
vt 0.266188 -1.985656 0.000000
vt 0.266051 -1.985488 0.000000
vt 0.362897 -1.898004 0.000000
vt 0.362744 -1.897851 0.000000
vt 0.450549 -1.801295 0.000000
vt 0.450382 -1.801158 0.000000
vt 0.528300 -1.696460 0.000000
vt 0.528120 -1.696340 0.000000
vt 0.595400 -1.584509 0.000000
vt 0.595209 -1.584407 0.000000
vt 0.651205 -1.466521 0.000000
vt 0.651005 -1.466438 0.000000
vt 0.695176 -1.343630 0.000000
vt 0.694969 -1.343568 0.000000
vt 0.726889 -1.217022 0.000000
vt 0.726677 -1.216980 0.000000
vt 0.746041 -1.087915 0.000000
vt 0.745825 -1.087893 0.000000
vt 0.752229 -0.957552 0.000000
vt 0.752445 -0.957552 0.000000
vt 0.745825 -0.827210 0.000000
vt 0.746041 -0.827189 0.000000
vt 0.726677 -0.698124 0.000000
vt 0.726889 -0.698082 0.000000
vt 0.694969 -0.571536 0.000000
vt 0.695176 -0.571473 0.000000
vt 0.651005 -0.448666 0.000000
vt 0.651205 -0.448583 0.000000
vt 0.595209 -0.330696 0.000000
vt 0.595400 -0.330594 0.000000
vt 0.528120 -0.218764 0.000000
vt 0.528300 -0.218643 0.000000
vt 0.450382 -0.113946 0.000000
vt 0.450549 -0.113809 0.000000
vt 0.362744 -0.017253 0.000000
vt 0.362897 -0.017100 0.000000
vt 0.266051 0.070385 0.000000
vt 0.266188 0.070552 0.000000
vt 0.161233 0.148123 0.000000
vt 0.161353 0.148303 0.000000
vt 0.049301 0.215213 0.000000
vt 0.049403 0.215403 0.000000
vt -0.068669 0.271008 0.000000
vt -0.068586 0.271208 0.000000
vt -0.191539 0.314972 0.000000
vt -0.191476 0.315179 0.000000
vt -0.318127 0.346680 0.000000
vt -0.318085 0.346893 0.000000
vt -0.447213 0.365829 0.000000
vt -0.447192 0.366044 0.000000
vt -0.577555 0.372232 0.000000
vt -0.577555 0.372448 0.000000
vt -0.707918 0.366044 0.000000
vt -0.707897 0.365829 0.000000
vt -0.837025 0.346893 0.000000
vt -0.836983 0.346680 0.000000
vt -0.963634 0.315179 0.000000
vt -0.963571 0.314972 0.000000
vt -1.086524 0.271208 0.000000
vt -1.086441 0.271008 0.000000
vt -1.204513 0.215403 0.000000
vt -1.204411 0.215213 0.000000
vt -1.316463 0.148303 0.000000
vt -1.316343 0.148123 0.000000
vt -1.421298 0.070552 0.000000
vt -1.421161 0.070385 0.000000
vt -1.518007 -0.017100 0.000000
vt -1.517854 -0.017253 0.000000
vt -1.605659 -0.113809 0.000000
vt -1.605492 -0.113946 0.000000
vt -1.683410 -0.218643 0.000000
vt -1.683230 -0.218764 0.000000
vt -1.750510 -0.330594 0.000000
vt -1.750320 -0.330696 0.000000
vt -1.806315 -0.448583 0.000000
vt -1.806115 -0.448666 0.000000
vt -1.850286 -0.571473 0.000000
vt -1.850079 -0.571536 0.000000
vt -1.881999 -0.698082 0.000000
vt -1.881787 -0.698124 0.000000
vt -1.901151 -0.827189 0.000000
vt -0.500000 0.177205 0.000000
vt -0.000000 0.177205 0.000000
vt -0.500000 0.205746 0.000000
vt -0.000000 0.205746 0.000000
vt -0.500000 0.234287 0.000000
vt -0.000000 0.234287 0.000000
vt -0.500000 0.262828 0.000000
vt -0.000000 0.262828 0.000000
vt -0.500000 0.291369 0.000000
vt -0.000000 0.291369 0.000000
vt -0.500000 0.319909 0.000000
vt -0.000000 0.319909 0.000000
vt -0.500000 0.348450 0.000000
vt -0.000000 0.348450 0.000000
vt -0.500000 0.376991 0.000000
vt -0.000000 0.376991 0.000000
vt 0.000000 0.101215 0.000000
vt -0.000000 0.084259 0.000000
vt 0.250000 0.101215 0.000000
vt 0.500000 0.084259 0.000000
vt 0.500000 0.101215 0.000000
vt 0.250000 0.118172 0.000000
vt 0.500000 0.118172 0.000000
vt 0.250000 0.135129 0.000000
vt 0.500000 0.135129 0.000000
vt 0.250000 0.152085 0.000000
vt 0.500000 0.152085 0.000000
vt 0.250000 0.169042 0.000000
vt 0.500000 0.169042 0.000000
vt 0.250000 0.185998 0.000000
vt 0.500000 0.185998 0.000000
vt 0.250000 0.202955 0.000000
vt 0.500000 0.202955 0.000000
vt 0.500000 0.219911 0.000000
vt 0.000000 0.219911 0.000000
vt -0.000000 0.202955 0.000000
vt -0.000000 0.185998 0.000000
vt -0.000000 0.169042 0.000000
vt 0.000000 0.152085 0.000000
vt 0.000000 0.135129 0.000000
vt 0.000000 0.118172 0.000000
vt 0.500000 -0.219911 0.000000
vt 0.000000 -0.219911 0.000000
vt 0.250000 -0.238237 0.000000
vt -0.000000 -0.238237 0.000000
vt 0.250000 -0.256563 0.000000
vt -0.000000 -0.256563 0.000000
vt 0.250000 -0.274889 0.000000
vt -0.000000 -0.274889 0.000000
vt 0.250000 -0.293215 0.000000
vt -0.000000 -0.293215 0.000000
vt 0.250000 -0.311541 0.000000
vt -0.000000 -0.311541 0.000000
vt 0.250000 -0.329867 0.000000
vt 0.000000 -0.329867 0.000000
vt 0.250000 -0.348193 0.000000
vt -0.000000 -0.348193 0.000000
vt 0.250000 -0.366519 0.000000
vt 0.000000 -0.366519 0.000000
vt 0.250000 -0.384845 0.000000
vt 0.000000 -0.384845 0.000000
vt 0.250000 -0.403171 0.000000
vt 0.000000 -0.403171 0.000000
vt 0.250000 -0.421497 0.000000
vt -0.000000 -0.421497 0.000000
vt -0.000000 -0.439823 0.000000
vt 0.500000 -0.439823 0.000000
vt 0.500000 -0.421497 0.000000
vt 0.500000 -0.403171 0.000000
vt 0.500000 -0.384845 0.000000
vt 0.500000 -0.366519 0.000000
vt 0.500000 -0.348193 0.000000
vt 0.500000 -0.329867 0.000000
vt 0.500000 -0.311541 0.000000
vt 0.500000 -0.293215 0.000000
vt 0.500000 -0.274889 0.000000
vt 0.500000 -0.256563 0.000000
vt 0.500000 -0.238237 0.000000
vt -0.000000 0.000000 0.000000
vt 0.064727 0.000000 0.000000
vt -0.000000 0.500000 0.000000
vt 0.064727 0.500000 0.000000
vt -0.500000 0.000000 0.000000
vt -0.000000 0.000000 0.000000
vt -0.500000 0.030343 0.000000
vt -0.000000 0.030343 0.000000
vt -0.500000 0.060686 0.000000
vt -0.000000 0.060686 0.000000
vt -0.500000 0.091029 0.000000
vt -0.000000 0.091029 0.000000
vt -0.500000 0.121373 0.000000
vt -0.000000 0.121373 0.000000
vt -0.500000 0.151716 0.000000
vt -0.000000 0.151716 0.000000
vt -0.500000 0.182059 0.000000
vt -0.000000 0.182059 0.000000
vt -0.500000 0.212402 0.000000
vt -0.000000 0.212402 0.000000
vt -0.500000 0.242745 0.000000
vt -0.000000 0.242745 0.000000
vt -0.500000 0.273088 0.000000
vt -0.000000 0.273088 0.000000
vt -0.500000 0.303431 0.000000
vt -0.000000 0.303431 0.000000
vt 0.000000 0.000000 0.000000
vt 0.400000 0.000000 0.000000
vt -0.000000 0.500000 0.000000
vt 0.400000 0.500000 0.000000
vt 0.500000 -0.219911 0.000000
vt -0.000000 -0.219911 0.000000
vt 0.250000 -0.238237 0.000000
vt 0.000000 -0.238237 0.000000
vt 0.250000 -0.256563 0.000000
vt 0.000000 -0.256563 0.000000
vt 0.250000 -0.274889 0.000000
vt 0.000000 -0.274889 0.000000
vt 0.250000 -0.293215 0.000000
vt 0.000000 -0.293215 0.000000
vt 0.250000 -0.311541 0.000000
vt -0.000000 -0.311541 0.000000
vt 0.250000 -0.329867 0.000000
vt 0.000000 -0.329867 0.000000
vt 0.250000 -0.348193 0.000000
vt 0.000000 -0.348193 0.000000
vt 0.250000 -0.366519 0.000000
vt 0.000000 -0.366519 0.000000
vt 0.250000 -0.384845 0.000000
vt 0.000000 -0.384845 0.000000
vt 0.250000 -0.403171 0.000000
vt 0.000000 -0.403171 0.000000
vt 0.250000 -0.421497 0.000000
vt -0.000000 -0.421497 0.000000
vt 0.000000 -0.439823 0.000000
vt 0.500000 -0.439823 0.000000
vt 0.500000 -0.421497 0.000000
vt 0.500000 -0.403171 0.000000
vt 0.500000 -0.384845 0.000000
vt 0.500000 -0.366519 0.000000
vt 0.500000 -0.348193 0.000000
vt 0.500000 -0.329867 0.000000
vt 0.500000 -0.311541 0.000000
vt 0.500000 -0.293215 0.000000
vt 0.500000 -0.274889 0.000000
vt 0.500000 -0.256563 0.000000
vt 0.500000 -0.238237 0.000000
vt -0.000000 0.000000 0.000000
vt 0.400000 0.000000 0.000000
vt -0.000000 0.500000 0.000000
vt 0.400000 0.500000 0.000000
vt 0.000000 0.000000 0.000000
vt 0.400000 0.000000 0.000000
vt -0.000000 0.500000 0.000000
vt 0.400000 0.500000 0.000000
vt -0.500000 0.000000 0.000000
vt -0.000000 0.000000 0.000000
vt -0.500000 0.031416 0.000000
vt -0.000000 0.031416 0.000000
vt -0.500000 0.062832 0.000000
vt -0.000000 0.062832 0.000000
vt -0.500000 0.094248 0.000000
vt -0.000000 0.094248 0.000000
vt -0.500000 0.125664 0.000000
vt -0.000000 0.125664 0.000000
vt -0.500000 0.157080 0.000000
vt -0.000000 0.157080 0.000000
vt -0.500000 0.188496 0.000000
vt -0.000000 0.188496 0.000000
vt -0.500000 0.219911 0.000000
vt -0.000000 0.219911 0.000000
vt -0.500000 0.251327 0.000000
vt -0.000000 0.251327 0.000000
vt -0.500000 0.282743 0.000000
vt -0.000000 0.282743 0.000000
vt -0.500000 0.314159 0.000000
vt -0.000000 0.314159 0.000000
vt -0.500000 0.345575 0.000000
vt -0.000000 0.345575 0.000000
vt -0.500000 0.376991 0.000000
vt -0.000000 0.376991 0.000000
vt 0.000000 0.000000 0.000000
vt 0.400000 0.000000 0.000000
vt 0.000000 0.500000 0.000000
vt 0.400000 0.500000 0.000000
vt -0.000000 0.479183 0.000000
vt -0.500000 0.479183 0.000000
vt -0.000000 0.319455 0.000000
vt -0.500000 0.319455 0.000000
vt -0.000000 0.159728 0.000000
vt -0.500000 0.159728 0.000000
vt -0.000000 0.000000 0.000000
vt -0.500000 0.000000 0.000000
vt -0.500000 0.615989 0.000000
vt -0.000000 0.615989 0.000000
vt -0.500000 0.639647 0.000000
vt -0.000000 0.639647 0.000000
vt -0.500000 0.663304 0.000000
vt -0.000000 0.663304 0.000000
vt -0.500000 0.686962 0.000000
vt -0.000000 0.686962 0.000000
vt 0.000000 0.000000 0.000000
vt 0.084000 0.000000 0.000000
vt 0.000000 0.500000 0.000000
vt 0.084000 0.500000 0.000000
vt 0.500000 0.628319 0.000000
vt 0.000000 0.628319 0.000000
vt 0.500000 0.471239 0.000000
vt 0.000000 0.471239 0.000000
vt 0.500000 0.314159 0.000000
vt 0.000000 0.314159 0.000000
vt 0.500000 0.157080 0.000000
vt 0.000000 0.157080 0.000000
vt 0.500000 0.000000 0.000000
vt 0.000000 0.000000 0.000000
vt 0.000000 0.000000 0.000000
vt 0.084000 0.000000 0.000000
vt -0.000000 0.500000 0.000000
vt 0.084000 0.500000 0.000000
vt -0.000000 -3.964045 0.000000
vt -0.500000 -4.047746 0.000000
vt -0.000000 -4.178318 0.000000
vt -0.500000 -4.178318 0.000000
vt -0.000000 4.178318 0.000000
vt -0.500000 4.178318 0.000000
vt -0.500000 4.047746 0.000000
vt -0.500000 -3.917173 0.000000
vt -0.000000 -3.749773 0.000000
vt -0.500000 -3.786601 0.000000
vt -0.500000 -3.656028 0.000000
vt -0.000000 -3.535500 0.000000
vt -0.500000 -3.525456 0.000000
vt -0.500000 -3.394884 0.000000
vt -0.000000 -3.321227 0.000000
vt -0.500000 -3.264311 0.000000
vt -0.000000 -3.106955 0.000000
vt -0.500000 -3.133739 0.000000
vt -0.500000 -3.003166 0.000000
vt -0.000000 -2.892682 0.000000
vt -0.500000 -2.872594 0.000000
vt -0.500000 -2.742021 0.000000
vt -0.000000 -2.678409 0.000000
vt -0.500000 -2.611449 0.000000
vt -0.000000 -2.464136 0.000000
vt -0.500000 -2.480876 0.000000
vt -0.500000 -2.350304 0.000000
vt -0.000000 -2.249864 0.000000
vt -0.500000 -2.219732 0.000000
vt -0.500000 -2.089159 0.000000
vt -0.000000 -2.035591 0.000000
vt -0.500000 -1.958587 0.000000
vt -0.000000 -1.821318 0.000000
vt -0.500000 -1.828014 0.000000
vt -0.500000 -1.697442 0.000000
vt -0.000000 -1.607045 0.000000
vt -0.500000 -1.566869 0.000000
vt -0.500000 -1.436297 0.000000
vt -0.000000 -1.392773 0.000000
vt -0.500000 -1.305724 0.000000
vt -0.000000 -1.178500 0.000000
vt -0.500000 -1.175152 0.000000
vt -0.500000 -1.044580 0.000000
vt -0.000000 -0.964227 0.000000
vt -0.500000 -0.914007 0.000000
vt -0.000000 -0.749955 0.000000
vt -0.500000 -0.783435 0.000000
vt -0.500000 -0.652862 0.000000
vt -0.000000 -0.535682 0.000000
vt -0.500000 -0.522290 0.000000
vt -0.500000 -0.391717 0.000000
vt -0.000000 -0.321409 0.000000
vt -0.500000 -0.261145 0.000000
vt -0.000000 -0.107136 0.000000
vt -0.500000 -0.130572 0.000000
vt -0.500000 0.000000 0.000000
vt -0.000000 0.107136 0.000000
vt -0.500000 0.130572 0.000000
vt -0.500000 0.261145 0.000000
vt -0.000000 0.321409 0.000000
vt -0.500000 0.391717 0.000000
vt -0.000000 0.535682 0.000000
vt -0.500000 0.522290 0.000000
vt -0.500000 0.652862 0.000000
vt -0.000000 0.749955 0.000000
vt -0.500000 0.783435 0.000000
vt -0.500000 0.914007 0.000000
vt -0.000000 0.964227 0.000000
vt -0.500000 1.044580 0.000000
vt -0.000000 1.178500 0.000000
vt -0.500000 1.175152 0.000000
vt -0.500000 1.305724 0.000000
vt -0.000000 1.392773 0.000000
vt -0.500000 1.436297 0.000000
vt -0.000000 1.607045 0.000000
vt -0.500000 1.566869 0.000000
vt -0.500000 1.697442 0.000000
vt -0.000000 1.821318 0.000000
vt -0.500000 1.828014 0.000000
vt -0.500000 1.958587 0.000000
vt -0.000000 2.035591 0.000000
vt -0.500000 2.089159 0.000000
vt -0.000000 2.249864 0.000000
vt -0.500000 2.219732 0.000000
vt -0.500000 2.350304 0.000000
vt -0.000000 2.464136 0.000000
vt -0.500000 2.480876 0.000000
vt -0.500000 2.611449 0.000000
vt -0.000000 2.678409 0.000000
vt -0.500000 2.742021 0.000000
vt -0.000000 2.892682 0.000000
vt -0.500000 2.872594 0.000000
vt -0.500000 3.003166 0.000000
vt -0.000000 3.106955 0.000000
vt -0.500000 3.133739 0.000000
vt -0.500000 3.264311 0.000000
vt -0.000000 3.321227 0.000000
vt -0.500000 3.394884 0.000000
vt -0.000000 3.535500 0.000000
vt -0.500000 3.525456 0.000000
vt -0.500000 3.656028 0.000000
vt -0.000000 3.749773 0.000000
vt -0.500000 3.786601 0.000000
vt -0.500000 3.917173 0.000000
vt -0.000000 3.964045 0.000000
vt 0.000000 -1.585915 0.000000
vt -0.000000 -1.784787 0.000000
vt 0.500000 -1.585915 0.000000
vt 0.900000 -1.717192 0.000000
vt 0.900000 -1.544616 0.000000
vt 0.900000 -1.889767 0.000000
vt 0.000000 -1.983660 0.000000
vt 0.900000 -2.062343 0.000000
vt 0.000000 -2.182532 0.000000
vt 0.900000 -2.225960 0.000000
vt -0.000000 -2.381404 0.000000
vt 0.900000 -2.389578 0.000000
vt 0.900000 -2.553195 0.000000
vt 0.000000 -2.580277 0.000000
vt 0.900000 -2.716812 0.000000
vt 0.000000 -2.779149 0.000000
vt 0.900000 -2.880430 0.000000
vt 0.000000 -2.978021 0.000000
vt 0.900000 -3.019632 0.000000
vt 0.000000 -3.176894 0.000000
vt 0.900000 -3.158834 0.000000
vt 0.900000 -3.298036 0.000000
vt 0.000000 -3.375766 0.000000
vt 0.900000 -3.461653 0.000000
vt 0.000000 -3.574639 0.000000
vt 0.900000 -3.625271 0.000000
vt 0.900000 3.788888 0.000000
vt 0.000000 3.839520 0.000000
vt 0.000000 3.640648 0.000000
vt 0.900000 3.625271 0.000000
vt 0.900000 3.461653 0.000000
vt 0.000000 3.441775 0.000000
vt 0.900000 3.298036 0.000000
vt -0.000000 3.242903 0.000000
vt 0.900000 3.125460 0.000000
vt 0.000000 3.044031 0.000000
vt 0.900000 2.952885 0.000000
vt 0.000000 2.845158 0.000000
vt 0.900000 2.780309 0.000000
vt 0.000000 2.646286 0.000000
vt 0.900000 2.607734 0.000000
vt 0.200000 2.571556 0.000000
vt 0.500000 2.571556 0.000000
vt 0.000000 2.447414 0.000000
vt 0.200000 2.516637 0.000000
vt 0.200000 2.461717 0.000000
vt 0.200000 2.406797 0.000000
vt 0.000000 2.248541 0.000000
vt 0.500000 2.406797 0.000000
vt 0.900000 2.262583 0.000000
vt 0.900000 2.435159 0.000000
vt 0.900000 2.098966 0.000000
vt -0.000000 2.049669 0.000000
vt 0.900000 1.935348 0.000000
vt 0.000000 1.850797 0.000000
vt 0.900000 1.771731 0.000000
vt 0.000000 1.651924 0.000000
vt 0.900000 1.608114 0.000000
vt 0.000000 1.453052 0.000000
vt 0.900000 1.444496 0.000000
vt 0.200000 1.300282 0.000000
vt 0.500000 1.300282 0.000000
vt 0.000000 1.254180 0.000000
vt 0.200000 1.245362 0.000000
vt 0.200000 1.190443 0.000000
vt 0.200000 1.135523 0.000000
vt 0.000000 1.055307 0.000000
vt 0.500000 1.135523 0.000000
vt 0.900000 1.077096 0.000000
vt 0.500000 1.190443 0.000000
vt 0.900000 1.260796 0.000000
vt 0.500000 1.245362 0.000000
vt 0.900000 0.893396 0.000000
vt 0.000000 0.856435 0.000000
vt 0.900000 0.709697 0.000000
vt 0.000000 0.657563 0.000000
vt 0.900000 0.525997 0.000000
vt 0.000000 0.458690 0.000000
vt 0.900000 0.342297 0.000000
vt 0.000000 0.259818 0.000000
vt 0.900000 0.158597 0.000000
vt 0.000000 0.060946 0.000000
vt 0.900000 -0.025103 0.000000
vt 0.000000 -0.137927 0.000000
vt 0.900000 -0.208803 0.000000
vt 0.000000 -0.336799 0.000000
vt 0.900000 -0.372421 0.000000
vt 0.000000 -0.535671 0.000000
vt 0.900000 -0.536038 0.000000
vt 0.900000 -0.699655 0.000000
vt 0.000000 -0.734544 0.000000
vt 0.900000 -0.863273 0.000000
vt 0.000000 -0.933416 0.000000
vt 0.900000 -1.026890 0.000000
vt 0.000000 -1.132288 0.000000
vt 0.900000 -1.199465 0.000000
vt 0.000000 -1.331161 0.000000
vt 0.900000 -1.372041 0.000000
vt 0.000000 -1.530033 0.000000
vt 0.500000 -1.530033 0.000000
vt 0.500000 -1.548660 0.000000
vt 0.500000 -1.567288 0.000000
vt 0.500000 2.516637 0.000000
vt 0.500000 2.461717 0.000000
vt -0.505483 -1.066249 0.000000
vt -0.471624 -1.243572 0.000000
vt -0.319469 -1.135931 0.000000
vt -0.266034 -1.303122 0.000000
vt -0.265336 -1.149781 0.000000
vt -0.068713 -1.177998 0.000000
vt -0.053554 -1.328921 0.000000
vt 0.129857 -1.172833 0.000000
vt 0.160314 -1.320303 0.000000
vt 0.324747 -1.134434 0.000000
vt 0.370029 -1.277489 0.000000
vt 0.570161 -1.201589 0.000000
vt -0.665000 -1.151814 0.000000
vt -0.677173 -0.966352 0.000000
vt -0.841152 -1.030225 0.000000
vt -0.829673 -0.839072 0.000000
vt -0.995519 -0.881953 0.000000
vt -0.958663 -0.688015 0.000000
vt -1.124103 -0.710840 0.000000
vt -1.060487 -0.517462 0.000000
vt -1.223573 -0.521316 0.000000
vt -1.132260 -0.332245 0.000000
vt -1.291353 -0.318290 0.000000
vt -1.171948 -0.137613 0.000000
vt -1.325687 -0.107021 0.000000
vt -1.178426 0.060919 0.000000
vt -1.325687 0.107021 0.000000
vt -1.151511 0.257724 0.000000
vt -1.291353 0.318290 0.000000
vt -1.091966 0.447226 0.000000
vt -1.223573 0.521316 0.000000
vt -1.001477 0.624055 0.000000
vt -1.124103 0.710840 0.000000
vt -0.882609 0.783199 0.000000
vt -0.995519 0.881953 0.000000
vt -0.841152 1.030225 0.000000
vt -0.738730 0.920151 0.000000
vt -0.665000 1.151814 0.000000
vt -0.573918 1.031028 0.000000
vt -0.471624 1.243572 0.000000
vt -0.392843 1.112688 0.000000
vt -0.266034 1.303122 0.000000
vt -0.200636 1.162818 0.000000
vt -0.053554 1.328921 0.000000
vt -0.002743 1.179997 0.000000
vt 0.160314 1.320303 0.000000
vt 0.195228 1.163738 0.000000
vt 0.370029 1.277489 0.000000
vt 0.387666 1.114502 0.000000
vt 0.570161 1.201589 0.000000
vt 0.569119 1.033684 0.000000
vt 0.755526 1.094569 0.000000
vt 0.734445 0.923575 0.000000
vt 0.921323 0.959199 0.000000
vt 0.878958 0.787294 0.000000
vt 1.063259 0.798987 0.000000
vt 0.998565 0.628704 0.000000
vt 1.177657 0.618082 0.000000
vt 1.089875 0.452297 0.000000
vt 1.261553 0.421168 0.000000
vt 1.150301 0.263074 0.000000
vt 1.312777 0.213347 0.000000
vt 1.178131 0.066396 0.000000
vt 1.330000 -0.000000 0.000000
vt 1.172575 -0.132163 0.000000
vt 1.312777 -0.213347 0.000000
vt 1.133793 -0.326977 0.000000
vt 1.261553 -0.421168 0.000000
vt 1.062882 -0.512526 0.000000
vt 1.177657 -0.618082 0.000000
vt 0.961851 -0.683551 0.000000
vt 1.063259 -0.798987 0.000000
vt 0.833565 -0.835206 0.000000
vt 0.921323 -0.959199 0.000000
vt 0.681658 -0.963194 0.000000
vt 0.755526 -1.094569 0.000000
vt 0.510434 -1.063888 0.000000
vt -0.269455 -1.133375 0.000000
vt -0.269518 -1.116460 0.000000
vt -0.318762 -1.107466 0.000000
vt -0.265522 -1.100024 0.000000
vt -0.311369 -1.079969 0.000000
vt -0.257700 -1.085026 0.000000
vt -0.297705 -1.054988 0.000000
vt -0.246509 -1.072342 0.000000
vt -0.278540 -1.033930 0.000000
vt -0.232602 -1.062713 0.000000
vt -0.254953 -1.017980 0.000000
vt -0.216791 -1.056701 0.000000
vt -0.228272 -1.008036 0.000000
vt -0.200000 -1.054658 0.000000
vt -0.200000 -1.004658 0.000000
vt 0.200000 -1.004658 0.000000
vt 0.200000 -1.054658 0.000000
vt 0.218117 -1.002272 0.000000
vt 0.231058 -1.050569 0.000000
vt 0.235000 -0.995279 0.000000
vt 0.260000 -1.038581 0.000000
vt 0.249497 -0.984155 0.000000
vt 0.284853 -1.019510 0.000000
vt 0.260622 -0.969658 0.000000
vt 0.303923 -0.994658 0.000000
vt 0.267615 -0.952775 0.000000
vt 0.315911 -0.965716 0.000000
vt 0.270000 -0.934658 0.000000
vt 0.320000 -0.934658 0.000000
vt 0.315911 -0.903599 0.000000
vt 0.267615 -0.916540 0.000000
vt 0.303923 -0.874658 0.000000
vt 0.260622 -0.899658 0.000000
vt 0.284853 -0.849805 0.000000
vt 0.249497 -0.885160 0.000000
vt 0.260000 -0.830734 0.000000
vt 0.235000 -0.874036 0.000000
vt 0.231058 -0.818746 0.000000
vt 0.218117 -0.867043 0.000000
vt 0.200000 -0.814658 0.000000
vt 0.200000 -0.864658 0.000000
vt -0.200000 -0.814658 0.000000
vt -0.200000 -0.864658 0.000000
vt -0.230021 -0.860842 0.000000
vt -0.218117 -0.812272 0.000000
vt -0.258132 -0.849637 0.000000
vt -0.235000 -0.805279 0.000000
vt -0.282547 -0.831755 0.000000
vt -0.249497 -0.794155 0.000000
vt -0.301711 -0.808335 0.000000
vt -0.260622 -0.779658 0.000000
vt -0.314407 -0.780864 0.000000
vt -0.267615 -0.762775 0.000000
vt -0.319827 -0.751091 0.000000
vt -0.270000 -0.744658 0.000000
vt -0.317627 -0.720909 0.000000
vt -0.267615 -0.726540 0.000000
vt -0.307945 -0.692237 0.000000
vt -0.260622 -0.709658 0.000000
vt -0.291398 -0.666899 0.000000
vt -0.249497 -0.695160 0.000000
vt -0.269039 -0.646506 0.000000
vt -0.235000 -0.684036 0.000000
vt -0.218117 -0.677043 0.000000
vt -0.200000 -0.674658 0.000000
vt -0.156283 -0.586327 0.000000
vt -0.307818 -0.545723 0.000000
vt -0.135273 -0.674658 0.000000
vt -0.000000 -0.600000 0.000000
vt 0.024023 -0.683707 0.000000
vt 0.156283 -0.586327 0.000000
vt 0.182687 -0.666893 0.000000
vt 0.307818 -0.545723 0.000000
vt 0.336548 -0.624658 0.000000
vt -0.336548 -0.624658 0.000000
vt -0.314222 -0.632481 0.000000
vt -0.291715 -0.639765 0.000000
vt -1.110764 0.095106 0.000000
vt -1.159162 0.069158 0.000000
vt -1.085911 0.046041 0.000000
vt -1.132053 0.021303 0.000000
vt -1.206300 0.040987 0.000000
vt -1.176994 -0.005555 0.000000
vt -1.252076 0.010653 0.000000
vt -1.220637 -0.034475 0.000000
vt 0.070000 0.200000 0.000000
vt 0.125000 0.200000 0.000000
vt 0.070000 0.500000 0.000000
vt 0.125000 0.500000 0.000000
vt 0.275000 0.050000 0.000000
vt 0.275000 0.650000 0.000000
vt 0.070000 0.200000 0.000000
vt 0.125000 0.200000 0.000000
vt 0.070000 0.500000 0.000000
vt 0.125000 0.500000 0.000000
vt 0.275000 0.050000 0.000000
vt 0.275000 0.650000 0.000000
vt 0.150000 0.080000 0.000000
vt 0.150000 0.500000 0.000000
vt 0.070000 0.000000 0.000000
vt 0.000000 0.500000 0.000000
vt 0.000000 0.000000 0.000000
vt -0.192211 -0.147736 0.000000
vt -0.128635 -0.177029 0.000000
vt -0.114392 -0.011517 0.000000
vt -0.056869 -0.051405 0.000000
vt -0.014101 0.109119 0.000000
vt 0.035622 0.059848 0.000000
vt 0.105615 0.210508 0.000000
vt 0.146027 0.153351 0.000000
vt 0.700000 0.994768 0.000000
vt 0.700000 1.151848 0.000000
vt -0.000000 1.105182 0.000000
vt 0.200000 1.151848 0.000000
vt 0.000000 1.280664 0.000000
vt 0.200000 1.308927 0.000000
vt 0.000000 1.456147 0.000000
vt 0.200000 1.466007 0.000000
vt -0.000000 1.631629 0.000000
vt 0.200000 1.623086 0.000000
vt 0.700000 1.623086 0.000000
vt 0.700000 1.801416 0.000000
vt 0.000000 1.807111 0.000000
vt 0.700000 1.979745 0.000000
vt 0.000000 1.982593 0.000000
vt 0.700000 2.158075 0.000000
vt 0.000000 2.158075 0.000000
vt 0.000000 2.333557 0.000000
vt 0.700000 2.336404 0.000000
vt 0.000000 2.509039 0.000000
vt 0.700000 2.514734 0.000000
vt 0.000000 2.684521 0.000000
vt 0.700000 2.693063 0.000000
vt 0.200000 2.693063 0.000000
vt 0.200000 2.850143 0.000000
vt 0.000000 2.860003 0.000000
vt 0.200000 3.007222 0.000000
vt 0.000000 3.035485 0.000000
vt 0.200000 3.164302 0.000000
vt -0.000000 3.210967 0.000000
vt 0.700000 3.164302 0.000000
vt 0.700000 3.321382 0.000000
vt 0.000000 3.386449 0.000000
vt 0.700000 3.478461 0.000000
vt -0.000000 3.561931 0.000000
vt 0.700000 3.635541 0.000000
vt 0.000000 3.737413 0.000000
vt 0.700000 3.792621 0.000000
vt 0.000000 3.912895 0.000000
vt 0.700000 3.949700 0.000000
vt 0.200000 3.949700 0.000000
vt 0.000000 4.088377 0.000000
vt 0.200000 4.054420 0.000000
vt 0.200000 4.159140 0.000000
vt 0.200000 4.263859 0.000000
vt 0.000000 4.263859 0.000000
vt 0.000000 0.929700 0.000000
vt 0.700000 0.837688 0.000000
vt -0.000000 0.754218 0.000000
vt 0.700000 0.680609 0.000000
vt 0.000000 0.578736 0.000000
vt 0.700000 0.523529 0.000000
vt -0.000000 0.403254 0.000000
vt 0.700000 0.366449 0.000000
vt 0.200000 0.366449 0.000000
vt 0.000000 0.227772 0.000000
vt 0.200000 0.261730 0.000000
vt 0.200000 0.157010 0.000000
vt 0.000000 0.052290 0.000000
vt 0.200000 0.052290 0.000000
vt 0.150000 0.080000 0.000000
vt 0.150000 0.500000 0.000000
vt 0.070000 0.000000 0.000000
vt 0.000000 0.500000 0.000000
vt 0.000000 0.000000 0.000000
vt 0.139767 0.102154 0.000000
vt 0.075263 0.129343 0.000000
vt 0.093578 0.008237 0.000000
vt 0.032666 0.042731 0.000000
vt 0.036797 -0.079682 0.000000
vt -0.019698 -0.038351 0.000000
vt -0.029806 -0.160415 0.000000
vt -0.081121 -0.112805 0.000000
vt 0.150000 0.080000 0.000000
vt 0.150000 0.500000 0.000000
vt 0.070000 0.000000 0.000000
vt 0.000000 0.500000 0.000000
vt 0.000000 0.000000 0.000000
vt -0.153589 0.148127 0.000000
vt -0.039357 0.059342 0.000000
vt -0.115613 0.206930 0.000000
vt 0.008254 0.110657 0.000000
vt 0.057723 -0.047930 0.000000
vt 0.113521 -0.005662 0.000000
vt 0.134701 -0.170431 0.000000
vt 0.196991 -0.138494 0.000000
vt 0.150000 0.080000 0.000000
vt 0.150000 0.500000 0.000000
vt 0.070000 0.000000 0.000000
vt 0.000000 0.500000 0.000000
vt 0.000000 0.000000 0.000000
vt 0.086704 -0.109893 0.000000
vt 0.022210 -0.038083 0.000000
vt 0.037433 -0.159616 0.000000
vt -0.032501 -0.081750 0.000000
vt -0.033512 0.040728 0.000000
vt -0.092922 0.003708 0.000000
vt -0.079708 0.125476 0.000000
vt -0.143014 0.095603 0.000000
vt -0.106066 -1.157031 0.000000
vt 0.106066 -1.157031 0.000000
vt -0.106066 -1.108161 0.000000
vt 0.106066 -1.108161 0.000000
vt -0.106066 -1.059292 0.000000
vt 0.106066 -1.059292 0.000000
vt -0.106066 -1.010423 0.000000
vt 0.106066 -1.010423 0.000000
vt -0.106066 1.010423 0.000000
vt 0.106066 1.010423 0.000000
vt -0.106066 1.059292 0.000000
vt 0.106066 1.059292 0.000000
vt -0.106066 1.108161 0.000000
vt 0.106066 1.108161 0.000000
vt -0.106066 1.157031 0.000000
vt 0.106066 1.157031 0.000000
vt -0.106066 -1.157031 0.000000
vt 0.106066 -1.157031 0.000000
vt -0.106066 -1.108161 0.000000
vt 0.106066 -1.108161 0.000000
vt -0.106066 -1.059292 0.000000
vt 0.106066 -1.059292 0.000000
vt -0.106066 -1.010423 0.000000
vt 0.106066 -1.010423 0.000000
vt 0.044346 0.095106 0.000000
vt -0.004051 0.069158 0.000000
vt 0.069199 0.046041 0.000000
vt 0.023057 0.021303 0.000000
vt -0.051190 0.040987 0.000000
vt -0.021884 -0.005555 0.000000
vt -0.096966 0.010653 0.000000
vt -0.065527 -0.034475 0.000000
vt -0.106066 1.010423 0.000000
vt 0.106066 1.010423 0.000000
vt -0.106066 1.059292 0.000000
vt 0.106066 1.059292 0.000000
vt -0.106066 1.108161 0.000000
vt 0.106066 1.108161 0.000000
vt -0.106066 1.157031 0.000000
vt 0.106066 1.157031 0.000000
vt 0.065527 -0.034475 0.000000
vt 0.096966 0.010653 0.000000
vt 0.021884 -0.005555 0.000000
vt 0.051190 0.040987 0.000000
vt -0.023057 0.021303 0.000000
vt 0.004051 0.069158 0.000000
vt -0.069199 0.046041 0.000000
vt -0.044346 0.095106 0.000000
vt 0.205000 0.500000 0.000000
vt 0.150000 0.500000 0.000000
vt 0.205000 0.200000 0.000000
vt 0.150000 0.200000 0.000000
vt -0.000000 0.050000 0.000000
vt -0.000000 0.650000 0.000000
vt 0.205000 0.500000 0.000000
vt 0.150000 0.500000 0.000000
vt 0.205000 0.200000 0.000000
vt 0.150000 0.200000 0.000000
vt 0.000000 0.050000 0.000000
vt -0.000000 0.650000 0.000000
vt 0.703562 -0.895052 0.000000
vt 0.816701 -0.752616 0.000000
vt 0.659766 -0.832187 0.000000
vt 0.765864 -0.692760 0.000000
vt 0.901413 -0.591642 0.000000
vt 0.842937 -0.535419 0.000000
vt 0.954749 -0.417735 0.000000
vt 0.888067 -0.366127 0.000000
vt 0.974854 -0.236947 0.000000
vt 0.899541 -0.191299 0.000000
vt 0.961026 -0.055571 0.000000
vt 0.876925 -0.017560 0.000000
vt 0.913748 0.120080 0.000000
vt 0.821076 0.148504 0.000000
vt 0.834665 0.283892 0.000000
vt 0.734112 0.300602 0.000000
vt 0.726529 0.430164 0.000000
vt 0.619326 0.432968 0.000000
vt 0.593106 0.553803 0.000000
vt 0.481070 0.540587 0.000000
vt 0.439038 0.650506 0.000000
vt 0.324583 0.619380 0.000000
vt 0.269688 0.716908 0.000000
vt 0.155795 0.666361 0.000000
vt 0.090951 0.750697 0.000000
vt -0.018896 0.679750 0.000000
vt -0.090951 0.750697 0.000000
vt -0.192872 0.659039 0.000000
vt -0.269688 0.716908 0.000000
vt -0.359539 0.605013 0.000000
vt -0.439038 0.650506 0.000000
vt -0.512580 0.519720 0.000000
vt -0.593106 0.553803 0.000000
vt -0.646196 0.406391 0.000000
vt -0.726529 0.430164 0.000000
vt -0.755323 0.269323 0.000000
vt -0.834665 0.283892 0.000000
vt -0.835825 0.113708 0.000000
vt -0.913748 0.120080 0.000000
vt -0.884653 -0.054554 0.000000
vt -0.961026 -0.055571 0.000000
vt -0.899955 -0.229089 0.000000
vt -0.974854 -0.236947 0.000000
vt -0.881151 -0.403281 0.000000
vt -0.954749 -0.417735 0.000000
vt -0.828954 -0.570530 0.000000
vt -0.901413 -0.591642 0.000000
vt -0.816701 -0.752616 0.000000
vt -0.745343 -0.724496 0.000000
vt -0.703562 -0.895052 0.000000
vt -0.633485 -0.859346 0.000000
vt 0.076617 0.000000 0.000000
vt 0.076617 0.200000 0.000000
vt -0.000000 0.000000 0.000000
vt -0.000000 0.700000 0.000000
vt 0.076617 0.700000 0.000000
vt -0.050000 2.124803 0.000000
vt -0.000000 2.169112 0.000000
vt -0.650000 2.124803 0.000000
vt -0.700000 2.169112 0.000000
vt -0.650000 2.079424 0.000000
vt -0.700000 1.986945 0.000000
vt -0.650000 2.034046 0.000000
vt -0.650000 1.988667 0.000000
vt -0.000000 1.986945 0.000000
vt -0.050000 1.988667 0.000000
vt -0.050000 2.034046 0.000000
vt -0.050000 2.079424 0.000000
vt -0.650000 1.029007 0.000000
vt -0.650000 1.074386 0.000000
vt -0.700000 1.076108 0.000000
vt -0.050000 1.074386 0.000000
vt -0.000000 1.076108 0.000000
vt -0.050000 1.029007 0.000000
vt -0.050000 0.983628 0.000000
vt -0.000000 0.893941 0.000000
vt -0.050000 0.938250 0.000000
vt -0.650000 0.938250 0.000000
vt -0.700000 0.893941 0.000000
vt -0.650000 0.983628 0.000000
vt -0.700000 -2.317488 0.000000
vt -0.700000 -2.499655 0.000000
vt -0.000000 -2.317488 0.000000
vt -0.000000 -2.499655 0.000000
vt -0.700000 -2.681822 0.000000
vt -0.000000 -2.681822 0.000000
vt -0.700000 -2.863990 0.000000
vt -0.000000 -2.863990 0.000000
vt -0.700000 -3.046157 0.000000
vt -0.000000 -3.046157 0.000000
vt -0.700000 -3.228324 0.000000
vt 0.000000 -3.228324 0.000000
vt -0.000000 2.897781 0.000000
vt -0.700000 2.897781 0.000000
vt -0.700000 2.715614 0.000000
vt -0.000000 2.715614 0.000000
vt -0.700000 2.533447 0.000000
vt -0.000000 2.533447 0.000000
vt -0.700000 2.351279 0.000000
vt -0.000000 2.351279 0.000000
vt -0.700000 1.804777 0.000000
vt -0.000000 1.804777 0.000000
vt -0.700000 1.622610 0.000000
vt -0.000000 1.622610 0.000000
vt -0.700000 1.440443 0.000000
vt -0.000000 1.440443 0.000000
vt -0.700000 1.258275 0.000000
vt -0.000000 1.258275 0.000000
vt -0.700000 0.711773 0.000000
vt -0.000000 0.711773 0.000000
vt -0.700000 0.529606 0.000000
vt -0.000000 0.529606 0.000000
vt -0.700000 0.347439 0.000000
vt -0.000000 0.347439 0.000000
vt -0.700000 0.165271 0.000000
vt -0.000000 0.165271 0.000000
vt -0.700000 -0.016896 0.000000
vt -0.000000 -0.016896 0.000000
vt -0.700000 -0.199063 0.000000
vt -0.000000 -0.199063 0.000000
vt -0.700000 -0.381230 0.000000
vt -0.000000 -0.381230 0.000000
vt -0.700000 -0.563398 0.000000
vt -0.000000 -0.563398 0.000000
vt -0.700000 -0.745565 0.000000
vt -0.000000 -0.745565 0.000000
vt 0.000000 0.000000 0.000000
vt 0.078650 0.000000 0.000000
vt 0.000000 0.200000 0.000000
vt 0.078650 0.700000 0.000000
vt 0.000000 0.700000 0.000000
vt 0.703562 -0.895052 0.000000
vt 0.816701 -0.752616 0.000000
vt 0.633485 -0.859346 0.000000
vt 0.586183 -0.687909 0.000000
vt 0.527904 -0.752797 0.000000
vt 0.901413 -0.591642 0.000000
vt 0.813933 -0.604127 0.000000
vt 0.636534 -0.616693 0.000000
vt 0.868261 -0.456954 0.000000
vt 0.954749 -0.417735 0.000000
vt 0.896208 -0.302583 0.000000
vt 0.974854 -0.236947 0.000000
vt 0.896924 -0.145704 0.000000
vt 0.961026 -0.055571 0.000000
vt 0.870387 0.008915 0.000000
vt 0.913748 0.120080 0.000000
vt 0.817404 0.156578 0.000000
vt 0.834665 0.283892 0.000000
vt 0.616321 0.207322 0.000000
vt 0.726529 0.430164 0.000000
vt 0.532745 0.307852 0.000000
vt 0.519578 0.514821 0.000000
vt 0.432982 0.392343 0.000000
vt 0.593106 0.553803 0.000000
vt 0.439038 0.650506 0.000000
vt 0.364752 0.602721 0.000000
vt 0.269688 0.716908 0.000000
vt 0.195652 0.658424 0.000000
vt 0.090951 0.750697 0.000000
vt 0.018896 0.679750 0.000000
vt -0.090951 0.750697 0.000000
vt -0.158599 0.665864 0.000000
vt -0.269688 0.716908 0.000000
vt -0.329888 0.617309 0.000000
vt -0.439038 0.650506 0.000000
vt -0.488268 0.535987 0.000000
vt -0.593106 0.553803 0.000000
vt -0.510112 0.329753 0.000000
vt -0.726529 0.430164 0.000000
vt -0.597835 0.232820 0.000000
vt -0.834665 0.283892 0.000000
vt -0.800872 0.190563 0.000000
vt -0.913748 0.120080 0.000000
vt -0.860007 0.045255 0.000000
vt -0.961026 -0.055571 0.000000
vt -0.893012 -0.108114 0.000000
vt -0.974854 -0.236947 0.000000
vt -0.898883 -0.264885 0.000000
vt -0.954749 -0.417735 0.000000
vt -0.877441 -0.420293 0.000000
vt -0.901413 -0.591642 0.000000
vt -0.829340 -0.569617 0.000000
vt -0.816701 -0.752616 0.000000
vt -0.652625 -0.589620 0.000000
vt -0.605308 -0.662886 0.000000
vt -0.659766 -0.832187 0.000000
vt -0.549805 -0.730164 0.000000
vt -0.703562 -0.895052 0.000000
vt -0.691116 -0.511356 0.000000
vt -0.667393 0.122127 0.000000
vt -0.406890 0.409980 0.000000
vt 0.681170 0.093806 0.000000
vt 0.678277 -0.540114 0.000000
vn 0.183418 -0.686588 0.703531
vn 0.183934 -0.686450 0.703531
vn 0.183410 -0.686810 0.703316
vn 0.183989 -0.686655 0.703316
vn 0.183396 -0.687061 0.703074
vn 0.184051 -0.686886 0.703074
vn 0.257937 -0.965926 -0.021351
vn 0.257821 -0.965926 -0.022706
vn 0.258034 -0.965926 -0.020149
vn 0.252209 -0.965926 -0.058119
vn 0.251820 -0.965926 -0.059784
vn 0.240829 -0.965926 -0.094808
vn 0.240514 -0.965926 -0.095604
vn 0.224144 -0.965926 -0.129410
vn 0.224144 -0.965926 -0.129410
vn -0.505007 0.503067 0.701349
vn -0.504029 0.504029 0.701363
vn -0.504518 0.502886 0.701831
vn -0.503696 0.503696 0.701841
vn -0.504114 0.502722 0.702239
vn -0.503414 0.503414 0.702246
vn -0.707958 0.705633 -0.029636
vn -0.707832 0.705850 -0.027368
vn -0.708119 0.705353 -0.032310
vn -0.708717 0.704319 -0.040696
vn -0.708988 0.703849 -0.043969
vn -0.709946 0.702190 -0.053914
vn -0.710121 0.701886 -0.055536
vn -0.711516 0.699469 -0.066987
vn -0.711516 0.699469 -0.066987
vn -0.686588 -0.183418 0.703531
vn -0.686450 -0.183934 0.703531
vn -0.686810 -0.183410 0.703316
vn -0.686655 -0.183989 0.703316
vn -0.687061 -0.183396 0.703074
vn -0.686886 -0.184051 0.703074
vn -0.965926 -0.257937 -0.021351
vn -0.965926 -0.257821 -0.022706
vn -0.965926 -0.258034 -0.020149
vn -0.965926 -0.251634 -0.060560
vn -0.965926 -0.251099 -0.062741
vn -0.965926 -0.238947 -0.099458
vn -0.965926 -0.238200 -0.101232
vn -0.965926 -0.220288 -0.135870
vn -0.965926 -0.219442 -0.137232
vn -0.965926 -0.196124 -0.168887
vn -0.965926 -0.195284 -0.169857
vn -0.965926 -0.167059 -0.197683
vn -0.965926 -0.166323 -0.198303
vn -0.965926 -0.133819 -0.221539
vn -0.965926 -0.133270 -0.221870
vn -0.965926 -0.097235 -0.239859
vn -0.965926 -0.096938 -0.239980
vn -0.965926 -0.058222 -0.252186
vn -0.965926 -0.058222 -0.252186
vn 0.183396 0.687061 0.703074
vn 0.184051 0.686886 0.703074
vn 0.183410 0.686810 0.703316
vn 0.183989 0.686655 0.703316
vn 0.183418 0.686588 0.703531
vn 0.183934 0.686450 0.703531
vn 0.257937 0.965926 -0.021351
vn 0.258034 0.965926 -0.020149
vn 0.257821 0.965926 -0.022706
vn 0.252209 0.965926 -0.058119
vn 0.251820 0.965926 -0.059784
vn 0.240829 0.965926 -0.094808
vn 0.240514 0.965926 -0.095604
vn 0.224144 0.965926 -0.129410
vn 0.224144 0.965926 -0.129410
vn 0.184225 0.687538 0.702391
vn 0.184322 0.687900 0.702011
vn 0.185121 0.687303 0.702385
vn 0.185368 0.687627 0.702003
vn 0.184436 0.688325 0.701564
vn 0.185672 0.688003 0.701553
vn 0.260200 0.965129 -0.028681
vn 0.260451 0.964983 -0.031179
vn 0.260002 0.965243 -0.026552
vn 0.267146 0.961118 -0.069889
vn 0.267982 0.960636 -0.073245
vn 0.280560 0.953374 -0.111196
vn 0.281434 0.952869 -0.113294
vn 0.299855 0.942234 -0.149273
vn 0.300438 0.941897 -0.150222
vn 0.324469 0.928023 -0.183013
vn 0.324469 0.928023 -0.183013
vn 0.687061 -0.183396 0.703074
vn 0.686886 -0.184051 0.703074
vn 0.686810 -0.183410 0.703316
vn 0.686655 -0.183989 0.703316
vn 0.686588 -0.183418 0.703531
vn 0.686450 -0.183934 0.703531
vn 0.965926 -0.257937 -0.021351
vn 0.965926 -0.258034 -0.020149
vn 0.965926 -0.257821 -0.022706
vn 0.965926 -0.251634 -0.060560
vn 0.965926 -0.251099 -0.062741
vn 0.965926 -0.238947 -0.099458
vn 0.965926 -0.238200 -0.101232
vn 0.965926 -0.220288 -0.135870
vn 0.965926 -0.219442 -0.137232
vn 0.965926 -0.196124 -0.168887
vn 0.965926 -0.195284 -0.169857
vn 0.965926 -0.167059 -0.197683
vn 0.965926 -0.166323 -0.198303
vn 0.965926 -0.133819 -0.221539
vn 0.965926 -0.133270 -0.221870
vn 0.965926 -0.097235 -0.239859
vn 0.965926 -0.096938 -0.239980
vn 0.965926 -0.058222 -0.252186
vn 0.965926 -0.058222 -0.252186
vn 0.687676 -0.184262 0.702246
vn 0.688062 -0.184366 0.701841
vn 0.687427 -0.185215 0.702239
vn 0.687771 -0.185483 0.701831
vn 0.688517 -0.184487 0.701363
vn 0.688173 -0.185816 0.701349
vn 0.965075 -0.260293 -0.029636
vn 0.964913 -0.260572 -0.032310
vn 0.965200 -0.260076 -0.027368
vn 0.964316 -0.261607 -0.040696
vn 0.964045 -0.262077 -0.043969
vn 0.963087 -0.263736 -0.053914
vn 0.962912 -0.264040 -0.055536
vn 0.961516 -0.266457 -0.066987
vn 0.961516 -0.266457 -0.066987
vn -0.502992 -0.504799 0.701553
vn -0.503889 -0.503889 0.701564
vn -0.502818 -0.504347 0.702003
vn -0.503578 -0.503578 0.702011
vn -0.502661 -0.503971 0.702385
vn -0.503312 -0.503312 0.702391
vn -0.705726 -0.707904 -0.028681
vn -0.705924 -0.707790 -0.026552
vn -0.705474 -0.708049 -0.031179
vn -0.698780 -0.711914 -0.069889
vn -0.697944 -0.712397 -0.073245
vn -0.685366 -0.719659 -0.111196
vn -0.684492 -0.720164 -0.113294
vn -0.666071 -0.730799 -0.149273
vn -0.665488 -0.731135 -0.150222
vn -0.641457 -0.745010 -0.183013
vn -0.641457 -0.745010 -0.183013
vn -0.203578 0.906211 0.370590
vn -0.203578 0.906211 0.370590
vn -0.203578 0.906211 0.370590
vn -0.203578 0.906211 0.370590
vn -0.612372 0.353553 0.707107
vn -0.612372 0.353553 0.707107
vn -0.612372 0.353553 0.707107
vn -0.612372 0.353553 0.707107
vn -0.612372 0.353553 0.707107
vn -0.612372 0.353553 0.707107
vn -0.612372 0.353553 0.707107
vn -0.612372 0.353553 0.707107
vn -0.527588 0.483356 -0.698583
vn -0.462097 0.565650 -0.683013
vn -0.525770 0.485823 -0.698242
vn -0.514795 0.500479 -0.696065
vn -0.527588 0.483356 -0.698583
vn -0.533041 0.475887 -0.699570
vn -0.541905 0.463519 -0.701063
vn -0.553218 0.447308 -0.702755
vn -0.581833 0.403991 -0.705877
vn -0.566688 0.427349 -0.704441
vn -0.582047 0.403653 -0.705894
vn -0.598208 0.377538 -0.706832
vn -0.613942 0.350827 -0.707103
vn -0.640782 0.301887 -0.705877
vn -0.629093 0.323768 -0.706694
vn -0.643500 0.296664 -0.705619
vn -0.656226 0.271466 -0.704041
vn -0.690825 0.195586 -0.696065
vn -0.666689 0.249752 -0.702246
vn -0.675021 0.231745 -0.700458
vn -0.681274 0.217770 -0.698886
vn -0.685008 0.209225 -0.697846
vn -0.686234 0.206383 -0.697488
vn -0.720916 0.117362 -0.683013
vn -0.685008 0.209225 -0.697846
vn -0.672397 0.237490 -0.701057
vn -0.681275 0.217769 -0.698886
vn -0.675022 0.231743 -0.700458
vn -0.666689 0.249752 -0.702246
vn -0.656228 0.271462 -0.704041
vn -0.643501 0.296661 -0.705619
vn -0.612372 0.353553 -0.707107
vn -0.629093 0.323767 -0.706694
vn -0.613942 0.350827 -0.707103
vn -0.598209 0.377537 -0.706832
vn -0.582048 0.403651 -0.705894
vn -0.541870 0.463568 -0.701057
vn -0.566690 0.427347 -0.704441
vn -0.553218 0.447308 -0.702755
vn -0.541906 0.463518 -0.701063
vn -0.533041 0.475886 -0.699571
vn -0.720916 0.117362 -0.683013
vn -0.462097 0.565650 -0.683013
vn -0.886591 -0.276802 0.370590
vn -0.886591 -0.276802 0.370590
vn -0.886591 -0.276802 0.370590
vn -0.886591 -0.276802 0.370590
vn 0.720916 -0.117362 0.683013
vn 0.694474 -0.186818 0.694841
vn 0.720916 -0.117362 0.683013
vn 0.672397 -0.237490 0.701057
vn 0.677243 -0.226825 0.699923
vn 0.675775 -0.230082 0.700279
vn 0.642257 -0.299059 0.705740
vn 0.671296 -0.239878 0.701299
vn 0.675775 -0.230082 0.700279
vn 0.580121 -0.406682 0.705740
vn 0.612017 -0.354168 0.707107
vn 0.627448 -0.326774 0.706773
vn 0.641921 -0.299706 0.705772
vn 0.509026 -0.508024 0.694841
vn 0.561423 -0.435239 0.703826
vn 0.571990 -0.419286 0.705001
vn 0.583711 -0.401022 0.706019
vn 0.462097 -0.565650 0.683013
vn 0.462097 -0.565650 0.683013
vn 0.534157 -0.474345 0.699766
vn 0.535327 -0.472725 0.699969
vn 0.535327 -0.472725 0.699969
vn 0.541870 -0.463568 0.701057
vn 0.538839 -0.467829 0.700563
vn 0.544653 -0.459626 0.701496
vn 0.552365 -0.448548 0.702636
vn 0.561423 -0.435239 0.703826
vn 0.571990 -0.419286 0.705001
vn 0.583711 -0.401022 0.706019
vn 0.612372 -0.353553 0.707107
vn 0.595987 -0.381203 0.706742
vn 0.612017 -0.354168 0.707107
vn 0.627448 -0.326774 0.706773
vn 0.641921 -0.299706 0.705772
vn 0.654272 -0.275416 0.704325
vn 0.663947 -0.255536 0.702763
vn 0.671296 -0.239878 0.701299
vn 0.595987 -0.381203 0.706742
vn 0.654272 -0.275416 0.704325
vn 0.663947 -0.255536 0.702763
vn 0.538839 -0.467829 0.700563
vn 0.544653 -0.459626 0.701496
vn 0.552365 -0.448548 0.702636
vn -0.641457 -0.745010 -0.183013
vn -0.641457 -0.745010 -0.183013
vn 0.683013 -0.730153 -0.019258
vn 0.683013 -0.730153 -0.019258
vn 0.683013 -0.730153 -0.019258
vn 0.683013 -0.730153 -0.019258
vn -0.157961 -0.222127 -0.962137
vn -0.258819 -0.217286 -0.941169
vn -0.161017 -0.222016 -0.961656
vn -0.176030 -0.221438 -0.959155
vn -0.157961 -0.222127 -0.962137
vn -0.148740 -0.222449 -0.963531
vn -0.133570 -0.222935 -0.965639
vn -0.113857 -0.223488 -0.968034
vn -0.089846 -0.224041 -0.970429
vn -0.058950 -0.224560 -0.972676
vn -0.061668 -0.224523 -0.972516
vn -0.030994 -0.224843 -0.973902
vn -0.000000 -0.224951 -0.974370
vn 0.058950 -0.224560 -0.972676
vn 0.030994 -0.224843 -0.973902
vn 0.061668 -0.224523 -0.972516
vn 0.089846 -0.224041 -0.970429
vn 0.176030 -0.221438 -0.959155
vn 0.113857 -0.223488 -0.968034
vn 0.133570 -0.222935 -0.965639
vn 0.148740 -0.222449 -0.963531
vn 0.157961 -0.222127 -0.962137
vn 0.161017 -0.222016 -0.961656
vn 0.258819 -0.217286 -0.941169
vn 0.157961 -0.222127 -0.962137
vn 0.130526 -0.223027 -0.966034
vn 0.148740 -0.222449 -0.963531
vn 0.133570 -0.222935 -0.965639
vn 0.113857 -0.223488 -0.968034
vn 0.089846 -0.224041 -0.970429
vn 0.061668 -0.224523 -0.972516
vn -0.000000 -0.224951 -0.974370
vn 0.030994 -0.224843 -0.973902
vn -0.000000 -0.224951 -0.974370
vn -0.030994 -0.224843 -0.973902
vn -0.061668 -0.224523 -0.972516
vn -0.130526 -0.223027 -0.966034
vn -0.089846 -0.224041 -0.970429
vn -0.113857 -0.223488 -0.968034
vn -0.133570 -0.222935 -0.965639
vn -0.148740 -0.222449 -0.963531
vn -0.258819 -0.217286 -0.941169
vn 0.258819 -0.217286 -0.941169
vn 0.000000 -0.974370 0.224951
vn 0.000000 -0.974370 0.224951
vn 0.000000 -0.974370 0.224951
vn 0.000000 -0.974370 0.224951
vn 0.000000 -0.974370 0.224951
vn 0.000000 -0.974370 0.224951
vn 0.000000 -0.974370 0.224951
vn 0.000000 -0.974370 0.224951
vn -0.683013 -0.730153 -0.019258
vn -0.683013 -0.730153 -0.019258
vn -0.683013 -0.730153 -0.019258
vn -0.683013 -0.730153 -0.019258
vn 0.512047 0.683013 0.520866
vn 0.512047 0.683013 0.520866
vn 0.512047 0.683013 0.520866
vn 0.512047 0.683013 0.520866
vn 0.855153 -0.157961 -0.493723
vn 0.836516 -0.258819 -0.482963
vn 0.854725 -0.161017 -0.493476
vn 0.852502 -0.176030 -0.492192
vn 0.855153 -0.157961 -0.493723
vn 0.856392 -0.148740 -0.494438
vn 0.858265 -0.133570 -0.495520
vn 0.860394 -0.113857 -0.496749
vn 0.862523 -0.089846 -0.497978
vn 0.864519 -0.058950 -0.499130
vn 0.864377 -0.061668 -0.499048
vn 0.865609 -0.030994 -0.499760
vn 0.866025 0.000000 -0.500000
vn 0.864519 0.058950 -0.499130
vn 0.865609 0.030994 -0.499760
vn 0.864377 0.061668 -0.499048
vn 0.862523 0.089846 -0.497978
vn 0.852502 0.176030 -0.492192
vn 0.860394 0.113857 -0.496749
vn 0.858265 0.133570 -0.495520
vn 0.856392 0.148740 -0.494438
vn 0.855153 0.157961 -0.493723
vn 0.854725 0.161017 -0.493476
vn 0.836516 0.258819 -0.482963
vn 0.855153 0.157961 -0.493723
vn 0.858616 0.130526 -0.495722
vn 0.856392 0.148740 -0.494438
vn 0.858265 0.133570 -0.495520
vn 0.860394 0.113857 -0.496749
vn 0.862523 0.089846 -0.497978
vn 0.864377 0.061668 -0.499048
vn 0.866025 0.000000 -0.500000
vn 0.865609 0.030994 -0.499760
vn 0.866025 0.000000 -0.500000
vn 0.865609 -0.030994 -0.499760
vn 0.864377 -0.061668 -0.499048
vn 0.858616 -0.130526 -0.495722
vn 0.862523 -0.089846 -0.497978
vn 0.860394 -0.113857 -0.496749
vn 0.858265 -0.133570 -0.495520
vn 0.856392 -0.148740 -0.494438
vn 0.836516 -0.258819 -0.482963
vn 0.836516 0.258819 -0.482963
vn 0.500000 0.000000 0.866025
vn 0.500000 0.000000 0.866025
vn 0.500000 0.000000 0.866025
vn 0.500000 0.000000 0.866025
vn 0.500000 0.000000 0.866025
vn 0.500000 0.000000 0.866025
vn 0.500000 0.000000 0.866025
vn 0.500000 0.000000 0.866025
vn 0.512047 -0.683013 0.520866
vn 0.512047 -0.683013 0.520866
vn 0.512047 -0.683013 0.520866
vn 0.512047 -0.683013 0.520866
vn 0.771401 -0.029920 0.635646
vn 0.771401 -0.029920 0.635646
vn 0.771401 -0.029920 0.635646
vn 0.771401 -0.029920 0.635646
vn 0.129410 0.224144 0.965926
vn 0.129410 0.224144 0.965926
vn 0.129410 0.224144 0.965926
vn 0.129410 0.224144 0.965926
vn 0.129410 0.224144 0.965926
vn 0.129410 0.224144 0.965926
vn 0.129410 0.224144 0.965926
vn 0.129410 0.224144 0.965926
vn 0.614962 0.746016 -0.255503
vn 0.690650 0.678603 -0.250000
vn 0.617374 0.744065 -0.255373
vn 0.627868 0.735439 -0.254778
vn 0.614962 0.746016 -0.255503
vn 0.607660 0.751848 -0.255878
vn 0.595558 0.761279 -0.256445
vn 0.579674 0.773229 -0.257090
vn 0.560078 0.787327 -0.257736
vn 0.533175 0.805587 -0.258369
vn 0.536731 0.803244 -0.258302
vn 0.510878 0.819810 -0.258682
vn 0.484287 0.835751 -0.258819
vn 0.431071 0.864536 -0.258369
vn 0.457237 0.850885 -0.258707
vn 0.430000 0.865075 -0.258350
vn 0.404578 0.877412 -0.257807
vn 0.322975 0.911469 -0.254778
vn 0.382614 0.887392 -0.257181
vn 0.364381 0.895213 -0.256553
vn 0.350226 0.901003 -0.256000
vn 0.341571 0.904423 -0.255634
vn 0.338694 0.905540 -0.255508
vn 0.242362 0.937422 -0.250000
vn 0.341571 0.904423 -0.255634
vn 0.365792 0.894623 -0.256605
vn 0.350227 0.901002 -0.256000
vn 0.364382 0.895213 -0.256553
vn 0.382614 0.887392 -0.257181
vn 0.404579 0.877412 -0.257807
vn 0.430001 0.865075 -0.258350
vn 0.482963 0.836516 -0.258819
vn 0.457237 0.850885 -0.258707
vn 0.484287 0.835751 -0.258819
vn 0.510878 0.819810 -0.258682
vn 0.536731 0.803244 -0.258302
vn 0.591870 0.764097 -0.256605
vn 0.560078 0.787327 -0.257736
vn 0.579674 0.773229 -0.257090
vn 0.595558 0.761279 -0.256445
vn 0.607660 0.751848 -0.255878
vn 0.242362 0.937422 -0.250000
vn 0.690650 0.678603 -0.250000
vn -0.411612 0.653093 0.635646
vn -0.411612 0.653093 0.635646
vn -0.411612 0.653093 0.635646
vn -0.411612 0.653093 0.635646
vn -0.242362 -0.937422 0.250000
vn -0.313982 -0.914730 0.254330
vn -0.242362 -0.937422 0.250000
vn -0.365792 -0.894623 0.256605
vn -0.353906 -0.899521 0.256149
vn -0.356096 -0.898632 0.256236
vn -0.428218 -0.865968 0.258319
vn -0.373574 -0.891322 0.256881
vn -0.362688 -0.895919 0.256490
vn -0.356096 -0.898632 0.256236
vn -0.535841 -0.803832 0.258319
vn -0.494692 -0.829642 0.258795
vn -0.469363 -0.844232 0.258787
vn -0.446754 -0.856468 0.258598
vn -0.635188 -0.729282 0.254330
vn -0.563164 -0.785153 0.257645
vn -0.543192 -0.798932 0.258167
vn -0.519839 -0.814190 0.258579
vn -0.690650 -0.678603 0.250000
vn -0.690650 -0.678603 0.250000
vn -0.601462 -0.756714 0.256177
vn -0.598984 -0.758638 0.256291
vn -0.598984 -0.758638 0.256291
vn -0.591870 -0.764097 0.256605
vn -0.591476 -0.764396 0.256621
vn -0.579157 -0.773610 0.257109
vn -0.563164 -0.785153 0.257645
vn -0.543191 -0.798932 0.258167
vn -0.519838 -0.814190 0.258579
vn -0.482963 -0.836516 0.258819
vn -0.494692 -0.829642 0.258795
vn -0.469363 -0.844232 0.258787
vn -0.446754 -0.856468 0.258598
vn -0.424806 -0.867666 0.258256
vn -0.404831 -0.877293 0.257814
vn -0.387851 -0.885068 0.257343
vn -0.373573 -0.891322 0.256881
vn -0.362688 -0.895919 0.256490
vn -0.424807 -0.867665 0.258256
vn -0.404832 -0.877293 0.257814
vn -0.387851 -0.885068 0.257343
vn -0.591477 -0.764396 0.256621
vn -0.579158 -0.773609 0.257109
vn -0.711516 0.699469 -0.066987
vn -0.711516 0.699469 -0.066987
vn 0.490650 -0.192483 0.849831
vn 0.500000 -0.000000 0.866025
vn 0.500000 -0.000000 0.866025
vn 0.490650 0.192483 0.849831
vn 0.490645 0.192537 0.849822
vn 0.461890 0.382925 0.800017
vn 0.461876 0.382991 0.799993
vn 0.414888 0.558096 0.718607
vn 0.414874 0.558138 0.718583
vn 0.353551 0.707111 0.612369
vn 0.353550 0.707113 0.612367
vn 0.279044 0.829781 0.483319
vn 0.279063 0.829757 0.483351
vn 0.191460 0.923782 0.331618
vn 0.191492 0.923755 0.331673
vn 0.096240 0.981301 0.166693
vn 0.096267 0.981290 0.166740
vn 0.000000 1.000000 0.000000
vn 0.000000 1.000000 0.000000
vn -0.096267 0.981290 -0.166740
vn -0.096240 0.981301 -0.166693
vn -0.191460 0.923782 -0.331618
vn -0.191492 0.923755 -0.331673
vn -0.279044 0.829781 -0.483319
vn -0.279063 0.829757 -0.483351
vn -0.353551 0.707111 -0.612369
vn -0.353550 0.707113 -0.612367
vn -0.414874 0.558138 -0.718583
vn -0.414888 0.558096 -0.718607
vn -0.461876 0.382991 -0.799993
vn -0.461890 0.382925 -0.800017
vn -0.490645 0.192537 -0.849822
vn -0.490650 0.192483 -0.849831
vn -0.500000 0.000000 -0.866025
vn -0.500000 -0.000000 -0.866025
vn -0.490650 -0.192483 -0.849831
vn -0.490645 -0.192537 -0.849822
vn -0.461890 -0.382925 -0.800017
vn -0.461876 -0.382991 -0.799993
vn -0.414888 -0.558096 -0.718607
vn -0.414874 -0.558138 -0.718583
vn -0.353551 -0.707111 -0.612369
vn -0.353550 -0.707113 -0.612367
vn -0.279044 -0.829781 -0.483319
vn -0.279063 -0.829757 -0.483351
vn -0.191460 -0.923782 -0.331618
vn -0.191492 -0.923755 -0.331673
vn -0.096240 -0.981301 -0.166693
vn -0.096267 -0.981290 -0.166740
vn 0.000000 -1.000000 0.000000
vn -0.000000 -1.000000 -0.000000
vn 0.096267 -0.981290 0.166740
vn 0.096240 -0.981301 0.166693
vn 0.191460 -0.923782 0.331618
vn 0.191492 -0.923755 0.331673
vn 0.279044 -0.829781 0.483319
vn 0.279063 -0.829757 0.483351
vn 0.353551 -0.707111 0.612369
vn 0.353550 -0.707113 0.612367
vn 0.414874 -0.558138 0.718583
vn 0.414888 -0.558096 0.718607
vn 0.461876 -0.382991 0.799993
vn 0.461890 -0.382925 0.800017
vn 0.490645 -0.192537 0.849822
vn 0.224144 0.965926 -0.129410
vn 0.224144 0.965926 -0.129410
vn 0.224144 -0.965926 -0.129410
vn 0.224144 -0.965926 -0.129410
vn -0.836516 0.258819 0.482963
vn -0.836516 0.258819 0.482963
vn -0.851003 0.185448 0.491327
vn -0.857140 0.142880 0.494870
vn -0.857476 0.140170 0.495064
vn -0.857476 0.140170 0.495064
vn -0.858616 0.130526 0.495722
vn -0.858449 0.131990 0.495626
vn -0.859921 0.118528 0.496475
vn -0.861594 0.101032 0.497442
vn -0.863269 0.079720 0.498409
vn -0.864728 0.054712 0.499251
vn -0.866025 -0.000000 0.500000
vn -0.865698 0.027495 0.499811
vn -0.866025 -0.000000 0.500000
vn -0.865698 -0.027495 0.499811
vn -0.864728 -0.054712 0.499251
vn -0.858616 -0.130526 0.495722
vn -0.863269 -0.079720 0.498409
vn -0.861594 -0.101032 0.497442
vn -0.859921 -0.118528 0.496475
vn -0.858449 -0.131990 0.495626
vn -0.857476 -0.140170 0.495064
vn -0.857140 -0.142880 0.494870
vn -0.851003 -0.185448 0.491327
vn -0.857476 -0.140170 0.495064
vn -0.858449 -0.131990 0.495626
vn -0.859921 -0.118528 0.496475
vn -0.864352 -0.062136 0.499034
vn -0.861594 -0.101032 0.497442
vn -0.863269 -0.079720 0.498409
vn -0.864728 -0.054712 0.499251
vn -0.865698 -0.027495 0.499811
vn -0.866025 0.000000 0.500000
vn -0.864352 0.062136 0.499034
vn -0.865698 0.027495 0.499811
vn -0.864728 0.054712 0.499251
vn -0.863269 0.079720 0.498409
vn -0.861594 0.101032 0.497442
vn -0.859921 0.118528 0.496475
vn -0.858449 0.131990 0.495626
vn -0.836516 -0.258819 0.482963
vn -0.836516 -0.258819 0.482963
vn 0.940517 0.339746 -0.000000
vn 0.978448 0.206492 -0.000000
vn 0.962202 0.258819 -0.084740
vn 0.970052 0.169837 -0.173648
vn 0.939804 0.258819 -0.223119
vn 0.925613 0.162057 -0.342020
vn 0.897612 0.258819 -0.356798
vn 0.997598 0.069274 -0.000000
vn 0.984808 0.000000 -0.173648
vn 0.939693 0.000000 -0.342020
vn 0.925613 -0.162057 -0.342020
vn 0.897612 -0.258819 -0.356798
vn 0.939804 -0.258819 -0.223119
vn 0.970052 -0.169837 -0.173648
vn 0.962202 -0.258819 -0.084740
vn 0.978448 -0.206492 -0.000000
vn 0.940517 -0.339746 -0.000000
vn 0.997598 -0.069274 -0.000000
vn -0.943728 0.330724 0.000000
vn -0.979619 0.200867 0.000000
vn -0.962994 0.258819 0.075196
vn -0.971238 0.199148 0.130526
vn -0.941258 0.258819 0.216902
vn -0.946239 0.194022 0.258819
vn -0.898787 0.258819 0.353830
vn -0.905050 0.185576 0.382683
vn -0.921781 0.062235 0.382683
vn -0.921781 -0.062235 0.382683
vn -0.905050 -0.185576 0.382683
vn -0.898787 -0.258819 0.353830
vn -0.946239 -0.194022 0.258819
vn -0.941258 -0.258819 0.216902
vn -0.971238 -0.199148 0.130526
vn -0.962994 -0.258819 0.075196
vn -0.979619 -0.200867 0.000000
vn -0.943728 -0.330724 0.000000
vn -0.989193 0.066787 0.130526
vn -0.997729 0.067363 0.000000
vn -0.989193 -0.066787 0.130526
vn -0.997729 -0.067363 0.000000
vn -0.963732 0.065068 0.258819
vn -0.963732 -0.065068 0.258819
vn 0.000000 0.000000 1.000000
vn 0.000000 0.000000 1.000000
vn 0.000000 0.000000 1.000000
vn 0.000000 0.000000 1.000000
vn 0.000000 0.000000 1.000000
vn 0.000000 0.000000 1.000000
vn 0.000000 0.000000 1.000000
vn 0.000000 0.000000 1.000000
vn 0.000000 0.000000 1.000000
vn 0.000000 0.000000 1.000000
vn 0.000000 0.000000 1.000000
vn 0.000000 0.000000 1.000000
vn 0.000000 0.000000 1.000000
vn 0.000000 0.000000 1.000000
vn 0.000000 0.000000 1.000000
vn 0.000000 0.000000 1.000000
vn 0.000000 0.000000 1.000000
vn 0.000000 0.000000 1.000000
vn 0.000000 0.000000 1.000000
vn 0.000000 0.000000 1.000000
vn 0.000000 0.000000 1.000000
vn 0.000000 0.000000 1.000000
vn 0.000000 0.000000 1.000000
vn 0.000000 0.000000 1.000000
vn 0.000000 0.000000 1.000000
vn 0.000000 0.000000 1.000000
vn -0.125479 0.353871 0.926839
vn -0.040392 0.313297 0.948796
vn 0.036356 0.274351 0.960942
vn 0.130196 0.223705 0.965922
vn 0.215136 0.174909 0.960793
vn 0.295890 0.125757 0.946908
vn 0.389870 0.064825 0.918585
vn 0.454629 0.020198 0.890452
vn 0.548865 -0.049360 0.834452
vn 0.595243 -0.086034 0.798927
vn 0.680574 -0.159145 0.715187
vn 0.709321 -0.185938 0.679920
vn 0.780820 -0.259965 0.568100
vn 0.797060 -0.278952 0.535613
vn 0.850159 -0.352868 0.390786
vn 0.856449 -0.363920 0.366139
vn 0.881398 -0.430262 0.194968
vn 0.882045 -0.434597 0.181995
vn 0.873471 -0.486859 -0.004047
vn 0.873471 -0.486859 -0.004047
vn 0.832215 -0.520905 -0.189937
vn -0.214313 0.393229 0.894115
vn -0.285018 0.422238 0.860512
vn -0.379657 0.457549 0.804058
vn -0.433208 0.475542 0.765631
vn -0.525858 0.502684 0.686136
vn -0.562626 0.511813 0.649230
vn -0.652396 0.529054 0.542661
vn -0.676461 0.532155 0.509129
vn -0.757257 0.535585 0.373779
vn -0.769638 0.534803 0.348774
vn -0.832201 0.520911 0.189982
vn -0.836193 0.519121 0.176904
vn -0.873471 0.486859 0.004047
vn -0.873471 0.486859 0.004047
vn -0.882527 0.438867 -0.168943
vn -0.882043 0.434584 -0.182037
vn -0.862078 0.374689 -0.341218
vn -0.856411 0.363851 -0.366296
vn -0.811955 0.297464 -0.502239
vn -0.796906 0.278767 -0.535938
vn -0.735780 0.211898 -0.643216
vn -0.708942 0.185575 -0.680414
vn -0.637690 0.121359 -0.760673
vn -0.594505 0.085436 -0.799540
vn -0.515090 0.023729 -0.856808
vn -0.453482 -0.021009 -0.891018
vn -0.373513 -0.075741 -0.924528
vn -0.294416 -0.126679 -0.947244
vn -0.221013 -0.171426 -0.960087
vn -0.128623 -0.224582 -0.965929
vn -0.042415 -0.271182 -0.961593
vn 0.041957 -0.314067 -0.948473
vn 0.143410 -0.362067 -0.921054
vn 0.215617 -0.393783 -0.893557
vn 0.324739 -0.437572 -0.838496
vn 0.380565 -0.457866 -0.803448
vn 0.488218 -0.492321 -0.720599
vn 0.526370 -0.502818 -0.685645
vn 0.627729 -0.525137 -0.574619
vn 0.652643 -0.529090 -0.542329
vn 0.744462 -0.535947 -0.398168
vn 0.757340 -0.535581 -0.373615
vn 0.828096 -0.522584 -0.202886
vn 0.961516 -0.266457 -0.066987
vn 0.961516 -0.266457 -0.066987
vn 0.176030 0.984385 -0.000000
vn 0.310397 0.950607 -0.000000
vn 0.255041 0.959382 -0.120584
vn 0.338943 0.931980 -0.128571
vn 0.251799 0.953767 -0.164093
vn 0.247570 0.946442 -0.207261
vn 0.438806 0.898582 -0.000000
vn 0.495722 0.858616 -0.130526
vn 0.637647 0.759523 -0.128571
vn 0.695858 0.687623 -0.207261
vn 0.700087 0.694948 -0.164093
vn 0.703329 0.700563 -0.120584
vn 0.668051 0.744115 -0.000000
vn 0.764487 0.644639 -0.000000
vn 0.558792 0.829308 -0.000000
vn -0.758279 -0.651930 0.000000
vn -0.663765 -0.747941 0.000000
vn -0.704399 -0.702417 0.102138
vn -0.659574 -0.740683 0.127866
vn -0.701099 -0.696701 0.151880
vn -0.696512 -0.688756 0.201211
vn -0.552935 -0.822985 0.130230
vn -0.436258 -0.890348 0.130230
vn -0.311663 -0.941550 0.127866
vn -0.248224 -0.947575 0.201211
vn -0.252811 -0.955520 0.151880
vn -0.256111 -0.961236 0.102138
vn -0.315854 -0.948808 0.000000
vn -0.185448 -0.982654 0.000000
vn -0.557202 -0.830377 0.000000
vn -0.440526 -0.897740 0.000000
vn 0.000000 0.000000 1.000000
vn 0.000000 0.000000 1.000000
vn 0.000000 0.000000 1.000000
vn 0.000000 0.000000 1.000000
vn 0.000000 0.000000 1.000000
vn 0.000000 0.000000 1.000000
vn 0.000000 0.000000 1.000000
vn 0.000000 0.000000 1.000000
vn 0.000000 0.000000 1.000000
vn 0.000000 0.000000 1.000000
vn 0.000000 0.000000 1.000000
vn 0.000000 0.000000 1.000000
vn 0.000000 0.000000 1.000000
vn 0.000000 0.000000 1.000000
vn 0.000000 0.000000 1.000000
vn 0.000000 0.000000 1.000000
vn -0.613773 0.351245 0.707043
vn -0.502088 0.509955 0.698465
vn -0.484890 0.530701 0.695153
vn -0.367943 0.652656 0.662313
vn -0.368672 0.651986 0.662567
vn -0.241655 0.754186 0.610579
vn -0.219220 0.769458 0.599898
vn -0.110354 0.832899 0.542311
vn -0.066422 0.853713 0.516490
vn 0.020997 0.887230 0.460849
vn 0.088760 0.906014 0.413837
vn 0.155972 0.918326 0.363799
vn 0.245061 0.924491 0.291997
vn 0.288185 0.923040 0.254847
vn 0.391725 0.906324 0.158517
vn 0.411252 0.900846 0.139096
vn 0.519422 0.854215 0.022725
vn 0.519422 0.854215 0.022725
vn 0.613352 0.784164 -0.094269
vn 0.627658 0.770109 -0.113914
vn 0.692438 0.689644 -0.211944
vn 0.714453 0.653494 -0.250007
vn 0.751699 0.574383 -0.324087
vn 0.772895 0.511039 -0.376128
vn 0.788538 0.444090 -0.425431
vn 0.800357 0.353280 -0.484378
vn 0.802722 0.305734 -0.512019
vn 0.797908 0.182235 -0.574572
vn 0.794935 0.155710 -0.586372
vn 0.764206 -0.000975 -0.644972
vn 0.763950 -0.001933 -0.645273
vn 0.710598 -0.159514 -0.685278
vn 0.700186 -0.184172 -0.689797
vn 0.610968 -0.355859 -0.707166
vn 0.611409 -0.355136 -0.707148
vn 0.499798 -0.512766 -0.698050
vn -0.712621 0.154560 0.684312
vn -0.701617 0.180862 0.689219
vn -0.613334 0.351969 0.707063
vn -0.764976 -0.001928 0.644056
vn -0.777755 -0.055109 0.626147
vn -0.798118 -0.184369 0.573599
vn -0.802722 -0.259937 0.536721
vn -0.800259 -0.354550 0.483611
vn -0.788212 -0.445821 0.424222
vn -0.772707 -0.511703 0.375612
vn -0.733943 -0.615668 0.286846
vn -0.714311 -0.653746 0.249752
vn -0.641406 -0.755519 0.133377
vn -0.627609 -0.770160 0.113845
vn -0.519422 -0.854215 -0.022725
vn -0.519422 -0.854215 -0.022725
vn -0.391792 -0.906307 -0.158451
vn -0.371993 -0.911065 -0.177714
vn -0.245349 -0.924491 -0.291753
vn -0.201662 -0.922981 -0.327779
vn -0.089439 -0.906170 -0.413349
vn -0.022712 -0.887783 -0.459701
vn 0.065232 -0.854240 -0.515771
vn 0.151578 -0.810902 -0.565210
vn 0.217409 -0.770657 -0.599017
vn 0.323957 -0.691183 -0.646001
vn 0.365706 -0.654703 -0.661531
vn 0.481403 -0.534810 -0.694428
vn 0.324469 0.928023 -0.183013
vn 0.324469 0.928023 -0.183013
vn -0.984385 0.176030 0.000000
vn -0.950607 0.310397 0.000000
vn -0.959834 0.255302 -0.116361
vn -0.922887 0.333693 -0.192167
vn -0.931729 0.239076 -0.273355
vn -0.874344 0.305666 -0.376950
vn -0.881525 0.210090 -0.422820
vn -0.795513 0.260154 -0.547246
vn -0.810602 0.169143 -0.560638
vn -0.720074 0.415735 -0.555570
vn -0.623057 0.558858 -0.547246
vn -0.551783 0.617431 -0.560638
vn -0.622706 0.658378 -0.422820
vn -0.701887 0.604371 -0.376950
vn -0.672910 0.687363 -0.273355
vn -0.750430 0.632397 -0.192167
vn -0.701015 0.703590 -0.116361
vn -0.744115 0.668051 0.000000
vn -0.644639 0.764487 0.000000
vn -0.898582 0.438806 0.000000
vn -0.849385 0.490393 -0.195090
vn -0.800103 0.461940 -0.382683
vn -0.829308 0.558792 0.000000
vn 0.651930 -0.758279 -0.000000
vn 0.747941 -0.663765 -0.000000
vn 0.702693 -0.704559 0.099092
vn 0.737496 -0.657734 0.153246
vn 0.676031 -0.689165 0.260830
vn 0.706419 -0.639792 0.302719
vn 0.625969 -0.660262 0.414991
vn 0.655474 -0.610379 0.444738
vn 0.553960 -0.618687 0.557095
vn 0.585916 -0.570220 0.575805
vn 0.665356 -0.461928 0.586450
vn 0.732719 -0.345252 0.586450
vn 0.786783 -0.222309 0.575805
vn 0.812779 -0.170400 0.557095
vn 0.856341 -0.262468 0.444738
vn 0.884788 -0.211974 0.414991
vn 0.907285 -0.291881 0.302719
vn 0.934851 -0.240878 0.260830
vn 0.938363 -0.309823 0.153246
vn 0.961512 -0.256271 0.099092
vn 0.948808 -0.315854 -0.000000
vn 0.982654 -0.185448 -0.000000
vn 0.830377 -0.557202 -0.000000
vn 0.819739 -0.551061 0.156079
vn 0.788087 -0.532786 0.308315
vn 0.736200 -0.502829 0.452959
vn 0.897740 -0.440526 -0.000000
vn 0.887102 -0.434384 0.156079
vn 0.855450 -0.416110 0.308315
vn 0.803563 -0.386153 0.452959
vn 0.000000 0.000000 1.000000
vn 0.000000 0.000000 1.000000
vn 0.000000 0.000000 1.000000
vn 0.000000 0.000000 1.000000
vn 0.000000 0.000000 1.000000
vn 0.000000 0.000000 1.000000
vn 0.000000 0.000000 1.000000
vn 0.000000 0.000000 1.000000
vn 0.000000 0.000000 1.000000
vn 0.000000 0.000000 1.000000
vn 0.000000 0.000000 1.000000
vn 0.000000 0.000000 1.000000
vn 0.000000 0.000000 1.000000
vn 0.000000 0.000000 1.000000
vn 0.000000 0.000000 1.000000
vn 0.000000 0.000000 1.000000
vn 0.000000 0.000000 1.000000
vn 0.000000 0.000000 1.000000
vn 0.000000 0.000000 1.000000
vn 0.000000 0.000000 1.000000
vn 0.000000 0.000000 1.000000
vn 0.000000 0.000000 1.000000
vn -0.192483 -0.956150 0.220745
vn 0.000000 -0.974370 0.224951
vn -0.000000 -0.974370 0.224951
vn 0.192483 -0.956150 0.220745
vn 0.192537 -0.956139 0.220742
vn 0.382925 -0.900103 0.207805
vn 0.382991 -0.900076 0.207799
vn 0.558096 -0.808509 0.186659
vn 0.558138 -0.808482 0.186653
vn 0.707111 -0.688980 0.159064
vn 0.707113 -0.688978 0.159063
vn 0.829781 -0.543785 0.125543
vn 0.829757 -0.543821 0.125551
vn 0.923782 -0.373105 0.086138
vn 0.923755 -0.373167 0.086152
vn 0.981301 -0.187548 0.043299
vn 0.981290 -0.187600 0.043311
vn 1.000000 -0.000000 0.000000
vn 1.000000 -0.000000 0.000000
vn 0.981290 0.187600 -0.043311
vn 0.981301 0.187548 -0.043299
vn 0.923782 0.373105 -0.086138
vn 0.923755 0.373167 -0.086152
vn 0.829781 0.543785 -0.125543
vn 0.829757 0.543821 -0.125551
vn 0.707111 0.688980 -0.159064
vn 0.707113 0.688978 -0.159063
vn 0.558138 0.808482 -0.186653
vn 0.558096 0.808509 -0.186659
vn 0.382991 0.900076 -0.207799
vn 0.382925 0.900103 -0.207805
vn 0.192537 0.956139 -0.220742
vn 0.192483 0.956150 -0.220745
vn 0.000000 0.974370 -0.224951
vn 0.000000 0.974370 -0.224951
vn -0.192483 0.956150 -0.220745
vn -0.192537 0.956139 -0.220742
vn -0.382925 0.900103 -0.207805
vn -0.382991 0.900076 -0.207799
vn -0.558096 0.808509 -0.186659
vn -0.558138 0.808482 -0.186653
vn -0.707111 0.688980 -0.159064
vn -0.707113 0.688978 -0.159063
vn -0.829781 0.543785 -0.125543
vn -0.829757 0.543821 -0.125551
vn -0.923782 0.373105 -0.086138
vn -0.923755 0.373167 -0.086152
vn -0.981301 0.187548 -0.043299
vn -0.981290 0.187600 -0.043311
vn -1.000000 -0.000000 0.000000
vn -1.000000 -0.000000 0.000000
vn -0.981290 -0.187600 0.043311
vn -0.981301 -0.187548 0.043299
vn -0.923782 -0.373105 0.086138
vn -0.923755 -0.373167 0.086152
vn -0.829781 -0.543785 0.125543
vn -0.829757 -0.543821 0.125551
vn -0.707111 -0.688980 0.159064
vn -0.707113 -0.688978 0.159063
vn -0.558138 -0.808482 0.186653
vn -0.558096 -0.808509 0.186659
vn -0.382991 -0.900076 0.207799
vn -0.382925 -0.900103 0.207805
vn -0.192537 -0.956139 0.220742
vn 0.965926 -0.058222 -0.252186
vn 0.965926 -0.058222 -0.252186
vn -0.965926 -0.058222 -0.252186
vn -0.965926 -0.058222 -0.252186
vn 0.258819 0.217286 0.941169
vn 0.258819 0.217286 0.941169
vn 0.185448 0.221049 0.957469
vn 0.142880 0.222643 0.964373
vn 0.140170 0.222730 0.964751
vn 0.140170 0.222730 0.964751
vn 0.130526 0.223027 0.966034
vn 0.131990 0.222983 0.965845
vn 0.118528 0.223365 0.967501
vn 0.101032 0.223800 0.969384
vn 0.079720 0.224235 0.971269
vn 0.054712 0.224614 0.972911
vn 0.000000 0.224951 0.974370
vn 0.027495 0.224866 0.974002
vn -0.000000 0.224951 0.974370
vn -0.027495 0.224866 0.974002
vn -0.054712 0.224614 0.972911
vn -0.130526 0.223027 0.966034
vn -0.079720 0.224235 0.971269
vn -0.101032 0.223800 0.969384
vn -0.118528 0.223365 0.967501
vn -0.131990 0.222983 0.965845
vn -0.140170 0.222730 0.964751
vn -0.142880 0.222643 0.964373
vn -0.185448 0.221049 0.957469
vn -0.140170 0.222730 0.964751
vn -0.131990 0.222983 0.965845
vn -0.118528 0.223365 0.967501
vn -0.062136 0.224516 0.972487
vn -0.101032 0.223800 0.969384
vn -0.079720 0.224235 0.971269
vn -0.054712 0.224614 0.972911
vn -0.027495 0.224866 0.974002
vn -0.000000 0.224951 0.974370
vn 0.062136 0.224516 0.972487
vn 0.027495 0.224866 0.974002
vn 0.054712 0.224614 0.972911
vn 0.079720 0.224235 0.971269
vn 0.101032 0.223800 0.969384
vn 0.118528 0.223365 0.967501
vn 0.131990 0.222983 0.965845
vn -0.258819 0.217286 0.941169
vn -0.258819 0.217286 0.941169
vn 0.339746 -0.940517 -0.000000
vn 0.206492 -0.978448 -0.000000
vn 0.258819 -0.962202 -0.084740
vn 0.171155 -0.970953 -0.167199
vn 0.258819 -0.937116 -0.234151
vn 0.163893 -0.929754 -0.329691
vn 0.258819 -0.888976 -0.377801
vn 0.152016 -0.862379 -0.482900
vn 0.258819 -0.818967 -0.512158
vn 0.135860 -0.770725 -0.622515
vn 0.258819 -0.728811 -0.633914
vn 0.115878 -0.657373 -0.744603
vn 0.228238 -0.627275 -0.744603
vn 0.092635 -0.525512 -0.845728
vn 0.182456 -0.501452 -0.845728
vn 0.066783 -0.378857 -0.923042
vn 0.131538 -0.361511 -0.923042
vn 0.192299 -0.333187 -0.923042
vn 0.247220 -0.294746 -0.923042
vn 0.258819 -0.361778 -0.895617
vn 0.069274 -0.997598 -0.000000
vn -0.000000 -0.985923 -0.167199
vn -0.000000 -0.944089 -0.329691
vn -0.163893 -0.929754 -0.329691
vn -0.152016 -0.862379 -0.482900
vn -0.258819 -0.888976 -0.377801
vn -0.258819 -0.818967 -0.512158
vn -0.069274 -0.997598 -0.000000
vn -0.171155 -0.970953 -0.167199
vn -0.258819 -0.937116 -0.234151
vn -0.206492 -0.978448 -0.000000
vn -0.258819 -0.962202 -0.084740
vn -0.339746 -0.940517 -0.000000
vn -0.135860 -0.770725 -0.622515
vn -0.258819 -0.728811 -0.633914
vn -0.115878 -0.657373 -0.744603
vn -0.228238 -0.627275 -0.744603
vn -0.182456 -0.501452 -0.845728
vn -0.258819 -0.497369 -0.828032
vn -0.258819 -0.361778 -0.895617
vn -0.258819 -0.620725 -0.740076
vn -0.247220 -0.294746 -0.923042
vn -0.192299 -0.333187 -0.923042
vn -0.131538 -0.361511 -0.923042
vn -0.092635 -0.525512 -0.845728
vn -0.066783 -0.378857 -0.923042
vn -0.000000 -0.533615 -0.845728
vn -0.000000 -0.384698 -0.923042
vn 0.258819 -0.497369 -0.828032
vn 0.258819 -0.620725 -0.740076
vn -0.000000 -0.875675 -0.482900
vn -0.000000 -0.782608 -0.622515
vn -0.000000 -0.667508 -0.744603
vn 0.330724 0.943728 0.000000
vn 0.200867 0.979619 0.000000
vn 0.258819 0.962994 0.075196
vn 0.233069 0.961013 0.148768
vn 0.258819 0.939112 0.226013
vn 0.225260 0.928811 0.294226
vn 0.258819 0.891761 0.371181
vn 0.212436 0.875937 0.433135
vn 0.258819 0.822125 0.507073
vn 0.194885 0.803568 0.562404
vn 0.258819 0.731944 0.630294
vn 0.172997 0.713315 0.679157
vn 0.258819 0.623473 0.737763
vn 0.147258 0.607187 0.780794
vn 0.241318 0.576304 0.780794
vn 0.118242 0.487545 0.865054
vn 0.193768 0.462747 0.865054
vn 0.086594 0.357053 0.930062
vn 0.141906 0.338892 0.930062
vn 0.193654 0.312223 0.930062
vn 0.240541 0.277714 0.930062
vn 0.258819 0.362887 0.895168
vn 0.078346 0.985764 0.148768
vn 0.067363 0.997729 0.000000
vn -0.067363 0.997729 0.000000
vn -0.078346 0.985764 0.148768
vn -0.200867 0.979619 0.000000
vn -0.233069 0.961013 0.148768
vn -0.258819 0.962994 0.075196
vn -0.258819 0.939112 0.226013
vn -0.330724 0.943728 0.000000
vn -0.225260 0.928811 0.294226
vn -0.258819 0.891761 0.371181
vn -0.212436 0.875937 0.433135
vn -0.258819 0.822125 0.507073
vn -0.194885 0.803568 0.562404
vn -0.258819 0.731944 0.630294
vn -0.172997 0.713315 0.679157
vn -0.258819 0.623473 0.737763
vn -0.147258 0.607187 0.780794
vn -0.241318 0.576304 0.780794
vn -0.193768 0.462747 0.865054
vn -0.258819 0.499420 0.826796
vn -0.258819 0.362887 0.895168
vn -0.240541 0.277714 0.930062
vn -0.193654 0.312223 0.930062
vn -0.141906 0.338892 0.930062
vn -0.086594 0.357053 0.930062
vn -0.029108 0.366248 0.930062
vn 0.029108 0.366248 0.930062
vn 0.039747 0.500102 0.865054
vn 0.258819 0.499420 0.826796
vn 0.075720 0.952732 0.294226
vn -0.075720 0.952732 0.294226
vn 0.071410 0.898496 0.433135
vn -0.071410 0.898496 0.433135
vn 0.065510 0.824263 0.562404
vn -0.065510 0.824263 0.562404
vn 0.058152 0.731686 0.679157
vn -0.058152 0.731686 0.679157
vn 0.049500 0.622825 0.780794
vn -0.049500 0.622825 0.780794
vn -0.039747 0.500102 0.865054
vn -0.118242 0.487545 0.865054
vn -0.639486 0.301758 -0.707107
vn -0.639486 0.301758 -0.707107
vn -0.600130 0.373957 -0.707107
vn -0.600130 0.373957 -0.707107
vn -0.552658 0.441100 -0.707107
vn -0.497713 0.502277 -0.707107
vn -0.497713 0.502277 -0.707107
vn -0.552658 0.441100 -0.707107
vn -0.904370 0.426750 0.000000
vn -0.904370 0.426750 0.000000
vn -0.848712 0.528855 0.000000
vn -0.848712 0.528855 0.000000
vn -0.781577 0.623809 0.000000
vn -0.703872 0.710327 0.000000
vn -0.703872 0.710327 0.000000
vn -0.781577 0.623809 0.000000
vn -0.710327 -0.703872 0.000000
vn -0.710327 -0.703872 0.000000
vn -0.710327 -0.703872 0.000000
vn -0.710327 -0.703872 0.000000
vn -0.710327 -0.703872 0.000000
vn -0.408219 -0.577371 -0.707107
vn -0.408219 -0.577371 -0.707107
vn -0.502277 -0.497713 -0.707107
vn -0.502277 -0.497713 -0.707107
vn -0.581073 -0.402932 -0.707107
vn -0.581073 -0.402932 -0.707107
vn -0.642214 -0.295908 -0.707107
vn -0.642214 -0.295908 -0.707107
vn -0.577309 -0.816526 0.000000
vn -0.577309 -0.816526 0.000000
vn -0.710327 -0.703872 0.000000
vn -0.710327 -0.703872 0.000000
vn -0.821761 -0.569832 0.000000
vn -0.821761 -0.569832 0.000000
vn -0.908227 -0.418478 0.000000
vn -0.908227 -0.418478 0.000000
vn 0.418478 -0.908227 0.000000
vn 0.418478 -0.908227 0.000000
vn 0.418478 -0.908227 0.000000
vn 0.418478 -0.908227 0.000000
vn 0.418478 -0.908227 0.000000
vn 0.518361 0.480938 -0.707107
vn 0.518361 0.480938 -0.707107
vn 0.570690 0.417508 -0.707107
vn 0.570690 0.417508 -0.707107
vn 0.615301 0.348432 -0.707107
vn 0.651591 0.274644 -0.707107
vn 0.651591 0.274644 -0.707107
vn 0.615301 0.348432 -0.707107
vn 0.733073 0.680150 -0.000000
vn 0.733073 0.680150 -0.000000
vn 0.807077 0.590446 -0.000000
vn 0.807077 0.590446 -0.000000
vn 0.870166 0.492758 -0.000000
vn 0.921488 0.388406 -0.000000
vn 0.921488 0.388406 -0.000000
vn 0.870166 0.492758 -0.000000
vn -0.388406 0.921488 0.000000
vn -0.388406 0.921488 0.000000
vn -0.388406 0.921488 0.000000
vn -0.388406 0.921488 0.000000
vn -0.388406 0.921488 0.000000
vn 0.629224 -0.322609 -0.707107
vn 0.629224 -0.322609 -0.707107
vn 0.563644 -0.426972 -0.707107
vn 0.563644 -0.426972 -0.707107
vn 0.480938 -0.518361 -0.707107
vn 0.480938 -0.518361 -0.707107
vn 0.383619 -0.594000 -0.707107
vn 0.383619 -0.594000 -0.707107
vn 0.889857 -0.456239 0.000000
vn 0.889857 -0.456239 0.000000
vn 0.797114 -0.603829 0.000000
vn 0.797114 -0.603829 0.000000
vn 0.680150 -0.733073 0.000000
vn 0.680150 -0.733073 0.000000
vn 0.542520 -0.840043 0.000000
vn 0.542520 -0.840043 0.000000
vn 0.840043 0.542520 -0.000000
vn 0.840043 0.542520 -0.000000
vn 0.840043 0.542520 -0.000000
vn 0.840043 0.542520 -0.000000
vn 0.840043 0.542520 -0.000000
vn -0.290285 0.956940 -0.000000
vn -0.382683 0.923880 -0.000000
vn -0.467546 0.883968 -0.000000
vn -0.471397 0.881921 -0.000000
vn -0.555570 0.831470 -0.000000
vn -0.098017 0.995185 -0.000000
vn -0.195090 0.980785 -0.000000
vn -0.000000 1.000000 -0.000000
vn 0.098017 0.995185 -0.000000
vn 0.195090 0.980785 -0.000000
vn 0.290285 0.956940 -0.000000
vn 0.382683 0.923880 -0.000000
vn 0.474923 0.880027 -0.000000
vn 0.471397 0.881921 -0.000000
vn 0.555570 0.831470 -0.000000
vn 0.607320 0.794457 -0.000000
vn 0.634393 0.773010 -0.000000
vn 0.724624 0.689144 -0.000000
vn 0.707107 0.707107 -0.000000
vn 0.773010 0.634393 -0.000000
vn 0.823920 0.566705 -0.000000
vn 0.831470 0.555570 -0.000000
vn 0.881921 0.471397 -0.000000
vn 0.902742 0.430183 -0.000000
vn 0.923880 0.382683 -0.000000
vn 0.959129 0.282971 -0.000000
vn 0.956940 0.290285 -0.000000
vn 0.980785 0.195090 -0.000000
vn 0.991680 0.128726 -0.000000
vn 0.995185 0.098017 -0.000000
vn 0.999588 -0.028718 -0.000000
vn 1.000000 -0.000000 -0.000000
vn 0.995185 -0.098017 -0.000000
vn 0.980785 -0.195090 -0.000000
vn 0.956940 -0.290285 -0.000000
vn 0.923880 -0.382683 -0.000000
vn 0.881921 -0.471397 -0.000000
vn 0.831470 -0.555570 -0.000000
vn 0.773010 -0.634393 -0.000000
vn 0.707107 -0.707107 -0.000000
vn 0.634393 -0.773010 -0.000000
vn 0.555570 -0.831470 -0.000000
vn 0.531766 -0.846891 -0.000000
vn 0.471397 -0.881921 -0.000000
vn 0.399748 -0.916625 -0.000000
vn 0.382683 -0.923880 -0.000000
vn 0.290285 -0.956940 -0.000000
vn 0.258819 -0.965926 -0.000000
vn 0.195090 -0.980785 -0.000000
vn 0.112121 -0.993695 -0.000000
vn 0.098017 -0.995185 -0.000000
vn -0.000000 -1.000000 0.000000
vn -0.037077 -0.999312 0.000000
vn -0.098017 -0.995185 0.000000
vn -0.195090 -0.980785 0.000000
vn -0.290285 -0.956940 0.000000
vn -0.382683 -0.923880 0.000000
vn -0.471397 -0.881921 0.000000
vn -0.555570 -0.831470 0.000000
vn -0.634393 -0.773010 0.000000
vn -0.707107 -0.707107 0.000000
vn -0.773010 -0.634393 0.000000
vn -0.833284 -0.552845 0.000000
vn -0.831470 -0.555570 0.000000
vn -0.881921 -0.471397 0.000000
vn -0.895420 -0.445223 0.000000
vn -0.923880 -0.382683 0.000000
vn -0.956940 -0.290285 0.000000
vn -0.980785 -0.195090 0.000000
vn -0.995185 -0.098017 0.000000
vn -1.000000 -0.000000 0.000000
vn -0.995185 0.098017 -0.000000
vn -0.980785 0.195090 -0.000000
vn -0.956940 0.290285 -0.000000
vn -0.923880 0.382683 -0.000000
vn -0.883968 0.467546 -0.000000
vn -0.881921 0.471397 -0.000000
vn -0.831470 0.555570 -0.000000
vn -0.804504 0.593947 -0.000000
vn -0.773010 0.634393 -0.000000
vn -0.707107 0.707107 -0.000000
vn -0.707107 0.707107 -0.000000
vn -0.634393 0.773010 -0.000000
vn -0.593947 0.804504 -0.000000
vn 0.000000 0.000000 1.000000
vn 0.000000 0.000000 1.000000
vn 0.000000 0.000000 1.000000
vn 0.000000 0.000000 1.000000
vn 0.000000 0.000000 1.000000
vn 0.000000 0.000000 1.000000
vn 0.000000 0.000000 1.000000
vn 0.000000 0.000000 1.000000
vn 0.000000 0.000000 1.000000
vn 0.000000 0.000000 1.000000
vn 0.000000 0.000000 1.000000
vn 0.000000 0.000000 1.000000
vn 0.000000 0.000000 1.000000
vn 0.000000 0.000000 1.000000
vn 0.000000 0.000000 1.000000
vn 0.000000 0.000000 1.000000
vn 0.000000 0.000000 1.000000
vn 0.000000 0.000000 1.000000
vn 0.000000 0.000000 1.000000
vn 0.000000 0.000000 1.000000
vn 0.000000 0.000000 1.000000
vn 0.000000 0.000000 1.000000
vn 0.000000 0.000000 1.000000
vn 0.000000 0.000000 1.000000
vn 0.000000 0.000000 1.000000
vn 0.000000 0.000000 1.000000
vn 0.000000 0.000000 1.000000
vn 0.000000 0.000000 1.000000
vn 0.000000 0.000000 1.000000
vn 0.000000 0.000000 1.000000
vn 0.000000 0.000000 1.000000
vn 0.000000 0.000000 1.000000
vn 0.000000 0.000000 1.000000
vn 0.000000 0.000000 1.000000
vn 0.000000 0.000000 1.000000
vn 0.000000 0.000000 1.000000
vn 0.000000 0.000000 1.000000
vn 0.000000 0.000000 1.000000
vn 0.000000 0.000000 1.000000
vn 0.000000 0.000000 1.000000
vn 0.000000 0.000000 1.000000
vn 0.000000 0.000000 1.000000
vn 0.000000 0.000000 1.000000
vn 0.000000 0.000000 1.000000
vn 0.000000 0.000000 1.000000
vn 0.000000 0.000000 1.000000
vn 0.000000 0.000000 1.000000
vn 0.000000 0.000000 1.000000
vn 0.000000 0.000000 1.000000
vn 0.000000 0.000000 1.000000
vn 0.000000 0.000000 1.000000
vn 0.000000 0.000000 1.000000
vn 0.000000 0.000000 1.000000
vn 0.000000 0.000000 1.000000
vn 0.000000 0.000000 1.000000
vn 0.000000 0.000000 1.000000
vn 0.000000 0.000000 1.000000
vn 0.000000 0.000000 1.000000
vn 0.000000 0.000000 1.000000
vn 0.000000 0.000000 1.000000
vn 0.000000 0.000000 1.000000
vn 0.000000 0.000000 1.000000
vn 0.000000 0.000000 1.000000
vn 0.000000 0.000000 1.000000
vn 0.000000 0.000000 1.000000
vn 0.000000 0.000000 1.000000
vn 0.000000 0.000000 1.000000
vn 0.000000 0.000000 1.000000
vn 0.000000 0.000000 1.000000
vn 0.000000 0.000000 1.000000
vn 0.000000 0.000000 1.000000
vn 0.000000 0.000000 1.000000
vn 0.000000 0.000000 1.000000
vn 0.000000 0.000000 1.000000
vn 0.000000 0.000000 1.000000
vn 0.000000 0.000000 1.000000
vn 0.000000 0.000000 1.000000
vn 0.000000 0.000000 1.000000
vn 0.000000 0.000000 1.000000
vn 0.000000 0.000000 1.000000
vn 0.000000 0.000000 1.000000
vn 0.000000 0.000000 1.000000
vn 0.000000 0.000000 1.000000
vn 0.000000 0.000000 1.000000
vn 0.000000 0.000000 1.000000
vn 0.000000 0.000000 1.000000
vn 0.000000 0.000000 1.000000
vn 0.000000 0.000000 1.000000
vn 0.000000 0.000000 1.000000
vn 0.000000 0.000000 1.000000
vn 0.000000 0.000000 1.000000
vn 0.000000 0.000000 1.000000
vn 0.000000 0.000000 1.000000
vn 0.000000 0.000000 1.000000
vn 0.000000 0.000000 1.000000
vn 0.000000 0.000000 1.000000
vn 0.000000 0.000000 1.000000
vn 0.000000 0.000000 1.000000
vn 0.000000 0.000000 1.000000
vn 0.000000 0.000000 1.000000
vn 0.000000 0.000000 1.000000
vn 0.000000 0.000000 1.000000
vn 0.000000 0.000000 1.000000
vn 0.000000 0.000000 1.000000
vn 0.000000 0.000000 1.000000
vn 0.000000 0.000000 1.000000
vn 0.000000 0.000000 1.000000
vn 0.000000 0.000000 1.000000
vn 0.000000 0.000000 1.000000
vn 0.000000 0.000000 1.000000
vn 0.000000 0.000000 1.000000
vn 0.000000 0.000000 1.000000
vn 0.000000 0.000000 1.000000
vn 0.000000 0.000000 1.000000
vn 0.000000 0.000000 1.000000
vn 0.000000 0.000000 1.000000
vn 0.000000 0.000000 1.000000
vn 0.000000 0.000000 1.000000
vn 0.000000 0.000000 1.000000
vn 0.000000 0.000000 1.000000
vn 0.000000 0.000000 1.000000
vn 0.000000 0.000000 1.000000
vn 0.000000 0.000000 1.000000
vn 0.000000 0.000000 1.000000
vn 0.000000 0.000000 1.000000
vn 0.000000 0.000000 1.000000
vn 0.000000 0.000000 1.000000
vn 0.000000 0.000000 1.000000
vn 0.000000 0.000000 1.000000
vn 0.000000 0.000000 1.000000
vn 0.000000 0.000000 1.000000
vn 0.000000 0.000000 1.000000
vn 0.000000 0.000000 1.000000
vn 0.000000 0.000000 1.000000
vn 0.000000 0.000000 1.000000
vn 0.000000 0.000000 1.000000
vn 0.000000 0.000000 1.000000
vn 0.000000 0.000000 1.000000
vn 0.000000 0.000000 1.000000
vn 0.000000 0.000000 1.000000
vn 0.000000 0.000000 1.000000
vn 0.000000 0.000000 1.000000
vn 0.000000 0.000000 1.000000
vn 0.000000 0.000000 1.000000
vn 0.000000 0.000000 1.000000
vn 0.000000 0.000000 1.000000
vn 0.000000 0.000000 1.000000
vn 0.000000 0.000000 1.000000
vn 0.000000 0.000000 1.000000
vn 0.000000 0.000000 1.000000
vn 0.000000 0.000000 1.000000
vn 0.000000 0.000000 1.000000
vn 0.000000 0.000000 1.000000
vn 0.000000 0.000000 1.000000
vn 0.000000 0.000000 1.000000
vn 0.000000 0.000000 1.000000
vn 0.000000 0.000000 1.000000
vn 0.000000 0.000000 1.000000
vn 0.000000 0.000000 1.000000
vn 0.000000 0.000000 1.000000
vn 0.000000 0.000000 1.000000
vn 0.000000 0.000000 1.000000
vn 0.000000 0.000000 1.000000
vn 0.000000 0.000000 1.000000
vn 0.000000 0.000000 1.000000
vn 0.000000 0.000000 1.000000
vn 0.000000 0.000000 1.000000
vn 0.000000 0.000000 1.000000
vn 0.000000 0.000000 1.000000
vn 0.000000 0.000000 1.000000
vn 0.000000 0.000000 1.000000
vn 0.000000 0.000000 1.000000
vn 0.000000 0.000000 1.000000
vn 0.000000 0.000000 1.000000
vn 0.000000 0.000000 1.000000
vn 0.000000 0.000000 1.000000
vn 0.000000 0.000000 1.000000
vn 0.000000 0.000000 1.000000
vn 0.000000 0.000000 1.000000
vn 0.000000 0.000000 1.000000
vn 0.000000 0.000000 1.000000
vn 0.000000 0.000000 1.000000
vn 0.000000 0.000000 1.000000
vn 0.000000 0.000000 1.000000
vn 0.000000 0.000000 1.000000
vn 0.000000 0.000000 1.000000
vn 0.000000 0.000000 1.000000
vn 0.000000 0.000000 1.000000
vn 0.000000 0.000000 1.000000
vn 0.000000 0.000000 1.000000
vn 0.000000 0.000000 1.000000
vn 0.000000 0.000000 1.000000
vn 0.000000 0.000000 1.000000
vn 0.000000 0.000000 1.000000
vn 0.000000 0.000000 1.000000
vn 0.000000 0.000000 1.000000
vn 0.000000 0.000000 1.000000
vn 0.000000 0.000000 1.000000
vn 0.000000 0.000000 1.000000
vn 0.000000 0.000000 1.000000
vn 0.000000 0.000000 1.000000
vn 0.000000 0.000000 1.000000
vn 0.000000 0.000000 1.000000
vn 0.000000 0.000000 1.000000
vn 0.000000 0.000000 1.000000
vn 0.000000 0.000000 1.000000
vn 0.000000 0.000000 1.000000
vn 0.000000 0.000000 1.000000
vn 0.000000 0.000000 1.000000
vn 0.000000 0.000000 1.000000
vn 0.000000 0.000000 1.000000
vn 0.000000 0.000000 1.000000
vn 0.000000 0.000000 1.000000
vn 0.000000 0.000000 1.000000
vn 0.000000 0.000000 1.000000
vn 0.000000 0.000000 1.000000
vn 0.000000 0.000000 1.000000
vn 0.995577 -0.093946 -0.000000
vn 0.995577 -0.093946 -0.000000
vn 0.989685 0.143261 -0.000000
vn 0.989685 0.143261 -0.000000
vn 0.928072 0.372402 -0.000000
vn 0.928072 0.372402 -0.000000
vn 0.814206 0.580576 -0.000000
vn 0.814206 0.580576 -0.000000
vn 0.654500 0.756062 -0.000000
vn 0.654500 0.756062 -0.000000
vn 0.457943 0.888981 -0.000000
vn 0.457943 0.888981 -0.000000
vn 0.235604 0.971849 -0.000000
vn 0.235604 0.971849 -0.000000
vn 0.000000 1.000000 -0.000000
vn 0.000000 1.000000 -0.000000
vn -0.992215 0.124538 0.000000
vn -0.933372 0.358909 0.000000
vn -0.992215 0.124538 0.000000
vn -0.933372 0.358909 0.000000
vn -0.992215 0.124538 0.000000
vn -0.993119 -0.117106 0.000000
vn -0.993119 -0.117106 0.000000
vn -0.936034 -0.351911 0.000000
vn -0.936034 -0.351911 0.000000
vn -0.824290 -0.566167 0.000000
vn -0.824290 -0.566167 0.000000
vn -0.664415 -0.747364 0.000000
vn -0.664415 -0.747364 0.000000
vn -0.465743 -0.884920 0.000000
vn -0.465743 -0.884920 0.000000
vn -0.239875 -0.970804 0.000000
vn -0.239875 -0.970804 0.000000
vn -0.000000 -1.000000 0.000000
vn -0.000000 -1.000000 0.000000
vn -0.239875 -0.970804 0.000000
vn -0.465743 -0.884920 0.000000
vn -0.664415 -0.747364 0.000000
vn -0.824290 -0.566167 0.000000
vn -0.936034 -0.351911 0.000000
vn -0.993119 -0.117106 0.000000
vn 0.000000 -1.000000 0.000000
vn 0.000000 -1.000000 0.000000
vn -0.258819 -0.965926 0.000000
vn -0.258819 -0.965926 0.000000
vn -0.500000 -0.866025 0.000000
vn -0.500000 -0.866025 0.000000
vn -0.707107 -0.707107 0.000000
vn -0.707107 -0.707107 0.000000
vn -0.866025 -0.500000 0.000000
vn -0.866025 -0.500000 0.000000
vn -0.965926 -0.258819 0.000000
vn -0.965926 -0.258819 0.000000
vn -1.000000 0.000000 0.000000
vn -1.000000 0.000000 0.000000
vn -0.965926 0.258819 0.000000
vn -0.965926 0.258819 0.000000
vn -0.866025 0.500000 0.000000
vn -0.866025 0.500000 0.000000
vn -0.707107 0.707107 0.000000
vn -0.707107 0.707107 0.000000
vn -0.500000 0.866025 0.000000
vn -0.500000 0.866025 0.000000
vn -0.258819 0.965926 0.000000
vn -0.258819 0.965926 0.000000
vn 0.000000 1.000000 -0.000000
vn 0.000000 1.000000 -0.000000
vn -0.258819 0.965926 0.000000
vn -0.500000 0.866025 0.000000
vn -0.707107 0.707107 0.000000
vn -0.866025 0.500000 0.000000
vn -0.965926 0.258819 0.000000
vn -1.000000 0.000000 0.000000
vn -0.965926 -0.258819 0.000000
vn -0.866025 -0.500000 0.000000
vn -0.707107 -0.707107 0.000000
vn -0.500000 -0.866025 0.000000
vn -0.258819 -0.965926 0.000000
vn -0.000000 -1.000000 0.000000
vn -0.000000 -1.000000 0.000000
vn -0.000000 -1.000000 0.000000
vn -0.000000 -1.000000 0.000000
vn 0.250174 -0.968201 -0.000000
vn 0.250174 -0.968201 -0.000000
vn 0.484437 -0.874826 -0.000000
vn 0.484437 -0.874826 -0.000000
vn 0.687890 -0.725815 -0.000000
vn 0.687890 -0.725815 -0.000000
vn 0.847596 -0.530643 -0.000000
vn 0.847596 -0.530643 -0.000000
vn 0.953396 -0.301723 -0.000000
vn 0.953396 -0.301723 -0.000000
vn 0.998562 -0.053614 -0.000000
vn 0.998562 -0.053614 -0.000000
vn 0.980221 0.197905 -0.000000
vn 0.980221 0.197905 -0.000000
vn 0.899541 0.436837 -0.000000
vn 0.899541 0.436837 -0.000000
vn 0.761651 0.647987 -0.000000
vn 0.761651 0.647987 -0.000000
vn 0.575322 0.817927 -0.000000
vn 0.575322 0.817927 -0.000000
vn -0.000000 -1.000000 0.000000
vn -0.000000 -1.000000 0.000000
vn -0.000000 1.000000 0.000000
vn -0.000000 1.000000 0.000000
vn 0.258819 0.965926 -0.000000
vn 0.258819 0.965926 -0.000000
vn 0.500000 0.866025 -0.000000
vn 0.500000 0.866025 -0.000000
vn 0.707107 0.707107 -0.000000
vn 0.707107 0.707107 -0.000000
vn 0.866025 0.500000 -0.000000
vn 0.866025 0.500000 -0.000000
vn 0.965926 0.258819 -0.000000
vn 0.965926 0.258819 -0.000000
vn 1.000000 0.000000 -0.000000
vn 1.000000 0.000000 -0.000000
vn 0.965926 -0.258819 0.000000
vn 0.965926 -0.258819 0.000000
vn 0.866025 -0.500000 0.000000
vn 0.866025 -0.500000 0.000000
vn 0.707107 -0.707107 0.000000
vn 0.707107 -0.707107 0.000000
vn 0.500000 -0.866025 0.000000
vn 0.500000 -0.866025 0.000000
vn 0.258819 -0.965926 0.000000
vn 0.258819 -0.965926 0.000000
vn 0.258819 -0.965926 0.000000
vn 0.500000 -0.866025 0.000000
vn 0.707107 -0.707107 0.000000
vn 0.866025 -0.500000 0.000000
vn 0.965926 -0.258819 0.000000
vn 1.000000 0.000000 -0.000000
vn 0.965926 0.258819 -0.000000
vn 0.866025 0.500000 -0.000000
vn 0.707107 0.707107 -0.000000
vn 0.500000 0.866025 -0.000000
vn 0.258819 0.965926 -0.000000
vn -0.000000 -1.000000 0.000000
vn -0.000000 -1.000000 0.000000
vn -0.000000 1.000000 -0.000000
vn -0.000000 1.000000 -0.000000
vn -0.258819 0.965926 -0.000000
vn -0.258819 0.965926 -0.000000
vn -0.500000 0.866025 -0.000000
vn -0.500000 0.866025 -0.000000
vn -0.707107 0.707107 -0.000000
vn -0.707107 0.707107 -0.000000
vn -0.866025 0.500000 -0.000000
vn -0.866025 0.500000 -0.000000
vn -0.965926 0.258819 -0.000000
vn -0.965926 0.258819 -0.000000
vn -1.000000 0.000000 -0.000000
vn -1.000000 0.000000 -0.000000
vn -0.965926 -0.258819 0.000000
vn -0.965926 -0.258819 0.000000
vn -0.866025 -0.500000 0.000000
vn -0.866025 -0.500000 0.000000
vn -0.707107 -0.707107 0.000000
vn -0.707107 -0.707107 0.000000
vn -0.500000 -0.866025 0.000000
vn -0.500000 -0.866025 0.000000
vn -0.258819 -0.965926 0.000000
vn -0.258819 -0.965926 0.000000
vn 0.137472 -0.990506 -0.000000
vn 0.137472 -0.990506 -0.000000
vn -0.024414 -0.999702 0.000000
vn -0.024414 -0.999702 0.000000
vn -0.185657 -0.982615 0.000000
vn -0.185657 -0.982615 0.000000
vn -0.342020 -0.939693 0.000000
vn -0.342020 -0.939693 0.000000
vn 0.273413 -0.961897 -0.000000
vn 0.273413 -0.961897 -0.000000
vn 0.296458 -0.955046 -0.000000
vn 0.296458 -0.955046 -0.000000
vn 0.319331 -0.947643 -0.000000
vn 0.319331 -0.947643 -0.000000
vn 0.342020 -0.939693 -0.000000
vn 0.342020 -0.939693 -0.000000
vn -0.939693 0.342020 0.000000
vn -0.939693 0.342020 0.000000
vn -0.939693 0.342020 0.000000
vn -0.939693 0.342020 0.000000
vn -0.342020 0.939693 0.000000
vn -0.342020 0.939693 0.000000
vn -0.173648 0.984808 0.000000
vn -0.173648 0.984808 0.000000
vn -0.000000 1.000000 0.000000
vn -0.000000 1.000000 0.000000
vn 0.173648 0.984808 -0.000000
vn 0.173648 0.984808 -0.000000
vn 0.342020 0.939693 -0.000000
vn 0.342020 0.939693 -0.000000
vn 0.939693 0.342020 -0.000000
vn 0.939693 0.342020 -0.000000
vn 0.939693 0.342020 -0.000000
vn 0.939693 0.342020 -0.000000
vn -0.987050 -0.160411 0.000000
vn -0.995185 -0.098017 0.000000
vn -1.000000 -0.000000 0.000000
vn -1.000000 -0.000000 0.000000
vn -0.995185 0.098017 -0.000000
vn -0.980785 -0.195090 0.000000
vn -0.948536 -0.316668 0.000000
vn -0.956940 -0.290285 0.000000
vn -0.923880 -0.382683 0.000000
vn -0.885456 -0.464723 0.000000
vn -0.881921 -0.471397 0.000000
vn -0.831470 -0.555570 0.000000
vn -0.799443 -0.600742 0.000000
vn -0.773010 -0.634393 0.000000
vn -0.692724 -0.721202 0.000000
vn -0.707107 -0.707107 0.000000
vn -0.634393 -0.773010 0.000000
vn -0.568065 -0.822984 0.000000
vn -0.555570 -0.831470 0.000000
vn -0.471397 -0.881921 0.000000
vn -0.428693 -0.903450 0.000000
vn -0.382683 -0.923880 0.000000
vn -0.278217 -0.960518 0.000000
vn -0.290285 -0.956940 0.000000
vn -0.195090 -0.980785 0.000000
vn -0.120537 -0.992709 0.000000
vn -0.098017 -0.995185 0.000000
vn 0.000000 -1.000000 -0.000000
vn 0.040266 -0.999189 -0.000000
vn 0.098017 -0.995185 -0.000000
vn 0.200026 -0.979791 -0.000000
vn 0.195090 -0.980785 -0.000000
vn 0.290285 -0.956940 -0.000000
vn 0.354605 -0.935016 -0.000000
vn 0.382683 -0.923880 -0.000000
vn 0.471397 -0.881921 -0.000000
vn 0.500000 -0.866025 -0.000000
vn 0.555570 -0.831470 -0.000000
vn 0.632445 -0.774605 -0.000000
vn 0.634393 -0.773010 -0.000000
vn 0.707107 -0.707107 -0.000000
vn 0.748511 -0.663123 -0.000000
vn 0.773010 -0.634393 -0.000000
vn 0.845190 -0.534466 -0.000000
vn 0.831470 -0.555570 -0.000000
vn 0.881921 -0.471397 -0.000000
vn 0.919979 -0.391967 -0.000000
vn 0.923880 -0.382683 -0.000000
vn 0.956940 -0.290285 -0.000000
vn 0.970942 -0.239316 -0.000000
vn 0.980785 -0.195090 -0.000000
vn 0.996757 -0.080467 -0.000000
vn 0.995185 -0.098017 -0.000000
vn 1.000000 0.000000 -0.000000
vn 0.996757 0.080467 -0.000000
vn 0.995185 0.098017 -0.000000
vn 0.980785 0.195090 -0.000000
vn 0.970942 0.239316 -0.000000
vn 0.956940 0.290285 -0.000000
vn 0.919979 0.391967 -0.000000
vn 0.923880 0.382683 -0.000000
vn 0.881921 0.471397 -0.000000
vn 0.845190 0.534466 -0.000000
vn 0.831470 0.555570 -0.000000
vn 0.773010 0.634393 -0.000000
vn 0.748511 0.663123 -0.000000
vn 0.707107 0.707107 -0.000000
vn 0.632445 0.774605 -0.000000
vn 0.634393 0.773010 -0.000000
vn 0.555570 0.831470 -0.000000
vn 0.500000 0.866025 -0.000000
vn 0.471397 0.881921 -0.000000
vn 0.354605 0.935016 -0.000000
vn 0.382683 0.923880 -0.000000
vn 0.290285 0.956940 -0.000000
vn 0.200026 0.979791 -0.000000
vn 0.195090 0.980785 -0.000000
vn 0.098017 0.995185 -0.000000
vn 0.040266 0.999189 -0.000000
vn -0.000000 1.000000 -0.000000
vn -0.120537 0.992709 -0.000000
vn -0.098017 0.995185 -0.000000
vn -0.195090 0.980785 -0.000000
vn -0.278217 0.960518 -0.000000
vn -0.290285 0.956940 -0.000000
vn -0.382683 0.923880 -0.000000
vn -0.428693 0.903450 -0.000000
vn -0.471397 0.881921 -0.000000
vn -0.568065 0.822984 -0.000000
vn -0.555570 0.831470 -0.000000
vn -0.634393 0.773010 -0.000000
vn -0.692724 0.721202 -0.000000
vn -0.707107 0.707107 -0.000000
vn -0.773010 0.634393 -0.000000
vn -0.799443 0.600742 -0.000000
vn -0.831470 0.555570 -0.000000
vn -0.885456 0.464723 -0.000000
vn -0.881921 0.471397 -0.000000
vn -0.923880 0.382683 -0.000000
vn -0.948536 0.316668 -0.000000
vn -0.956940 0.290285 -0.000000
vn -0.980785 0.195090 -0.000000
vn -0.987050 0.160411 -0.000000
vn -0.224861 0.974391 0.000000
vn -0.058232 0.998303 0.000000
vn -0.224861 0.974391 0.000000
vn -0.115292 0.993332 0.000000
vn -0.258819 0.965926 0.000000
vn 0.030697 0.999529 -0.000000
vn 0.110048 0.993926 -0.000000
vn 0.275209 0.961384 -0.000000
vn 0.432572 0.901600 -0.000000
vn 0.577676 0.816266 -0.000000
vn 0.706411 0.707802 -0.000000
vn 0.815128 0.579280 -0.000000
vn 0.835044 0.550182 -0.000000
vn 0.900747 0.434344 -0.000000
vn 0.893994 0.448078 -0.000000
vn 0.960841 0.277099 -0.000000
vn 0.993708 0.112002 -0.000000
vn 0.998416 -0.056268 0.000000
vn 0.974831 -0.222944 0.000000
vn 0.923623 -0.383303 0.000000
vn 0.880966 -0.473180 0.000000
vn 0.846241 -0.532800 0.000000
vn 0.802604 -0.596512 0.000000
vn 0.744880 -0.667199 0.000000
vn 0.707107 -0.707107 0.000000
vn 0.622411 -0.782691 0.000000
vn 0.596512 -0.802604 0.000000
vn 0.571628 -0.820513 0.000000
vn 0.571628 -0.820513 0.000000
vn 0.482304 -0.876004 0.000000
vn 0.532834 -0.846219 0.000000
vn 0.492887 -0.870093 0.000000
vn 0.451872 -0.892083 0.000000
vn 0.328530 -0.944493 0.000000
vn 0.451872 -0.892083 0.000000
vn 0.473180 -0.880966 0.000000
vn 0.165447 -0.986219 0.000000
vn -0.002324 -0.999997 0.000000
vn -0.170030 -0.985439 0.000000
vn -0.332918 -0.942956 0.000000
vn -0.451872 -0.892083 0.000000
vn -0.451872 -0.892083 0.000000
vn -0.486371 -0.873752 0.000000
vn -0.492887 -0.870093 0.000000
vn -0.532834 -0.846219 0.000000
vn -0.571628 -0.820513 0.000000
vn -0.626043 -0.779789 0.000000
vn -0.571628 -0.820513 0.000000
vn -0.611538 -0.791215 0.000000
vn -0.532834 -0.846219 0.000000
vn -0.481464 -0.876466 0.000000
vn -0.492887 -0.870093 0.000000
vn -0.726820 -0.686828 0.000000
vn -0.747974 -0.663728 0.000000
vn -0.824523 -0.565829 0.000000
vn -0.848709 -0.528860 0.000000
vn -0.902283 -0.431144 0.000000
vn -0.925395 -0.379005 0.000000
vn -0.958220 -0.286031 0.000000
vn -0.975857 -0.218410 0.000000
vn -0.990981 -0.134000 0.000000
vn -0.998666 -0.051626 0.000000
vn -0.999774 0.021272 0.000000
vn -0.993176 0.116621 0.000000
vn -0.959543 0.281563 0.000000
vn -0.898718 0.438527 0.000000
vn -0.812426 0.583064 0.000000
vn -0.703113 0.711078 0.000000
vn -0.573875 0.818943 0.000000
vn -0.526348 0.850269 0.000000
vn -0.428375 0.903601 0.000000
vn -0.396820 0.917896 0.000000
vn -0.270737 0.962653 0.000000
vn -0.270737 0.962653 0.000000
vn -0.255507 0.966807 0.000000
vn -0.240214 0.970720 0.000000
vn 0.532834 -0.846219 0.000000
vn 0.492887 -0.870093 0.000000
vn -0.000000 -0.000000 -1.000000
vn -0.000000 -0.000000 -1.000000
vn -0.000000 -0.000000 -1.000000
vn -0.000000 -0.000000 -1.000000
vn -0.000000 -0.000000 -1.000000
vn -0.000000 -0.000000 -1.000000
vn -0.000000 -0.000000 -1.000000
vn -0.000000 -0.000000 -1.000000
vn -0.000000 -0.000000 -1.000000
vn -0.000000 -0.000000 -1.000000
vn -0.000000 -0.000000 -1.000000
vn -0.000000 -0.000000 -1.000000
vn -0.000000 -0.000000 -1.000000
vn -0.000000 -0.000000 -1.000000
vn -0.000000 -0.000000 -1.000000
vn -0.000000 -0.000000 -1.000000
vn -0.000000 -0.000000 -1.000000
vn -0.000000 -0.000000 -1.000000
vn -0.000000 -0.000000 -1.000000
vn -0.000000 -0.000000 -1.000000
vn -0.000000 -0.000000 -1.000000
vn -0.000000 -0.000000 -1.000000
vn -0.000000 -0.000000 -1.000000
vn -0.000000 -0.000000 -1.000000
vn -0.000000 -0.000000 -1.000000
vn -0.000000 -0.000000 -1.000000
vn -0.000000 -0.000000 -1.000000
vn -0.000000 -0.000000 -1.000000
vn -0.000000 -0.000000 -1.000000
vn -0.000000 -0.000000 -1.000000
vn -0.000000 -0.000000 -1.000000
vn -0.000000 -0.000000 -1.000000
vn -0.000000 -0.000000 -1.000000
vn -0.000000 -0.000000 -1.000000
vn -0.000000 -0.000000 -1.000000
vn -0.000000 -0.000000 -1.000000
vn -0.000000 -0.000000 -1.000000
vn -0.000000 -0.000000 -1.000000
vn -0.000000 -0.000000 -1.000000
vn -0.000000 -0.000000 -1.000000
vn -0.000000 -0.000000 -1.000000
vn -0.000000 -0.000000 -1.000000
vn -0.000000 -0.000000 -1.000000
vn -0.000000 -0.000000 -1.000000
vn -0.000000 -0.000000 -1.000000
vn -0.000000 -0.000000 -1.000000
vn -0.000000 -0.000000 -1.000000
vn -0.000000 -0.000000 -1.000000
vn -0.000000 -0.000000 -1.000000
vn -0.000000 -0.000000 -1.000000
vn -0.000000 -0.000000 -1.000000
vn -0.000000 -0.000000 -1.000000
vn -0.000000 -0.000000 -1.000000
vn -0.000000 -0.000000 -1.000000
vn -0.000000 -0.000000 -1.000000
vn -0.000000 -0.000000 -1.000000
vn -0.000000 -0.000000 -1.000000
vn -0.000000 -0.000000 -1.000000
vn -0.000000 -0.000000 -1.000000
vn -0.000000 -0.000000 -1.000000
vn -0.000000 -0.000000 -1.000000
vn -0.000000 -0.000000 -1.000000
vn -0.000000 -0.000000 -1.000000
vn -0.000000 -0.000000 -1.000000
vn -0.000000 -0.000000 -1.000000
vn -0.000000 -0.000000 -1.000000
vn -0.000000 -0.000000 -1.000000
vn -0.000000 -0.000000 -1.000000
vn -0.000000 -0.000000 -1.000000
vn -0.000000 -0.000000 -1.000000
vn -0.000000 -0.000000 -1.000000
vn -0.000000 -0.000000 -1.000000
vn -0.000000 -0.000000 -1.000000
vn -0.000000 -0.000000 -1.000000
vn -0.000000 -0.000000 -1.000000
vn -0.000000 -0.000000 -1.000000
vn -0.000000 -0.000000 -1.000000
vn -0.000000 -0.000000 -1.000000
vn -0.000000 -0.000000 -1.000000
vn -0.000000 -0.000000 -1.000000
vn -0.000000 -0.000000 -1.000000
vn -0.000000 -0.000000 -1.000000
vn -0.000000 -0.000000 -1.000000
vn -0.000000 -0.000000 -1.000000
vn -0.000000 -0.000000 -1.000000
vn -0.000000 -0.000000 -1.000000
vn -0.000000 -0.000000 -1.000000
vn -0.000000 -0.000000 -1.000000
vn -0.000000 -0.000000 -1.000000
vn -0.000000 -0.000000 -1.000000
vn -0.000000 -0.000000 -1.000000
vn -0.000000 -0.000000 -1.000000
vn -0.000000 -0.000000 -1.000000
vn -0.000000 -0.000000 -1.000000
vn -0.000000 -0.000000 -1.000000
vn -0.000000 -0.000000 -1.000000
vn -0.000000 -0.000000 -1.000000
vn -0.000000 -0.000000 -1.000000
vn -0.000000 -0.000000 -1.000000
vn -0.000000 -0.000000 -1.000000
vn -0.000000 -0.000000 -1.000000
vn -0.000000 -0.000000 -1.000000
vn -0.000000 -0.000000 -1.000000
vn -0.000000 -0.000000 -1.000000
vn -0.000000 -0.000000 -1.000000
vn -0.000000 -0.000000 -1.000000
vn -0.000000 -0.000000 -1.000000
vn -0.000000 -0.000000 -1.000000
vn -0.000000 -0.000000 -1.000000
vn -0.000000 -0.000000 -1.000000
vn -0.000000 -0.000000 -1.000000
vn -0.000000 -0.000000 -1.000000
vn -0.000000 -0.000000 -1.000000
vn -0.000000 -0.000000 -1.000000
vn -0.000000 -0.000000 -1.000000
vn -0.000000 -0.000000 -1.000000
vn -0.000000 -0.000000 -1.000000
vn -0.000000 -0.000000 -1.000000
vn -0.000000 -0.000000 -1.000000
vn -0.000000 -0.000000 -1.000000
vn -0.000000 -0.000000 -1.000000
vn -0.000000 -0.000000 -1.000000
vn -0.000000 -0.000000 -1.000000
vn -0.000000 -0.000000 -1.000000
vn -0.000000 -0.000000 -1.000000
vn -0.000000 -0.000000 -1.000000
vn -0.000000 -0.000000 -1.000000
vn -0.000000 -0.000000 -1.000000
vn -0.000000 -0.000000 -1.000000
vn -0.000000 -0.000000 -1.000000
vn -0.000000 -0.000000 -1.000000
vn -0.000000 -0.000000 -1.000000
vn -0.000000 -0.000000 -1.000000
vn -0.000000 -0.000000 -1.000000
vn -0.000000 -0.000000 -1.000000
vn -0.000000 -0.000000 -1.000000
vn -0.000000 -0.000000 -1.000000
vn -0.000000 -0.000000 -1.000000
vn -0.000000 -0.000000 -1.000000
vn -0.000000 -0.000000 -1.000000
vn -0.000000 -0.000000 -1.000000
vn -0.000000 -0.000000 -1.000000
vn -0.000000 -0.000000 -1.000000
vn -0.000000 -0.000000 -1.000000
vn -0.000000 -0.000000 -1.000000
vn -0.000000 -0.000000 -1.000000
vn -0.000000 -0.000000 -1.000000
vn -0.000000 -0.000000 -1.000000
vn -0.000000 -0.000000 -1.000000
vn -0.000000 -0.000000 -1.000000
vn -0.000000 -0.000000 -1.000000
vn -0.000000 -0.000000 -1.000000
vn -0.000000 -0.000000 -1.000000
vn -0.000000 -0.000000 -1.000000
vn 0.000000 0.000000 1.000000
vn 0.000000 0.000000 1.000000
vn 0.000000 0.000000 1.000000
vn 0.000000 0.000000 1.000000
vn 0.000000 0.000000 1.000000
vn 0.000000 0.000000 1.000000
vn 0.000000 0.000000 1.000000
vn 0.000000 0.000000 1.000000
vn -0.892083 0.451872 0.000000
vn -0.892083 0.451872 0.000000
vn -0.892083 0.451872 0.000000
vn -0.892083 0.451872 0.000000
vn -0.892083 0.451872 0.000000
vn -0.892083 0.451872 0.000000
vn -0.820513 -0.571628 0.000000
vn -0.820513 -0.571628 0.000000
vn -0.820513 -0.571628 0.000000
vn -0.820513 -0.571628 0.000000
vn -0.820513 -0.571628 0.000000
vn -0.820513 -0.571628 0.000000
vn -0.816526 0.577309 0.000000
vn -0.816526 0.577309 0.000000
vn -0.816526 0.577309 0.000000
vn -0.816526 0.577309 0.000000
vn -0.816526 0.577309 0.000000
vn -0.000000 -0.000000 -1.000000
vn -0.000000 -0.000000 -1.000000
vn -0.000000 -0.000000 -1.000000
vn -0.000000 -0.000000 -1.000000
vn -0.000000 -0.000000 -1.000000
vn -0.000000 -0.000000 -1.000000
vn -0.000000 -0.000000 -1.000000
vn -0.000000 -0.000000 -1.000000
vn -0.967097 -0.254408 0.000000
vn -0.908227 -0.418478 0.000000
vn -0.928695 -0.370845 0.000000
vn -0.908227 -0.418478 0.000000
vn -0.839248 -0.543750 0.000000
vn -0.821761 -0.569832 0.000000
vn -0.717995 -0.696048 0.000000
vn -0.710327 -0.703872 0.000000
vn -0.569533 -0.821968 0.000000
vn -0.577309 -0.816526 0.000000
vn -0.577309 -0.816526 0.000000
vn -0.405280 -0.914193 0.000000
vn -0.399487 -0.916739 0.000000
vn -0.217392 -0.976084 0.000000
vn -0.214302 -0.976767 0.000000
vn -0.020996 -0.999780 0.000000
vn -0.020996 -0.999780 0.000000
vn 0.173106 -0.984903 0.000000
vn 0.176221 -0.984351 0.000000
vn 0.360648 -0.932702 0.000000
vn 0.366542 -0.930401 0.000000
vn 0.534522 -0.845154 0.000000
vn 0.542520 -0.840043 0.000000
vn 0.542520 -0.840043 0.000000
vn 0.680150 -0.733073 0.000000
vn 0.688140 -0.725578 0.000000
vn 0.797114 -0.603829 0.000000
vn 0.815679 -0.578504 0.000000
vn 0.889857 -0.456239 0.000000
vn 0.912307 -0.409507 0.000000
vn 0.889857 -0.456239 0.000000
vn 0.955564 -0.294785 0.000000
vn 0.974361 -0.224991 0.000000
vn 0.992235 -0.124375 0.000000
vn 0.999490 -0.031948 0.000000
vn 0.998758 0.049815 -0.000000
vn 0.986741 0.162305 -0.000000
vn 0.974935 0.222490 -0.000000
vn 0.936597 0.350408 -0.000000
vn 0.921488 0.388406 -0.000000
vn 0.921488 0.388406 -0.000000
vn 0.850960 0.525231 -0.000000
vn 0.870166 0.492758 -0.000000
vn 0.807077 0.590446 -0.000000
vn 0.733073 0.680150 -0.000000
vn 0.733073 0.680150 -0.000000
vn -0.982948 -0.183886 0.000000
vn -0.996582 -0.082608 0.000000
vn -0.999950 0.010042 0.000000
vn -0.995787 0.091701 0.000000
vn -0.979057 0.203588 0.000000
vn -0.964735 0.263225 0.000000
vn -0.921060 0.389420 0.000000
vn -0.904370 0.426750 0.000000
vn -0.904370 0.426750 0.000000
vn -0.828159 0.560494 0.000000
vn -0.848712 0.528855 0.000000
vn -0.781577 0.623809 0.000000
vn -0.703872 0.710327 0.000000
vn -0.703872 0.710327 0.000000
vn 0.680150 -0.733073 0.000000
vn 0.680150 -0.733073 0.000000
vn 0.680150 -0.733073 0.000000
vn 0.680150 -0.733073 0.000000
vn 0.680150 -0.733073 0.000000
vn -0.000000 -0.000000 -1.000000
vn -0.000000 -0.000000 -1.000000
vn -0.000000 -0.000000 -1.000000
vn -0.000000 -0.000000 -1.000000
vn -0.000000 -0.000000 -1.000000
vn -0.000000 -0.000000 -1.000000
vn -0.000000 -0.000000 -1.000000
vn -0.000000 -0.000000 -1.000000
vn -0.456239 -0.889857 0.000000
vn -0.456239 -0.889857 0.000000
vn -0.456239 -0.889857 0.000000
vn -0.456239 -0.889857 0.000000
vn -0.456239 -0.889857 0.000000
vn -0.000000 -0.000000 -1.000000
vn -0.000000 -0.000000 -1.000000
vn -0.000000 -0.000000 -1.000000
vn -0.000000 -0.000000 -1.000000
vn -0.000000 -0.000000 -1.000000
vn -0.000000 -0.000000 -1.000000
vn -0.000000 -0.000000 -1.000000
vn -0.000000 -0.000000 -1.000000
vn 0.426750 0.904370 -0.000000
vn 0.426750 0.904370 -0.000000
vn 0.426750 0.904370 -0.000000
vn 0.426750 0.904370 -0.000000
vn 0.426750 0.904370 -0.000000
vn -0.000000 -0.000000 -1.000000
vn -0.000000 -0.000000 -1.000000
vn -0.000000 -0.000000 -1.000000
vn -0.000000 -0.000000 -1.000000
vn -0.000000 -0.000000 -1.000000
vn -0.000000 -0.000000 -1.000000
vn -0.000000 -0.000000 -1.000000
vn -0.000000 -0.000000 -1.000000
vn -0.319522 0.630798 0.707107
vn -0.319522 0.630798 0.707107
vn -0.348524 0.615249 0.707107
vn -0.348524 0.615249 0.707107
vn -0.376771 0.598368 0.707107
vn -0.376771 0.598368 0.707107
vn -0.404202 0.580190 0.707107
vn -0.404202 0.580190 0.707107
vn 0.404202 0.580190 0.707107
vn 0.404202 0.580190 0.707107
vn 0.376771 0.598368 0.707107
vn 0.376771 0.598368 0.707107
vn 0.348524 0.615249 0.707107
vn 0.348524 0.615249 0.707107
vn 0.319522 0.630798 0.707107
vn 0.319522 0.630798 0.707107
vn 0.319522 0.630798 -0.707107
vn 0.319522 0.630798 -0.707107
vn 0.348524 0.615249 -0.707107
vn 0.348524 0.615249 -0.707107
vn 0.376771 0.598368 -0.707107
vn 0.376771 0.598368 -0.707107
vn 0.404202 0.580190 -0.707107
vn 0.404202 0.580190 -0.707107
vn -0.000000 -0.000000 -1.000000
vn -0.000000 -0.000000 -1.000000
vn -0.000000 -0.000000 -1.000000
vn -0.000000 -0.000000 -1.000000
vn -0.000000 -0.000000 -1.000000
vn -0.000000 -0.000000 -1.000000
vn -0.000000 -0.000000 -1.000000
vn -0.000000 -0.000000 -1.000000
vn -0.404202 0.580190 -0.707107
vn -0.404202 0.580190 -0.707107
vn -0.376771 0.598368 -0.707107
vn -0.376771 0.598368 -0.707107
vn -0.348524 0.615249 -0.707107
vn -0.348524 0.615249 -0.707107
vn -0.319522 0.630798 -0.707107
vn -0.319522 0.630798 -0.707107
vn -0.000000 -0.000000 -1.000000
vn -0.000000 -0.000000 -1.000000
vn -0.000000 -0.000000 -1.000000
vn -0.000000 -0.000000 -1.000000
vn -0.000000 -0.000000 -1.000000
vn -0.000000 -0.000000 -1.000000
vn -0.000000 -0.000000 -1.000000
vn -0.000000 -0.000000 -1.000000
vn 0.892083 0.451872 -0.000000
vn 0.892083 0.451872 -0.000000
vn 0.892083 0.451872 -0.000000
vn 0.892083 0.451872 -0.000000
vn 0.892083 0.451872 -0.000000
vn 0.892083 0.451872 -0.000000
vn 0.820513 -0.571628 0.000000
vn 0.820513 -0.571628 0.000000
vn 0.820513 -0.571628 0.000000
vn 0.820513 -0.571628 0.000000
vn 0.820513 -0.571628 0.000000
vn 0.820513 -0.571628 0.000000
vn 0.000000 -0.000000 -1.000000
vn 0.000000 -0.000000 -1.000000
vn 0.000000 -0.000000 -1.000000
vn 0.000000 -0.000000 -1.000000
vn 0.000000 -0.000000 -1.000000
vn 0.000000 -0.000000 -1.000000
vn 0.000000 -0.000000 -1.000000
vn 0.000000 -0.000000 -1.000000
vn 0.000000 -0.000000 -1.000000
vn 0.000000 -0.000000 -1.000000
vn 0.000000 -0.000000 -1.000000
vn 0.000000 -0.000000 -1.000000
vn 0.000000 -0.000000 -1.000000
vn 0.000000 -0.000000 -1.000000
vn 0.000000 -0.000000 -1.000000
vn 0.000000 -0.000000 -1.000000
vn 0.000000 -0.000000 -1.000000
vn 0.000000 -0.000000 -1.000000
vn 0.000000 -0.000000 -1.000000
vn 0.000000 -0.000000 -1.000000
vn 0.000000 -0.000000 -1.000000
vn 0.000000 -0.000000 -1.000000
vn 0.000000 -0.000000 -1.000000
vn 0.000000 -0.000000 -1.000000
vn 0.000000 -0.000000 -1.000000
vn 0.000000 -0.000000 -1.000000
vn 0.000000 -0.000000 -1.000000
vn 0.000000 -0.000000 -1.000000
vn 0.000000 -0.000000 -1.000000
vn 0.000000 -0.000000 -1.000000
vn 0.000000 -0.000000 -1.000000
vn 0.000000 -0.000000 -1.000000
vn 0.000000 -0.000000 -1.000000
vn 0.000000 -0.000000 -1.000000
vn 0.000000 -0.000000 -1.000000
vn 0.000000 -0.000000 -1.000000
vn 0.000000 -0.000000 -1.000000
vn 0.000000 -0.000000 -1.000000
vn 0.000000 -0.000000 -1.000000
vn 0.000000 -0.000000 -1.000000
vn 0.000000 -0.000000 -1.000000
vn 0.000000 -0.000000 -1.000000
vn 0.000000 -0.000000 -1.000000
vn 0.000000 -0.000000 -1.000000
vn 0.000000 -0.000000 -1.000000
vn 0.000000 -0.000000 -1.000000
vn 0.000000 -0.000000 -1.000000
vn 0.000000 -0.000000 -1.000000
vn 0.000000 -0.000000 -1.000000
vn 0.000000 -0.000000 -1.000000
vn 0.000000 -0.000000 -1.000000
vn 0.820513 -0.571628 0.000000
vn 0.820513 -0.571628 0.000000
vn 0.820513 -0.571628 0.000000
vn 0.820513 -0.571628 0.000000
vn 0.820513 -0.571628 0.000000
vn -0.571628 0.820513 -0.000000
vn -0.608313 0.793697 -0.000000
vn -0.571628 0.820513 -0.000000
vn -0.608313 0.793697 -0.000000
vn -0.532834 0.846219 -0.000000
vn -0.450295 0.892880 -0.000000
vn -0.492887 0.870093 -0.000000
vn -0.451872 0.892083 -0.000000
vn -0.450295 0.892880 -0.000000
vn -0.451872 0.892083 -0.000000
vn -0.492887 0.870093 -0.000000
vn -0.532834 0.846219 -0.000000
vn 0.492887 0.870093 -0.000000
vn 0.451872 0.892083 -0.000000
vn 0.450295 0.892880 -0.000000
vn 0.451872 0.892083 -0.000000
vn 0.450295 0.892880 -0.000000
vn 0.492887 0.870093 -0.000000
vn 0.532834 0.846219 -0.000000
vn 0.608313 0.793697 -0.000000
vn 0.571628 0.820513 -0.000000
vn 0.571628 0.820513 -0.000000
vn 0.608313 0.793697 -0.000000
vn 0.532834 0.846219 -0.000000
vn -0.721602 -0.692308 0.000000
vn -0.837642 -0.546219 0.000000
vn -0.721602 -0.692308 0.000000
vn -0.837642 -0.546219 0.000000
vn -0.924526 -0.381118 0.000000
vn -0.924526 -0.381118 0.000000
vn -0.979230 -0.202752 0.000000
vn -0.979230 -0.202752 0.000000
vn -0.999850 -0.017328 0.000000
vn -0.999850 -0.017328 0.000000
vn -0.985668 0.168699 -0.000000
vn -0.985668 0.168699 -0.000000
vn -0.937177 0.348854 -0.000000
vn -0.937177 0.348854 -0.000000
vn -0.856066 0.516866 -0.000000
vn -0.856066 0.516866 -0.000000
vn -0.745158 0.666888 -0.000000
vn -0.745158 0.666888 -0.000000
vn -0.276603 0.960984 -0.000000
vn -0.276603 0.960984 -0.000000
vn -0.093283 0.995640 -0.000000
vn -0.093283 0.995640 -0.000000
vn 0.093283 0.995640 -0.000000
vn 0.093283 0.995640 -0.000000
vn 0.276603 0.960984 -0.000000
vn 0.276603 0.960984 -0.000000
vn 0.745158 0.666888 -0.000000
vn 0.745158 0.666888 -0.000000
vn 0.856066 0.516866 -0.000000
vn 0.856066 0.516866 -0.000000
vn 0.937177 0.348854 -0.000000
vn 0.937177 0.348854 -0.000000
vn 0.985668 0.168699 -0.000000
vn 0.985668 0.168699 -0.000000
vn 0.999850 -0.017328 -0.000000
vn 0.999850 -0.017328 -0.000000
vn 0.979230 -0.202752 -0.000000
vn 0.979230 -0.202752 -0.000000
vn 0.924526 -0.381118 -0.000000
vn 0.924526 -0.381118 -0.000000
vn 0.837642 -0.546219 -0.000000
vn 0.837642 -0.546219 -0.000000
vn 0.721602 -0.692308 -0.000000
vn 0.721602 -0.692308 -0.000000
vn -0.453990 -0.891007 0.000000
vn -0.453990 -0.891007 0.000000
vn -0.453990 -0.891007 0.000000
vn -0.453990 -0.891007 0.000000
vn -0.453990 -0.891007 0.000000
vn 0.000000 0.000000 1.000000
vn 0.000000 0.000000 1.000000
vn 0.000000 0.000000 1.000000
vn 0.000000 0.000000 1.000000
vn 0.000000 0.000000 1.000000
vn 0.000000 0.000000 1.000000
vn 0.000000 0.000000 1.000000
vn 0.000000 0.000000 1.000000
vn 0.000000 0.000000 1.000000
vn 0.000000 0.000000 1.000000
vn 0.000000 0.000000 1.000000
vn 0.000000 0.000000 1.000000
vn 0.000000 0.000000 1.000000
vn 0.000000 0.000000 1.000000
vn 0.000000 0.000000 1.000000
vn 0.000000 0.000000 1.000000
vn 0.000000 0.000000 1.000000
vn 0.000000 0.000000 1.000000
vn 0.000000 0.000000 1.000000
vn 0.000000 0.000000 1.000000
vn 0.000000 0.000000 1.000000
vn 0.000000 0.000000 1.000000
vn 0.000000 0.000000 1.000000
vn 0.000000 0.000000 1.000000
vn 0.000000 0.000000 1.000000
vn 0.000000 0.000000 1.000000
vn 0.000000 0.000000 1.000000
vn 0.000000 0.000000 1.000000
vn 0.000000 0.000000 1.000000
vn 0.000000 0.000000 1.000000
vn 0.000000 0.000000 1.000000
vn 0.000000 0.000000 1.000000
vn 0.000000 0.000000 1.000000
vn 0.000000 0.000000 1.000000
vn 0.000000 0.000000 1.000000
vn 0.000000 0.000000 1.000000
vn 0.000000 0.000000 1.000000
vn 0.000000 0.000000 1.000000
vn 0.000000 0.000000 1.000000
vn 0.000000 0.000000 1.000000
vn 0.000000 0.000000 1.000000
vn 0.000000 0.000000 1.000000
vn 0.000000 0.000000 1.000000
vn 0.000000 0.000000 1.000000
vn 0.000000 0.000000 1.000000
vn 0.000000 0.000000 1.000000
vn 0.000000 0.000000 1.000000
vn 0.000000 0.000000 1.000000
vn 0.000000 0.000000 1.000000
vn 0.000000 0.000000 1.000000
vn 0.000000 0.000000 1.000000
vn 0.000000 0.000000 1.000000
vn 0.000000 0.000000 1.000000
vn 0.000000 0.000000 1.000000
vn 0.000000 0.000000 1.000000
vn 0.000000 0.000000 1.000000
vn 0.000000 0.000000 1.000000
vn 0.000000 0.000000 1.000000
vn 0.000000 0.000000 1.000000
vn 0.000000 0.000000 1.000000
vn 0.000000 0.000000 1.000000
vn 0.000000 0.000000 1.000000
vn 0.000000 0.000000 1.000000
usemtl Steel_-_Satin
f 1/1/1 2/2/2 6/3/3
f 6/3/3 2/2/2 3/4/4
f 6/3/3 3/4/4 5/5/5
f 5/5/5 3/4/4 4/6/6
f 6/7/7 5/8/8 1/9/9
f 1/9/9 5/8/8 12/10/10
f 12/10/10 5/8/8 7/11/11
f 12/10/10 7/11/11 11/12/12
f 11/12/12 7/11/11 8/13/13
f 11/12/12 8/13/13 10/14/14
f 10/14/14 8/13/13 9/15/15
f 13/16/16 14/17/17 18/18/18
f 18/18/18 14/17/17 15/19/19
f 18/18/18 15/19/19 17/20/20
f 17/20/20 15/19/19 16/21/21
f 18/22/22 17/23/23 13/24/24
f 13/24/24 17/23/23 19/25/25
f 13/24/24 19/25/25 24/26/26
f 24/26/26 19/25/25 20/27/27
f 24/26/26 20/27/27 23/28/28
f 23/28/28 20/27/27 21/29/29
f 23/28/28 21/29/29 22/30/30
f 25/31/31 26/32/32 30/33/33
f 30/33/33 26/32/32 27/34/34
f 30/33/33 27/34/34 29/35/35
f 29/35/35 27/34/34 28/36/36
f 30/37/37 29/38/38 25/39/39
f 25/39/39 29/38/38 46/40/40
f 46/40/40 29/38/38 31/41/41
f 46/40/40 31/41/41 45/42/42
f 45/42/42 31/41/41 32/43/43
f 45/42/42 32/43/43 44/44/44
f 44/44/44 32/43/43 33/45/45
f 44/44/44 33/45/45 43/46/46
f 43/46/46 33/45/45 34/47/47
f 43/46/46 34/47/47 42/48/48
f 42/48/48 34/47/47 35/49/49
f 42/48/48 35/49/49 41/50/50
f 41/50/50 35/49/49 36/51/51
f 41/50/50 36/51/51 40/52/52
f 40/52/52 36/51/51 37/53/53
f 40/52/52 37/53/53 39/54/54
f 39/54/54 37/53/53 38/55/55
f 47/56/56 48/57/57 52/58/58
f 52/58/58 48/57/57 49/59/59
f 52/58/58 49/59/59 51/60/60
f 51/60/60 49/59/59 50/61/61
f 52/62/62 51/63/63 47/64/64
f 47/64/64 51/63/63 53/65/65
f 47/64/64 53/65/65 58/66/66
f 58/66/66 53/65/65 54/67/67
f 58/66/66 54/67/67 57/68/68
f 57/68/68 54/67/67 55/69/69
f 57/68/68 55/69/69 56/70/70
f 60/71/71 61/72/72 59/73/73
f 59/73/73 61/72/72 64/74/74
f 64/74/74 61/72/72 62/75/75
f 64/74/74 62/75/75 63/76/76
f 64/77/77 63/78/78 59/79/79
f 59/79/79 63/78/78 72/80/80
f 72/80/80 63/78/78 65/81/81
f 72/80/80 65/81/81 71/82/82
f 71/82/82 65/81/81 66/83/83
f 71/82/82 66/83/83 70/84/84
f 70/84/84 66/83/83 67/85/85
f 70/84/84 67/85/85 69/86/86
f 69/86/86 67/85/85 68/87/87
f 73/88/88 74/89/89 78/90/90
f 78/90/90 74/89/89 75/91/91
f 78/90/90 75/91/91 77/92/92
f 77/92/92 75/91/91 76/93/93
f 78/94/94 77/95/95 73/96/96
f 73/96/96 77/95/95 79/97/97
f 73/96/96 79/97/97 94/98/98
f 94/98/98 79/97/97 80/99/99
f 94/98/98 80/99/99 93/100/100
f 93/100/100 80/99/99 81/101/101
f 93/100/100 81/101/101 92/102/102
f 92/102/102 81/101/101 82/103/103
f 92/102/102 82/103/103 91/104/104
f 91/104/104 82/103/103 83/105/105
f 91/104/104 83/105/105 90/106/106
f 90/106/106 83/105/105 84/107/107
f 90/106/106 84/107/107 89/108/108
f 89/108/108 84/107/107 85/109/109
f 89/108/108 85/109/109 88/110/110
f 88/110/110 85/109/109 86/111/111
f 88/110/110 86/111/111 87/112/112
f 96/113/113 97/114/114 95/115/115
f 95/115/115 97/114/114 100/116/116
f 100/116/116 97/114/114 98/117/117
f 100/116/116 98/117/117 99/118/118
f 100/119/119 99/120/120 95/121/121
f 95/121/121 99/120/120 106/122/122
f 106/122/122 99/120/120 101/123/123
f 106/122/122 101/123/123 105/124/124
f 105/124/124 101/123/123 102/125/125
f 105/124/124 102/125/125 104/126/126
f 104/126/126 102/125/125 103/127/127
f 107/128/128 108/129/129 112/130/130
f 112/130/130 108/129/129 109/131/131
f 112/130/130 109/131/131 111/132/132
f 111/132/132 109/131/131 110/133/133
f 112/134/134 111/135/135 107/136/136
f 107/136/136 111/135/135 113/137/137
f 107/136/136 113/137/137 120/138/138
f 120/138/138 113/137/137 114/139/139
f 120/138/138 114/139/139 119/140/140
f 119/140/140 114/139/139 115/141/141
f 119/140/140 115/141/141 118/142/142
f 118/142/142 115/141/141 116/143/143
f 118/142/142 116/143/143 117/144/144
f 121/145/145 122/146/146 124/147/147
f 124/147/147 122/146/146 123/148/148
f 123/149/149 122/150/150 130/151/151
f 130/151/151 122/150/150 125/152/152
f 130/151/151 125/152/152 129/153/153
f 129/153/153 125/152/152 126/154/154
f 129/153/153 126/154/154 128/155/155
f 128/155/155 126/154/154 127/156/156
f 132/157/157 117/158/158 131/159/159
f 131/159/159 117/158/158 127/160/160
f 131/159/159 127/160/160 162/161/161
f 162/161/161 127/160/160 161/162/162
f 161/162/162 127/160/160 160/163/163
f 160/163/163 127/160/160 159/164/164
f 159/164/164 127/160/160 126/165/165
f 159/164/164 126/165/165 158/166/166
f 158/166/166 126/165/165 157/167/167
f 157/167/167 126/165/165 156/168/168
f 156/168/168 126/165/165 155/169/169
f 155/169/169 126/165/165 125/170/170
f 155/169/169 125/170/170 154/171/171
f 154/171/171 125/170/170 153/172/172
f 153/172/172 125/170/170 152/173/173
f 152/173/173 125/170/170 122/174/174
f 152/173/173 122/174/174 151/175/175
f 151/175/175 122/174/174 150/176/176
f 150/176/176 122/174/174 149/177/177
f 149/177/177 122/174/174 148/178/178
f 148/178/178 122/174/174 147/179/179
f 147/179/179 122/174/174 68/180/180
f 147/179/179 68/180/180 146/181/181
f 146/181/181 68/180/180 163/182/182
f 146/181/181 163/182/182 145/183/183
f 145/183/183 163/182/182 144/184/184
f 144/184/184 163/182/182 143/185/185
f 143/185/185 163/182/182 142/186/186
f 142/186/186 163/182/182 141/187/187
f 141/187/187 163/182/182 164/188/188
f 141/187/187 164/188/188 140/189/189
f 140/189/189 164/188/188 139/190/190
f 139/190/190 164/188/188 138/191/191
f 138/191/191 164/188/188 137/192/192
f 137/192/192 164/188/188 165/193/193
f 137/192/192 165/193/193 136/194/194
f 136/194/194 165/193/193 135/195/195
f 135/195/195 165/193/193 134/196/196
f 134/196/196 165/193/193 133/197/197
f 133/197/197 165/193/193 117/158/158
f 133/197/197 117/158/158 132/157/157
f 122/174/174 121/198/198 68/180/180
f 117/158/158 166/199/199 127/160/160
f 167/200/200 128/201/201 166/202/202
f 166/202/202 128/201/201 127/203/203
f 124/204/204 123/205/205 69/206/206
f 69/206/206 123/205/205 170/207/207
f 170/207/207 123/205/205 179/208/208
f 170/207/207 179/208/208 180/209/209
f 130/210/210 177/211/211 123/205/205
f 123/205/205 177/211/211 178/212/212
f 123/205/205 178/212/212 179/208/208
f 129/213/213 172/214/214 130/210/210
f 130/210/210 172/214/214 173/215/215
f 130/210/210 173/215/215 174/216/216
f 128/217/217 200/218/218 129/213/213
f 129/213/213 200/218/218 201/219/219
f 129/213/213 201/219/219 202/220/220
f 167/221/221 116/222/222 128/217/217
f 128/217/217 116/222/222 195/223/223
f 128/217/217 195/223/223 196/224/224
f 195/223/223 116/222/222 194/225/225
f 194/225/225 116/222/222 168/226/226
f 194/225/225 168/226/226 193/227/227
f 193/227/227 168/226/226 192/228/228
f 192/228/228 168/226/226 191/229/229
f 191/229/229 168/226/226 190/230/230
f 190/230/230 168/226/226 189/231/231
f 189/231/231 168/226/226 188/232/232
f 188/232/232 168/226/226 169/233/233
f 188/232/232 169/233/233 187/234/234
f 187/234/234 169/233/233 186/235/235
f 186/235/235 169/233/233 185/236/236
f 185/236/236 169/233/233 184/237/237
f 184/237/237 169/233/233 170/207/207
f 184/237/237 170/207/207 183/238/238
f 183/238/238 170/207/207 182/239/239
f 182/239/239 170/207/207 181/240/240
f 181/240/240 170/207/207 180/209/209
f 202/220/220 171/241/241 129/213/213
f 129/213/213 171/241/241 172/214/214
f 174/216/216 175/242/242 130/210/210
f 130/210/210 175/242/242 176/243/243
f 130/210/210 176/243/243 177/211/211
f 196/224/224 197/244/244 128/217/217
f 128/217/217 197/244/244 198/245/245
f 128/217/217 198/245/245 199/246/246
f 199/246/246 200/218/218 128/217/217
f 167/247/247 166/248/248 116/249/143
f 116/249/143 166/248/248 117/250/144
f 203/251/249 204/252/250 206/253/251
f 206/253/251 204/252/250 205/254/252
f 208/255/253 87/256/254 207/257/255
f 207/257/255 87/256/254 205/258/256
f 207/257/255 205/258/256 238/259/257
f 238/259/257 205/258/256 237/260/258
f 237/260/258 205/258/256 236/261/259
f 236/261/259 205/258/256 235/262/260
f 235/262/260 205/258/256 234/263/261
f 234/263/261 205/258/256 239/264/262
f 234/263/261 239/264/262 233/265/263
f 233/265/263 239/264/262 232/266/264
f 232/266/264 239/264/262 231/267/265
f 231/267/265 239/264/262 240/268/266
f 231/267/265 240/268/266 230/269/267
f 230/269/267 240/268/266 229/270/268
f 229/270/268 240/268/266 228/271/269
f 228/271/269 240/268/266 241/272/270
f 228/271/269 241/272/270 227/273/271
f 227/273/271 241/272/270 226/274/272
f 226/274/272 241/272/270 225/275/273
f 225/275/273 241/272/270 224/276/274
f 224/276/274 241/272/270 223/277/275
f 223/277/275 241/272/270 38/278/276
f 223/277/275 38/278/276 222/279/277
f 222/279/277 38/278/276 243/280/278
f 222/279/277 243/280/278 221/281/279
f 221/281/279 243/280/278 220/282/280
f 220/282/280 243/280/278 219/283/281
f 219/283/281 243/280/278 218/284/282
f 218/284/282 243/280/278 217/285/283
f 217/285/283 243/280/278 244/286/284
f 217/285/283 244/286/284 216/287/285
f 216/287/285 244/286/284 215/288/286
f 215/288/286 244/286/284 214/289/287
f 214/289/287 244/286/284 213/290/288
f 213/290/288 244/286/284 245/291/289
f 213/290/288 245/291/289 212/292/290
f 212/292/290 245/291/289 211/293/291
f 211/293/291 245/291/289 210/294/292
f 210/294/292 245/291/289 209/295/293
f 209/295/293 245/291/289 87/256/254
f 209/295/293 87/256/254 208/255/253
f 206/296/294 205/258/256 87/256/254
f 241/272/270 242/297/295 38/278/276
f 205/298/296 204/299/297 239/300/298
f 239/300/298 204/299/297 246/301/299
f 239/300/298 246/301/299 247/302/300
f 239/300/298 247/302/300 240/303/301
f 240/303/301 247/302/300 248/304/302
f 240/303/301 248/304/302 241/305/303
f 241/306/304 248/307/305 242/308/306
f 242/308/306 248/307/305 249/309/307
f 250/310/308 251/311/309 253/312/310
f 253/312/310 251/311/309 252/313/311
f 255/314/312 56/315/313 254/316/314
f 254/316/314 56/315/313 252/317/315
f 254/316/314 252/317/315 285/318/316
f 285/318/316 252/317/315 284/319/317
f 284/319/317 252/317/315 283/320/318
f 283/320/318 252/317/315 282/321/319
f 282/321/319 252/317/315 281/322/320
f 281/322/320 252/317/315 286/323/321
f 281/322/320 286/323/321 280/324/322
f 280/324/322 286/323/321 279/325/323
f 279/325/323 286/323/321 278/326/324
f 278/326/324 286/323/321 287/327/325
f 278/326/324 287/327/325 277/328/326
f 277/328/326 287/327/325 276/329/327
f 276/329/327 287/327/325 275/330/328
f 275/330/328 287/327/325 288/331/329
f 275/330/328 288/331/329 274/332/330
f 274/332/330 288/331/329 273/333/331
f 273/333/331 288/331/329 272/334/332
f 272/334/332 288/331/329 271/335/333
f 271/335/333 288/331/329 270/336/334
f 270/336/334 288/331/329 9/337/335
f 270/336/334 9/337/335 269/338/336
f 269/338/336 9/337/335 290/339/337
f 269/338/336 290/339/337 268/340/338
f 268/340/338 290/339/337 267/341/339
f 267/341/339 290/339/337 266/342/340
f 266/342/340 290/339/337 265/343/341
f 265/343/341 290/339/337 264/344/342
f 264/344/342 290/339/337 291/345/343
f 264/344/342 291/345/343 263/346/344
f 263/346/344 291/345/343 262/347/345
f 262/347/345 291/345/343 261/348/346
f 261/348/346 291/345/343 260/349/347
f 260/349/347 291/345/343 292/350/348
f 260/349/347 292/350/348 259/351/349
f 259/351/349 292/350/348 258/352/350
f 258/352/350 292/350/348 257/353/351
f 257/353/351 292/350/348 256/354/352
f 256/354/352 292/350/348 56/315/313
f 256/354/352 56/315/313 255/314/312
f 253/355/353 252/317/315 56/315/313
f 288/331/329 289/356/354 9/337/335
f 252/357/355 251/358/356 286/359/357
f 286/359/357 251/358/356 293/360/358
f 286/359/357 293/360/358 287/361/359
f 287/361/359 293/360/358 294/362/360
f 287/361/359 294/362/360 295/363/361
f 295/363/361 288/364/362 287/361/359
f 288/365/363 295/366/364 289/367/365
f 289/367/365 295/366/364 296/368/366
f 297/369/367 298/370/368 300/371/369
f 300/371/369 298/370/368 299/372/370
f 299/373/371 298/374/372 306/375/373
f 306/375/373 298/374/372 301/376/374
f 306/375/373 301/376/374 305/377/375
f 305/377/375 301/376/374 302/378/376
f 305/377/375 302/378/376 304/379/377
f 304/379/377 302/378/376 303/380/378
f 308/381/379 22/382/380 307/383/381
f 307/383/381 22/382/380 303/384/382
f 307/383/381 303/384/382 338/385/383
f 338/385/383 303/384/382 337/386/384
f 337/386/384 303/384/382 336/387/385
f 336/387/385 303/384/382 335/388/386
f 335/388/386 303/384/382 334/389/387
f 334/389/387 303/384/382 302/390/388
f 334/389/387 302/390/388 333/391/389
f 333/391/389 302/390/388 332/392/390
f 332/392/390 302/390/388 331/393/391
f 331/393/391 302/390/388 301/394/392
f 331/393/391 301/394/392 330/395/393
f 330/395/393 301/394/392 329/396/394
f 329/396/394 301/394/392 328/397/395
f 328/397/395 301/394/392 298/398/396
f 328/397/395 298/398/396 327/399/397
f 327/399/397 298/398/396 326/400/398
f 326/400/398 298/398/396 325/401/399
f 325/401/399 298/398/396 324/402/400
f 324/402/400 298/398/396 323/403/401
f 323/403/401 298/398/396 103/404/402
f 323/403/401 103/404/402 322/405/403
f 322/405/403 103/404/402 339/406/404
f 322/405/403 339/406/404 321/407/405
f 321/407/405 339/406/404 320/408/406
f 320/408/406 339/406/404 319/409/407
f 319/409/407 339/406/404 318/410/408
f 318/410/408 339/406/404 317/411/409
f 317/411/409 339/406/404 340/412/410
f 317/411/409 340/412/410 316/413/411
f 316/413/411 340/412/410 315/414/412
f 315/414/412 340/412/410 314/415/413
f 314/415/413 340/412/410 313/416/414
f 313/416/414 340/412/410 341/417/415
f 313/416/414 341/417/415 312/418/416
f 312/418/416 341/417/415 311/419/417
f 311/419/417 341/417/415 310/420/418
f 310/420/418 341/417/415 309/421/419
f 309/421/419 341/417/415 22/382/380
f 309/421/419 22/382/380 308/381/379
f 298/398/396 297/422/420 103/404/402
f 22/382/380 342/423/421 303/384/382
f 343/424/422 304/425/423 342/426/424
f 342/426/424 304/425/423 303/427/425
f 300/428/426 299/429/427 104/430/428
f 104/430/428 299/429/427 346/431/429
f 346/431/429 299/429/427 355/432/430
f 346/431/429 355/432/430 356/433/431
f 306/434/432 352/435/433 299/429/427
f 299/429/427 352/435/433 353/436/434
f 299/429/427 353/436/434 354/437/435
f 305/438/436 378/439/437 306/434/432
f 306/434/432 378/439/437 347/440/438
f 306/434/432 347/440/438 348/441/439
f 304/442/440 375/443/441 305/438/436
f 305/438/436 375/443/441 376/444/442
f 305/438/436 376/444/442 377/445/443
f 343/446/444 21/447/445 304/442/440
f 304/442/440 21/447/445 371/448/446
f 304/442/440 371/448/446 372/449/447
f 371/448/446 21/447/445 370/450/448
f 370/450/448 21/447/445 344/451/449
f 370/450/448 344/451/449 369/452/450
f 369/452/450 344/451/449 368/453/451
f 368/453/451 344/451/449 367/454/452
f 367/454/452 344/451/449 366/455/453
f 366/455/453 344/451/449 365/456/454
f 365/456/454 344/451/449 345/457/455
f 365/456/454 345/457/455 364/458/456
f 364/458/456 345/457/455 363/459/457
f 363/459/457 345/457/455 362/460/458
f 362/460/458 345/457/455 361/461/459
f 361/461/459 345/457/455 346/431/429
f 361/461/459 346/431/429 360/462/460
f 360/462/460 346/431/429 359/463/461
f 359/463/461 346/431/429 358/464/462
f 358/464/462 346/431/429 357/465/463
f 357/465/463 346/431/429 356/433/431
f 348/441/439 349/466/464 306/434/432
f 306/434/432 349/466/464 350/467/465
f 306/434/432 350/467/465 351/468/466
f 351/468/466 352/435/433 306/434/432
f 354/437/435 355/432/430 299/429/427
f 372/449/447 373/469/467 304/442/440
f 304/442/440 373/469/467 374/470/468
f 304/442/440 374/470/468 375/443/441
f 377/445/443 378/439/437 305/438/436
f 343/471/469 342/472/470 21/473/29
f 21/473/29 342/472/470 22/474/30
f 410/475/471 379/476/472 262/477/473
f 262/477/473 379/476/472 380/478/474
f 262/477/473 380/478/474 263/479/475
f 263/479/475 380/478/474 381/480/476
f 263/479/475 381/480/476 264/481/477
f 264/481/477 381/480/476 382/482/478
f 264/481/477 382/482/478 265/483/479
f 265/483/479 382/482/478 383/484/480
f 265/483/479 383/484/480 266/485/481
f 266/485/481 383/484/480 384/486/482
f 266/485/481 384/486/482 267/487/483
f 267/487/483 384/486/482 385/488/484
f 267/487/483 385/488/484 268/489/485
f 268/489/485 385/488/484 386/490/486
f 268/489/485 386/490/486 269/491/487
f 269/491/487 386/490/486 270/492/488
f 270/492/488 386/490/486 387/493/489
f 270/494/488 387/495/489 271/496/490
f 271/496/490 387/495/489 388/497/491
f 271/496/490 388/497/491 389/498/492
f 271/496/490 389/498/492 272/499/493
f 272/499/493 389/498/492 390/500/494
f 272/499/493 390/500/494 273/501/495
f 273/501/495 390/500/494 391/502/496
f 273/501/495 391/502/496 274/503/497
f 274/503/497 391/502/496 275/504/498
f 275/504/498 391/502/496 392/505/499
f 275/504/498 392/505/499 276/506/500
f 276/506/500 392/505/499 393/507/501
f 276/506/500 393/507/501 277/508/502
f 277/508/502 393/507/501 394/509/503
f 277/508/502 394/509/503 278/510/504
f 278/510/504 394/509/503 395/511/505
f 278/510/504 395/511/505 396/512/506
f 278/510/504 396/512/506 279/513/507
f 279/513/507 396/512/506 397/514/508
f 279/513/507 397/514/508 280/515/509
f 280/515/509 397/514/508 398/516/510
f 280/515/509 398/516/510 281/517/511
f 281/517/511 398/516/510 399/518/512
f 281/517/511 399/518/512 282/519/513
f 282/519/513 399/518/512 400/520/514
f 282/519/513 400/520/514 283/521/515
f 283/521/515 400/520/514 401/522/516
f 283/521/515 401/522/516 284/523/517
f 284/523/517 401/522/516 402/524/518
f 284/523/517 402/524/518 285/525/519
f 285/525/519 402/524/518 254/526/520
f 254/526/520 402/524/518 403/527/521
f 254/526/520 403/527/521 255/528/522
f 255/528/522 403/527/521 404/529/523
f 255/528/522 404/529/523 405/530/524
f 255/528/522 405/530/524 256/531/525
f 256/531/525 405/530/524 406/532/526
f 256/531/525 406/532/526 257/533/527
f 257/533/527 406/532/526 407/534/528
f 257/533/527 407/534/528 258/535/529
f 258/535/529 407/534/528 259/536/530
f 259/536/530 407/534/528 408/537/531
f 259/536/530 408/537/531 260/538/532
f 260/538/532 408/537/531 409/539/533
f 260/538/532 409/539/533 261/540/534
f 261/540/534 409/539/533 410/475/471
f 261/540/534 410/475/471 262/477/473
f 250/541/535 253/542/536 55/543/69
f 55/543/69 253/542/536 56/544/70
f 289/545/537 296/546/538 9/547/15
f 9/547/15 296/546/538 10/548/14
f 250/549/539 55/550/540 251/551/541
f 251/551/541 55/550/540 403/552/542
f 251/551/541 403/552/542 402/553/543
f 403/552/542 55/550/540 404/554/544
f 404/554/544 55/550/540 411/555/545
f 404/554/544 411/555/545 405/556/546
f 405/556/546 411/555/545 406/557/547
f 406/557/547 411/555/545 407/558/548
f 407/558/548 411/555/545 408/559/549
f 408/559/549 411/555/545 409/560/550
f 409/560/550 411/555/545 412/561/551
f 409/560/550 412/561/551 410/562/552
f 410/562/552 412/561/551 379/563/553
f 379/563/553 412/561/551 380/564/554
f 380/564/554 412/561/551 381/565/555
f 381/565/555 412/561/551 413/566/556
f 381/565/555 413/566/556 382/567/557
f 382/567/557 413/566/556 383/568/558
f 383/568/558 413/566/556 384/569/559
f 384/569/559 413/566/556 385/570/560
f 385/570/560 413/566/556 386/571/561
f 386/571/561 413/566/556 387/572/562
f 387/572/562 413/566/556 295/573/563
f 387/572/562 295/573/563 388/574/564
f 388/574/564 295/573/563 389/575/565
f 389/575/565 295/573/563 390/576/566
f 390/576/566 295/573/563 294/577/567
f 390/576/566 294/577/567 391/578/568
f 391/578/568 294/577/567 392/579/569
f 392/579/569 294/577/567 393/580/570
f 393/580/570 294/577/567 394/581/571
f 394/581/571 294/577/567 395/582/572
f 395/582/572 294/577/567 293/583/573
f 395/582/572 293/583/573 396/584/574
f 396/584/574 293/583/573 397/585/575
f 397/585/575 293/583/573 398/586/576
f 398/586/576 293/583/573 399/587/577
f 399/587/577 293/583/573 251/551/541
f 399/587/577 251/551/541 400/588/578
f 400/588/578 251/551/541 401/589/579
f 401/589/579 251/551/541 402/553/543
f 413/566/556 10/590/580 295/573/563
f 295/573/563 10/590/580 296/591/581
f 4/592/582 414/593/583 5/594/584
f 5/594/584 414/593/583 418/595/585
f 5/594/584 418/595/585 7/596/586
f 7/596/586 418/595/585 419/597/587
f 7/596/586 419/597/587 8/598/588
f 8/598/588 419/597/587 290/599/337
f 8/598/588 290/599/337 9/600/335
f 414/593/583 415/601/589 418/595/585
f 418/595/585 415/601/589 420/602/590
f 418/595/585 420/602/590 421/603/591
f 421/603/591 420/602/590 423/604/592
f 421/603/591 423/604/592 292/605/348
f 292/605/348 423/604/592 56/606/313
f 56/606/313 423/604/592 57/607/593
f 57/607/593 423/604/592 58/608/594
f 58/608/594 423/604/592 422/609/595
f 58/608/594 422/609/595 47/610/596
f 47/610/596 422/609/595 417/611/597
f 47/610/596 417/611/597 48/612/598
f 415/601/589 416/613/599 420/602/590
f 420/602/590 416/613/599 422/609/595
f 420/602/590 422/609/595 423/604/592
f 416/613/599 417/611/597 422/609/595
f 292/605/348 291/614/343 421/603/591
f 421/603/591 291/614/343 290/599/337
f 421/603/591 290/599/337 419/597/587
f 421/603/591 419/597/587 418/595/585
f 50/615/600 424/616/601 51/617/602
f 51/617/602 424/616/601 429/618/603
f 51/617/602 429/618/603 53/619/604
f 53/619/604 429/618/603 430/620/605
f 53/619/604 430/620/605 54/621/606
f 54/621/606 430/620/605 431/622/607
f 54/621/606 431/622/607 55/623/540
f 55/623/540 431/622/607 411/624/545
f 411/624/545 431/622/607 434/625/608
f 411/624/545 434/625/608 412/626/551
f 412/626/551 434/625/608 437/627/609
f 412/626/551 437/627/609 413/628/556
f 413/628/556 437/627/609 428/629/610
f 413/628/556 428/629/610 10/630/580
f 10/630/580 428/629/610 11/631/611
f 11/631/611 428/629/610 439/632/612
f 11/631/611 439/632/612 12/633/613
f 12/633/613 439/632/612 438/634/614
f 12/633/613 438/634/614 1/635/615
f 1/635/615 438/634/614 427/636/616
f 1/635/615 427/636/616 2/637/617
f 429/618/603 424/616/601 432/638/618
f 432/638/618 424/616/601 425/639/619
f 432/638/618 425/639/619 435/640/620
f 435/640/620 425/639/619 426/641/621
f 435/640/620 426/641/621 438/634/614
f 438/634/614 426/641/621 427/636/616
f 434/625/608 431/622/607 430/620/605
f 430/620/605 429/618/603 433/642/622
f 433/642/622 429/618/603 432/638/618
f 433/642/622 432/638/618 436/643/623
f 436/643/623 432/638/618 435/640/620
f 436/643/623 435/640/620 439/632/612
f 439/632/612 435/640/620 438/634/614
f 437/627/609 434/625/608 433/642/622
f 433/642/622 434/625/608 430/620/605
f 437/627/609 433/642/622 436/643/623
f 428/629/610 437/627/609 436/643/623
f 428/629/610 436/643/623 439/632/612
f 28/644/624 27/645/625 449/646/626
f 449/646/626 27/645/625 440/647/627
f 449/646/626 440/647/627 441/648/628
f 27/645/625 26/649/629 440/647/627
f 449/646/626 441/648/628 448/650/630
f 448/650/630 441/648/628 442/651/631
f 448/650/630 442/651/631 447/652/632
f 447/652/632 442/651/631 446/653/633
f 446/653/633 442/651/631 443/654/634
f 446/653/633 443/654/634 445/655/635
f 445/655/635 443/654/634 444/656/636
f 445/655/635 444/656/636 49/657/637
f 49/657/637 444/656/636 50/658/638
f 49/657/637 48/659/639 445/655/635
f 4/660/640 3/661/641 453/662/642
f 453/662/642 3/661/641 450/663/643
f 453/662/642 450/663/643 451/664/644
f 3/661/641 2/665/645 450/663/643
f 16/666/646 15/667/647 451/664/644
f 451/664/644 15/667/647 452/668/648
f 451/664/644 452/668/648 453/662/642
f 15/667/647 14/669/649 452/668/648
f 362/670/650 316/671/651 363/672/652
f 363/672/652 316/671/651 315/673/653
f 363/672/652 315/673/653 364/674/654
f 364/674/654 315/673/653 314/675/655
f 364/674/654 314/675/655 365/676/656
f 365/676/656 314/675/655 313/677/657
f 365/676/656 313/677/657 366/678/658
f 366/678/658 313/677/657 312/679/659
f 366/678/658 312/679/659 367/680/660
f 367/680/660 312/679/659 311/681/661
f 367/680/660 311/681/661 368/682/662
f 368/682/662 311/681/661 310/683/663
f 368/682/662 310/683/663 369/684/664
f 369/684/664 310/683/663 309/685/665
f 369/684/664 309/685/665 370/686/666
f 370/686/666 309/685/665 308/687/667
f 370/686/666 308/687/667 371/688/668
f 371/688/668 308/687/667 307/689/669
f 371/688/668 307/689/669 338/690/670
f 316/671/651 362/670/650 317/691/671
f 317/691/671 362/670/650 361/692/672
f 317/691/671 361/692/672 318/693/673
f 318/693/673 361/692/672 360/694/674
f 318/693/673 360/694/674 319/695/675
f 319/695/675 360/694/674 359/696/676
f 319/695/675 359/696/676 320/697/677
f 320/697/677 359/696/676 358/698/678
f 320/697/677 358/698/678 321/699/679
f 321/699/679 358/698/678 357/700/680
f 321/699/679 357/700/680 322/701/681
f 322/701/681 357/700/680 356/702/682
f 322/701/681 356/702/682 323/703/683
f 323/703/683 356/702/682 355/704/684
f 323/705/683 355/706/684 354/707/685
f 323/705/683 354/707/685 324/708/686
f 324/708/686 354/707/685 353/709/687
f 324/708/686 353/709/687 325/710/688
f 325/710/688 353/709/687 352/711/689
f 325/710/688 352/711/689 326/712/690
f 326/712/690 352/711/689 351/713/691
f 326/712/690 351/713/691 327/714/692
f 327/714/692 351/713/691 350/715/693
f 327/714/692 350/715/693 328/716/694
f 328/716/694 350/715/693 349/717/695
f 328/716/694 349/717/695 329/718/696
f 329/718/696 349/717/695 348/719/697
f 329/718/696 348/719/697 330/720/698
f 330/720/698 348/719/697 347/721/699
f 330/720/698 347/721/699 331/722/700
f 331/722/700 347/721/699 378/723/701
f 331/722/700 378/723/701 332/724/702
f 332/724/702 378/723/701 377/725/703
f 332/724/702 377/725/703 333/726/704
f 333/726/704 377/725/703 376/727/705
f 333/726/704 376/727/705 334/728/706
f 334/728/706 376/727/705 375/729/707
f 334/728/706 375/729/707 335/730/708
f 335/730/708 375/729/707 374/731/709
f 335/730/708 374/731/709 336/732/710
f 336/732/710 374/731/709 373/733/711
f 336/732/710 373/733/711 337/734/712
f 337/734/712 373/733/711 372/735/713
f 337/734/712 372/735/713 338/690/670
f 338/690/670 372/735/713 371/688/668
f 297/736/714 300/737/715 103/738/127
f 103/738/127 300/737/715 104/739/126
f 98/740/716 454/741/717 99/742/718
f 99/742/718 454/741/717 460/743/719
f 99/742/718 460/743/719 101/744/720
f 101/744/720 460/743/719 102/745/721
f 102/745/721 460/743/719 339/746/404
f 102/745/721 339/746/404 103/747/402
f 454/741/717 455/748/722 460/743/719
f 460/743/719 455/748/722 459/749/723
f 460/743/719 459/749/723 339/746/404
f 339/746/404 459/749/723 340/750/410
f 340/750/410 459/749/723 341/751/415
f 341/751/415 459/749/723 458/752/724
f 341/751/415 458/752/724 23/753/725
f 23/753/725 458/752/724 24/754/726
f 24/754/726 458/752/724 13/755/727
f 13/755/727 458/752/724 457/756/728
f 13/755/727 457/756/728 14/757/729
f 455/748/722 456/758/730 459/749/723
f 459/749/723 456/758/730 458/752/724
f 456/758/730 457/756/728 458/752/724
f 23/753/725 22/759/380 341/751/415
f 16/760/731 461/761/732 17/762/733
f 17/762/733 461/761/732 468/763/734
f 17/762/733 468/763/734 19/764/735
f 19/764/735 468/763/734 20/765/736
f 20/765/736 468/763/734 21/766/445
f 21/766/445 468/763/734 344/767/449
f 344/767/449 468/763/734 467/768/737
f 344/767/449 467/768/737 345/769/455
f 345/769/455 467/768/737 466/770/738
f 345/769/455 466/770/738 346/771/429
f 346/771/429 466/770/738 465/772/739
f 346/771/429 465/772/739 105/773/740
f 105/773/740 465/772/739 106/774/741
f 106/774/741 465/772/739 95/775/742
f 95/775/742 465/772/739 464/776/743
f 95/775/742 464/776/743 96/777/744
f 461/761/732 462/778/745 468/763/734
f 468/763/734 462/778/745 467/768/737
f 462/778/745 463/779/746 467/768/737
f 467/768/737 463/779/746 466/770/738
f 463/779/746 464/776/743 466/770/738
f 466/770/738 464/776/743 465/772/739
f 105/773/740 104/780/428 346/771/429
f 98/781/747 97/782/748 478/783/749
f 478/783/749 97/782/748 469/784/750
f 478/783/749 469/784/750 470/785/751
f 97/782/748 96/786/752 469/784/750
f 478/783/749 470/785/751 477/787/753
f 477/787/753 470/785/751 471/788/754
f 477/787/753 471/788/754 476/789/755
f 476/789/755 471/788/754 472/790/756
f 476/789/755 472/790/756 475/791/757
f 475/791/757 472/790/756 473/792/758
f 475/791/757 473/792/758 474/793/759
f 474/793/759 473/792/758 110/794/760
f 474/793/759 110/794/760 109/795/761
f 109/795/761 108/796/762 474/793/759
f 186/797/763 138/798/764 187/799/765
f 187/799/765 138/798/764 137/800/766
f 187/799/765 137/800/766 188/801/767
f 188/801/767 137/800/766 189/802/768
f 189/802/768 137/800/766 136/803/769
f 189/802/768 136/803/769 190/804/770
f 190/804/770 136/803/769 135/805/771
f 190/804/770 135/805/771 191/806/772
f 191/806/772 135/805/771 134/807/773
f 191/806/772 134/807/773 192/808/774
f 192/808/774 134/807/773 133/809/775
f 192/808/774 133/809/775 193/810/776
f 193/810/776 133/809/775 132/811/777
f 193/810/776 132/811/777 194/812/778
f 194/812/778 132/811/777 131/813/779
f 194/812/778 131/813/779 195/814/780
f 195/814/780 131/813/779 196/815/781
f 196/815/781 131/813/779 162/816/782
f 196/815/781 162/816/782 197/817/783
f 197/817/783 162/816/782 161/818/784
f 197/817/783 161/818/784 198/819/785
f 198/819/785 161/818/784 160/820/786
f 198/819/785 160/820/786 199/821/787
f 199/821/787 160/820/786 159/822/788
f 199/821/787 159/822/788 200/823/789
f 200/823/789 159/822/788 158/824/790
f 200/823/789 158/824/790 201/825/791
f 201/825/791 158/824/790 157/826/792
f 201/825/791 157/826/792 202/827/793
f 202/827/793 157/826/792 171/828/794
f 171/828/794 157/826/792 156/829/795
f 171/828/794 156/829/795 172/830/796
f 172/830/796 156/829/795 155/831/797
f 172/830/796 155/831/797 154/832/798
f 185/833/799 140/834/800 186/797/763
f 186/797/763 140/834/800 139/835/801
f 186/797/763 139/835/801 138/798/764
f 140/834/800 185/833/799 141/836/802
f 141/836/802 185/833/799 184/837/803
f 141/836/802 184/837/803 142/838/804
f 142/838/804 184/837/803 183/839/805
f 142/838/804 183/839/805 143/840/806
f 143/840/806 183/839/805 182/841/807
f 143/840/806 182/841/807 144/842/808
f 144/842/808 182/841/807 181/843/809
f 144/842/808 181/843/809 145/844/810
f 145/844/810 181/843/809 180/845/811
f 145/844/810 180/845/811 146/846/812
f 146/846/812 180/845/811 179/847/813
f 146/846/812 179/847/813 147/848/814
f 147/849/814 179/850/813 148/851/815
f 148/851/815 179/850/813 178/852/816
f 148/851/815 178/852/816 149/853/817
f 149/853/817 178/852/816 177/854/818
f 149/853/817 177/854/818 150/855/819
f 150/855/819 177/854/818 176/856/820
f 150/855/819 176/856/820 151/857/821
f 151/857/821 176/856/820 175/858/822
f 151/857/821 175/858/822 152/859/823
f 152/859/823 175/858/822 174/860/824
f 152/859/823 174/860/824 153/861/825
f 153/861/825 174/860/824 173/862/826
f 153/861/825 173/862/826 154/832/798
f 154/832/798 173/862/826 172/830/796
f 121/863/827 124/864/828 68/865/87
f 68/865/87 124/864/828 69/866/86
f 62/867/829 479/868/830 63/869/831
f 63/869/831 479/868/830 485/870/832
f 63/869/831 485/870/832 65/871/833
f 65/871/833 485/870/832 488/872/834
f 65/871/833 488/872/834 66/873/835
f 66/873/835 488/872/834 491/874/836
f 66/873/835 491/874/836 67/875/837
f 67/875/837 491/874/836 68/876/180
f 68/876/180 491/874/836 163/877/182
f 163/877/182 491/874/836 490/878/838
f 163/877/182 490/878/838 164/879/188
f 164/879/188 490/878/838 165/880/193
f 165/880/193 490/878/838 489/881/839
f 165/880/193 489/881/839 118/882/840
f 118/882/840 489/881/839 119/883/841
f 119/883/841 489/881/839 486/884/842
f 119/883/841 486/884/842 120/885/843
f 120/885/843 486/884/842 483/886/844
f 120/885/843 483/886/844 107/887/845
f 107/887/845 483/886/844 482/888/846
f 107/887/845 482/888/846 108/889/847
f 479/868/830 480/890/848 485/870/832
f 485/870/832 480/890/848 484/891/849
f 485/870/832 484/891/849 488/872/834
f 488/872/834 484/891/849 487/892/850
f 488/872/834 487/892/850 491/874/836
f 491/874/836 487/892/850 490/878/838
f 480/890/848 481/893/851 484/891/849
f 484/891/849 481/893/851 483/886/844
f 484/891/849 483/886/844 487/892/850
f 487/892/850 483/886/844 486/884/842
f 487/892/850 486/884/842 490/878/838
f 490/878/838 486/884/842 489/881/839
f 481/893/851 482/888/846 483/886/844
f 118/882/840 117/894/158 165/880/193
f 110/895/852 492/896/853 111/897/854
f 111/897/854 492/896/853 499/898/855
f 111/897/854 499/898/855 113/899/856
f 113/899/856 499/898/855 503/900/857
f 113/899/856 503/900/857 114/901/858
f 114/901/858 503/900/857 507/902/859
f 114/901/858 507/902/859 115/903/860
f 115/903/860 507/902/859 511/904/861
f 115/903/860 511/904/861 116/905/222
f 116/905/222 511/904/861 168/906/226
f 168/906/226 511/904/861 510/907/862
f 168/906/226 510/907/862 169/908/233
f 169/908/233 510/907/862 509/909/863
f 169/908/233 509/909/863 170/910/207
f 170/910/207 509/909/863 508/911/864
f 170/910/207 508/911/864 69/912/206
f 69/912/206 508/911/864 70/913/865
f 70/913/865 508/911/864 504/914/866
f 70/913/865 504/914/866 71/915/867
f 71/915/867 504/914/866 500/916/868
f 71/915/867 500/916/868 72/917/869
f 72/917/869 500/916/868 496/918/870
f 72/917/869 496/918/870 59/919/871
f 59/919/871 496/918/870 495/920/872
f 59/919/871 495/920/872 60/921/873
f 492/896/853 493/922/874 499/898/855
f 499/898/855 493/922/874 498/923/875
f 499/898/855 498/923/875 503/900/857
f 503/900/857 498/923/875 502/924/876
f 503/900/857 502/924/876 507/902/859
f 507/902/859 502/924/876 506/925/877
f 507/902/859 506/925/877 511/904/861
f 511/904/861 506/925/877 510/907/862
f 493/922/874 494/926/878 498/923/875
f 498/923/875 494/926/878 497/927/879
f 498/923/875 497/927/879 502/924/876
f 502/924/876 497/927/879 501/928/880
f 502/924/876 501/928/880 506/925/877
f 506/925/877 501/928/880 505/929/881
f 506/925/877 505/929/881 510/907/862
f 510/907/862 505/929/881 509/909/863
f 494/926/878 495/920/872 497/927/879
f 497/927/879 495/920/872 496/918/870
f 497/927/879 496/918/870 501/928/880
f 501/928/880 496/918/870 500/916/868
f 501/928/880 500/916/868 505/929/881
f 505/929/881 500/916/868 504/914/866
f 505/929/881 504/914/866 509/909/863
f 509/909/863 504/914/866 508/911/864
f 62/930/882 61/931/883 527/932/884
f 527/932/884 61/931/883 512/933/885
f 527/932/884 512/933/885 513/934/886
f 61/931/883 60/935/887 512/933/885
f 527/932/884 513/934/886 526/936/888
f 526/936/888 513/934/886 514/937/889
f 526/936/888 514/937/889 525/938/890
f 525/938/890 514/937/889 515/939/891
f 525/938/890 515/939/891 524/940/892
f 524/940/892 515/939/891 516/941/893
f 524/940/892 516/941/893 523/942/894
f 523/942/894 516/941/893 517/943/895
f 523/942/894 517/943/895 522/944/896
f 522/944/896 517/943/895 518/945/897
f 522/944/896 518/945/897 521/946/898
f 521/946/898 518/945/897 519/947/899
f 521/946/898 519/947/899 520/948/900
f 520/948/900 519/947/899 76/949/901
f 520/948/900 76/949/901 75/950/902
f 75/950/902 74/951/903 520/948/900
f 559/952/904 528/953/905 215/954/906
f 215/954/906 528/953/905 529/955/907
f 215/954/906 529/955/907 216/956/908
f 216/956/908 529/955/907 530/957/909
f 216/956/908 530/957/909 217/958/910
f 217/958/910 530/957/909 531/959/911
f 217/958/910 531/959/911 218/960/912
f 218/960/912 531/959/911 532/961/913
f 218/960/912 532/961/913 219/962/914
f 219/962/914 532/961/913 533/963/915
f 219/962/914 533/963/915 220/964/916
f 220/964/916 533/963/915 534/965/917
f 220/964/916 534/965/917 221/966/918
f 221/966/918 534/965/917 535/967/919
f 221/966/918 535/967/919 222/968/920
f 222/968/920 535/967/919 223/969/921
f 223/969/921 535/967/919 536/970/922
f 223/971/921 536/972/922 224/973/923
f 224/973/923 536/972/922 537/974/924
f 224/973/923 537/974/924 538/975/925
f 224/973/923 538/975/925 225/976/926
f 225/976/926 538/975/925 539/977/927
f 225/976/926 539/977/927 226/978/928
f 226/978/928 539/977/927 540/979/929
f 226/978/928 540/979/929 227/980/930
f 227/980/930 540/979/929 228/981/931
f 228/981/931 540/979/929 541/982/932
f 228/981/931 541/982/932 229/983/933
f 229/983/933 541/982/932 542/984/934
f 229/983/933 542/984/934 230/985/935
f 230/985/935 542/984/934 543/986/936
f 230/985/935 543/986/936 231/987/937
f 231/987/937 543/986/936 544/988/938
f 231/987/937 544/988/938 545/989/939
f 231/987/937 545/989/939 232/990/940
f 232/990/940 545/989/939 546/991/941
f 232/990/940 546/991/941 233/992/942
f 233/992/942 546/991/941 547/993/943
f 233/992/942 547/993/943 234/994/944
f 234/994/944 547/993/943 548/995/945
f 234/994/944 548/995/945 235/996/946
f 235/996/946 548/995/945 549/997/947
f 235/996/946 549/997/947 236/998/948
f 236/998/948 549/997/947 550/999/949
f 236/998/948 550/999/949 237/1000/950
f 237/1000/950 550/999/949 551/1001/951
f 237/1000/950 551/1001/951 238/1002/952
f 238/1002/952 551/1001/951 207/1003/953
f 207/1003/953 551/1001/951 552/1004/954
f 207/1003/953 552/1004/954 208/1005/955
f 208/1005/955 552/1004/954 553/1006/956
f 208/1005/955 553/1006/956 554/1007/957
f 208/1005/955 554/1007/957 209/1008/958
f 209/1008/958 554/1007/957 555/1009/959
f 209/1008/958 555/1009/959 210/1010/960
f 210/1010/960 555/1009/959 556/1011/961
f 210/1010/960 556/1011/961 211/1012/962
f 211/1012/962 556/1011/961 212/1013/963
f 212/1013/963 556/1011/961 557/1014/964
f 212/1013/963 557/1014/964 213/1015/965
f 213/1015/965 557/1014/964 558/1016/966
f 213/1015/965 558/1016/966 214/1017/967
f 214/1017/967 558/1016/966 559/952/904
f 214/1017/967 559/952/904 215/954/906
f 203/1018/968 206/1019/969 86/1020/111
f 86/1020/111 206/1019/969 87/1021/112
f 242/1022/970 249/1023/971 38/1024/55
f 38/1024/55 249/1023/971 39/1025/54
f 203/1026/972 86/1027/973 204/1028/974
f 204/1028/974 86/1027/973 552/1029/975
f 204/1028/974 552/1029/975 551/1030/976
f 552/1029/975 86/1027/973 553/1031/977
f 553/1031/977 86/1027/973 560/1032/978
f 553/1031/977 560/1032/978 554/1033/979
f 554/1033/979 560/1032/978 555/1034/980
f 555/1034/980 560/1032/978 556/1035/981
f 556/1035/981 560/1032/978 557/1036/982
f 557/1036/982 560/1032/978 558/1037/983
f 558/1037/983 560/1032/978 561/1038/984
f 558/1037/983 561/1038/984 559/1039/985
f 559/1039/985 561/1038/984 528/1040/986
f 528/1040/986 561/1038/984 529/1041/987
f 529/1041/987 561/1038/984 530/1042/988
f 530/1042/988 561/1038/984 562/1043/989
f 530/1042/988 562/1043/989 531/1044/990
f 531/1044/990 562/1043/989 532/1045/991
f 532/1045/991 562/1043/989 533/1046/992
f 533/1046/992 562/1043/989 534/1047/993
f 534/1047/993 562/1043/989 535/1048/994
f 535/1048/994 562/1043/989 536/1049/995
f 536/1049/995 562/1043/989 248/1050/996
f 536/1049/995 248/1050/996 537/1051/997
f 537/1051/997 248/1050/996 538/1052/998
f 538/1052/998 248/1050/996 539/1053/999
f 539/1053/999 248/1050/996 247/1054/1000
f 539/1053/999 247/1054/1000 540/1055/1001
f 540/1055/1001 247/1054/1000 541/1056/1002
f 541/1056/1002 247/1054/1000 542/1057/1003
f 542/1057/1003 247/1054/1000 543/1058/1004
f 543/1058/1004 247/1054/1000 544/1059/1005
f 544/1059/1005 247/1054/1000 246/1060/1006
f 544/1059/1005 246/1060/1006 545/1061/1007
f 545/1061/1007 246/1060/1006 546/1062/1008
f 546/1062/1008 246/1060/1006 547/1063/1009
f 547/1063/1009 246/1060/1006 548/1064/1010
f 548/1064/1010 246/1060/1006 204/1028/974
f 548/1064/1010 204/1028/974 549/1065/1011
f 549/1065/1011 204/1028/974 550/1066/1012
f 550/1066/1012 204/1028/974 551/1030/976
f 562/1043/989 39/1067/1013 248/1050/996
f 248/1050/996 39/1067/1013 249/1068/1014
f 28/1069/1015 563/1070/1016 29/1071/1017
f 29/1071/1017 563/1070/1016 569/1072/1018
f 29/1071/1017 569/1072/1018 31/1073/1019
f 31/1073/1019 569/1072/1018 570/1074/1020
f 31/1073/1019 570/1074/1020 32/1075/1021
f 32/1075/1021 570/1074/1020 571/1076/1022
f 32/1075/1021 571/1076/1022 33/1077/1023
f 33/1077/1023 571/1076/1022 572/1078/1024
f 33/1077/1023 572/1078/1024 34/1079/1025
f 34/1079/1025 572/1078/1024 573/1080/1026
f 34/1079/1025 573/1080/1026 577/1081/1027
f 577/1081/1027 573/1080/1026 574/1082/1028
f 577/1081/1027 574/1082/1028 576/1083/1029
f 576/1083/1029 574/1082/1028 575/1084/1030
f 576/1083/1029 575/1084/1030 568/1085/1031
f 568/1085/1031 575/1084/1030 243/1086/278
f 568/1085/1031 243/1086/278 597/1087/1032
f 597/1087/1032 243/1086/278 596/1088/1033
f 597/1087/1032 596/1088/1033 37/1089/1034
f 37/1089/1034 596/1088/1033 38/1090/276
f 38/1090/276 596/1088/1033 243/1086/278
f 563/1070/1016 564/1091/1035 569/1072/1018
f 569/1072/1018 564/1091/1035 578/1092/1036
f 569/1072/1018 578/1092/1036 579/1093/1037
f 579/1093/1037 578/1092/1036 586/1094/1038
f 579/1093/1037 586/1094/1038 587/1095/1039
f 587/1095/1039 586/1094/1038 93/1096/1040
f 587/1095/1039 93/1096/1040 92/1097/1041
f 564/1091/1035 565/1098/1042 578/1092/1036
f 578/1092/1036 565/1098/1042 585/1099/1043
f 578/1092/1036 585/1099/1043 586/1094/1038
f 586/1094/1038 585/1099/1043 94/1100/1044
f 586/1094/1038 94/1100/1044 93/1096/1040
f 565/1098/1042 566/1101/1045 585/1099/1043
f 585/1099/1043 566/1101/1045 73/1102/1046
f 585/1099/1043 73/1102/1046 94/1100/1044
f 566/1101/1045 74/1103/1047 73/1102/1046
f 587/1095/1039 92/1097/1041 588/1104/1048
f 588/1104/1048 92/1097/1041 91/1105/1049
f 588/1104/1048 91/1105/1049 589/1106/1050
f 589/1106/1050 91/1105/1049 592/1107/1051
f 589/1106/1050 592/1107/1051 593/1108/1052
f 593/1108/1052 592/1107/1051 89/1109/1053
f 593/1108/1052 89/1109/1053 88/1110/1054
f 91/1105/1049 90/1111/1055 592/1107/1051
f 592/1107/1051 90/1111/1055 89/1109/1053
f 87/1112/254 595/1113/1056 88/1110/1054
f 88/1110/1054 595/1113/1056 594/1114/1057
f 88/1110/1054 594/1114/1057 593/1108/1052
f 593/1108/1052 594/1114/1057 567/1115/1058
f 593/1108/1052 567/1115/1058 590/1116/1059
f 590/1116/1059 567/1115/1058 591/1117/1060
f 590/1116/1059 591/1117/1060 583/1118/1061
f 583/1118/1061 591/1117/1060 584/1119/1062
f 583/1118/1061 584/1119/1062 574/1082/1028
f 574/1082/1028 584/1119/1062 575/1084/1030
f 87/1112/254 245/1120/289 595/1113/1056
f 595/1113/1056 245/1120/289 594/1114/1057
f 594/1114/1057 245/1120/289 567/1115/1058
f 567/1115/1058 245/1120/289 244/1121/284
f 567/1115/1058 244/1121/284 591/1117/1060
f 591/1117/1060 244/1121/284 584/1119/1062
f 584/1119/1062 244/1121/284 575/1084/1030
f 575/1084/1030 244/1121/284 243/1086/278
f 37/1089/1034 36/1122/1063 597/1087/1032
f 597/1087/1032 36/1122/1063 576/1083/1029
f 597/1087/1032 576/1083/1029 568/1085/1031
f 36/1122/1063 35/1123/1064 576/1083/1029
f 576/1083/1029 35/1123/1064 577/1081/1027
f 35/1123/1064 34/1079/1025 577/1081/1027
f 569/1072/1018 579/1093/1037 570/1074/1020
f 570/1074/1020 579/1093/1037 580/1124/1065
f 570/1074/1020 580/1124/1065 571/1076/1022
f 571/1076/1022 580/1124/1065 581/1125/1066
f 571/1076/1022 581/1125/1066 572/1078/1024
f 572/1078/1024 581/1125/1066 582/1126/1067
f 572/1078/1024 582/1126/1067 573/1080/1026
f 573/1080/1026 582/1126/1067 583/1118/1061
f 573/1080/1026 583/1118/1061 574/1082/1028
f 579/1093/1037 587/1095/1039 580/1124/1065
f 580/1124/1065 587/1095/1039 588/1104/1048
f 580/1124/1065 588/1104/1048 581/1125/1066
f 581/1125/1066 588/1104/1048 589/1106/1050
f 581/1125/1066 589/1106/1050 582/1126/1067
f 582/1126/1067 589/1106/1050 590/1116/1059
f 582/1126/1067 590/1116/1059 583/1118/1061
f 593/1108/1052 590/1116/1059 589/1106/1050
f 76/1127/1068 598/1128/1069 77/1129/1070
f 77/1129/1070 598/1128/1069 606/1130/1071
f 77/1129/1070 606/1130/1071 79/1131/1072
f 79/1131/1072 606/1130/1071 607/1132/1073
f 79/1131/1072 607/1132/1073 80/1133/1074
f 80/1133/1074 607/1132/1073 608/1134/1075
f 80/1133/1074 608/1134/1075 81/1135/1076
f 81/1135/1076 608/1134/1075 609/1136/1077
f 81/1135/1076 609/1136/1077 82/1137/1078
f 82/1137/1078 609/1136/1077 610/1138/1079
f 82/1137/1078 610/1138/1079 83/1139/1080
f 83/1139/1080 610/1138/1079 611/1140/1081
f 83/1139/1080 611/1140/1081 615/1141/1082
f 615/1141/1082 611/1140/1081 612/1142/1083
f 615/1141/1082 612/1142/1083 614/1143/1084
f 614/1143/1084 612/1142/1083 603/1144/1085
f 614/1143/1084 603/1144/1085 613/1145/1086
f 613/1145/1086 603/1144/1085 560/1146/978
f 613/1145/1086 560/1146/978 602/1147/1087
f 602/1147/1087 560/1146/978 86/1148/973
f 602/1147/1087 86/1148/973 643/1149/1088
f 643/1149/1088 86/1148/973 85/1150/1089
f 643/1149/1088 85/1150/1089 602/1147/1087
f 602/1147/1087 85/1150/1089 614/1143/1084
f 602/1147/1087 614/1143/1084 613/1145/1086
f 606/1130/1071 598/1128/1069 616/1151/1090
f 616/1151/1090 598/1128/1069 599/1152/1091
f 616/1151/1090 599/1152/1091 600/1153/1092
f 616/1151/1090 600/1153/1092 624/1154/1093
f 624/1154/1093 600/1153/1092 601/1155/1094
f 624/1154/1093 601/1155/1094 632/1156/1095
f 632/1156/1095 601/1155/1094 25/1157/1096
f 632/1156/1095 25/1157/1096 46/1158/1097
f 601/1155/1094 26/1159/1098 25/1157/1096
f 632/1156/1095 46/1158/1097 633/1160/1099
f 633/1160/1099 46/1158/1097 45/1161/1100
f 633/1160/1099 45/1161/1100 634/1162/1101
f 634/1162/1101 45/1161/1100 44/1163/1102
f 634/1162/1101 44/1163/1102 635/1164/1103
f 635/1164/1103 44/1163/1102 43/1165/1104
f 635/1164/1103 43/1165/1104 636/1166/1105
f 636/1166/1105 43/1165/1104 42/1167/1106
f 636/1166/1105 42/1167/1106 637/1168/1107
f 637/1168/1107 42/1167/1106 639/1169/1108
f 637/1168/1107 639/1169/1108 640/1170/1109
f 640/1170/1109 639/1169/1108 41/1171/1110
f 640/1170/1109 41/1171/1110 40/1172/1111
f 42/1167/1106 41/1171/1110 639/1169/1108
f 39/1173/1013 605/1174/1112 40/1172/1111
f 40/1172/1111 605/1174/1112 642/1175/1113
f 40/1172/1111 642/1175/1113 641/1176/1114
f 641/1176/1114 642/1175/1113 562/1177/989
f 641/1176/1114 562/1177/989 604/1178/1115
f 604/1178/1115 562/1177/989 561/1179/984
f 604/1178/1115 561/1179/984 631/1180/1116
f 631/1180/1116 561/1179/984 623/1181/1117
f 631/1180/1116 623/1181/1117 622/1182/1118
f 622/1182/1118 623/1181/1117 612/1142/1083
f 622/1182/1118 612/1142/1083 611/1140/1081
f 39/1173/1013 562/1177/989 605/1174/1112
f 605/1174/1112 562/1177/989 642/1175/1113
f 623/1181/1117 561/1179/984 603/1144/1085
f 603/1144/1085 561/1179/984 560/1146/978
f 85/1150/1089 84/1183/1119 614/1143/1084
f 614/1143/1084 84/1183/1119 615/1141/1082
f 84/1183/1119 83/1139/1080 615/1141/1082
f 607/1132/1073 606/1130/1071 617/1184/1120
f 617/1184/1120 606/1130/1071 616/1151/1090
f 617/1184/1120 616/1151/1090 625/1185/1121
f 625/1185/1121 616/1151/1090 624/1154/1093
f 625/1185/1121 624/1154/1093 633/1160/1099
f 633/1160/1099 624/1154/1093 632/1156/1095
f 608/1134/1075 607/1132/1073 618/1186/1122
f 618/1186/1122 607/1132/1073 617/1184/1120
f 618/1186/1122 617/1184/1120 626/1187/1123
f 626/1187/1123 617/1184/1120 625/1185/1121
f 626/1187/1123 625/1185/1121 634/1162/1101
f 634/1162/1101 625/1185/1121 633/1160/1099
f 609/1136/1077 608/1134/1075 619/1188/1124
f 619/1188/1124 608/1134/1075 618/1186/1122
f 619/1188/1124 618/1186/1122 627/1189/1125
f 627/1189/1125 618/1186/1122 626/1187/1123
f 627/1189/1125 626/1187/1123 635/1164/1103
f 635/1164/1103 626/1187/1123 634/1162/1101
f 610/1138/1079 609/1136/1077 620/1190/1126
f 620/1190/1126 609/1136/1077 619/1188/1124
f 620/1190/1126 619/1188/1124 628/1191/1127
f 628/1191/1127 619/1188/1124 627/1189/1125
f 628/1191/1127 627/1189/1125 636/1166/1105
f 636/1166/1105 627/1189/1125 635/1164/1103
f 611/1140/1081 610/1138/1079 621/1192/1128
f 621/1192/1128 610/1138/1079 620/1190/1126
f 621/1192/1128 620/1190/1126 629/1193/1129
f 629/1193/1129 620/1190/1126 628/1191/1127
f 629/1193/1129 628/1191/1127 637/1168/1107
f 637/1168/1107 628/1191/1127 636/1166/1105
f 623/1181/1117 603/1144/1085 612/1142/1083
f 611/1140/1081 621/1192/1128 622/1182/1118
f 622/1182/1118 621/1192/1128 630/1194/1130
f 622/1182/1118 630/1194/1130 631/1180/1116
f 631/1180/1116 630/1194/1130 604/1178/1115
f 630/1194/1130 621/1192/1128 629/1193/1129
f 630/1194/1130 629/1193/1129 638/1195/1131
f 638/1195/1131 629/1193/1129 637/1168/1107
f 638/1195/1131 637/1168/1107 640/1170/1109
f 641/1176/1114 604/1178/1115 638/1195/1131
f 638/1195/1131 604/1178/1115 630/1194/1130
f 641/1176/1114 638/1195/1131 640/1170/1109
f 40/1172/1111 641/1176/1114 640/1170/1109
f 644/1196/1132 645/1197/1133 651/1198/1134
f 651/1198/1134 645/1197/1133 646/1199/1135
f 651/1198/1134 646/1199/1135 647/1200/1136
f 648/1201/1137 649/1202/1138 647/1200/1136
f 647/1200/1136 649/1202/1138 650/1203/1139
f 647/1200/1136 650/1203/1139 651/1198/1134
f 655/1204/1140 644/1205/1141 654/1206/1142
f 654/1206/1142 644/1205/1141 651/1207/1143
f 654/1206/1142 651/1207/1143 650/1208/1144
f 649/1209/1145 652/1210/1146 650/1208/1144
f 650/1208/1144 652/1210/1146 653/1211/1147
f 650/1208/1144 653/1211/1147 654/1206/1142
f 649/1212/1148 648/1213/1149 652/1214/1150
f 652/1214/1150 648/1213/1149 657/1215/1151
f 657/1215/1151 648/1213/1149 656/1216/1152
f 658/1217/1153 659/1218/1154 665/1219/1155
f 665/1219/1155 659/1218/1154 660/1220/1156
f 665/1219/1155 660/1220/1156 664/1221/1157
f 664/1221/1157 660/1220/1156 661/1222/1158
f 664/1221/1157 661/1222/1158 663/1223/1159
f 663/1223/1159 661/1222/1158 662/1224/1160
f 669/1225/1161 658/1226/1162 668/1227/1163
f 668/1227/1163 658/1226/1162 665/1228/1164
f 668/1227/1163 665/1228/1164 667/1229/1165
f 667/1229/1165 665/1228/1164 664/1230/1166
f 667/1229/1165 664/1230/1166 666/1231/1167
f 666/1231/1167 664/1230/1166 663/1232/1168
f 663/1233/1169 662/1234/1170 666/1235/1171
f 666/1235/1171 662/1234/1170 671/1236/1172
f 671/1236/1172 662/1234/1170 670/1237/1173
f 672/1238/1174 673/1239/1175 679/1240/1176
f 679/1240/1176 673/1239/1175 674/1241/1177
f 679/1240/1176 674/1241/1177 675/1242/1178
f 676/1243/1179 677/1244/1180 675/1242/1178
f 675/1242/1178 677/1244/1180 678/1245/1181
f 675/1242/1178 678/1245/1181 679/1240/1176
f 683/1246/1182 672/1247/1183 682/1248/1184
f 682/1248/1184 672/1247/1183 679/1249/1185
f 682/1248/1184 679/1249/1185 678/1250/1186
f 677/1251/1187 680/1252/1188 678/1250/1186
f 678/1250/1186 680/1252/1188 681/1253/1189
f 678/1250/1186 681/1253/1189 682/1248/1184
f 677/1254/1190 676/1255/1191 680/1256/1192
f 680/1256/1192 676/1255/1191 685/1257/1193
f 685/1257/1193 676/1255/1191 684/1258/1194
f 686/1259/1195 687/1260/1196 693/1261/1197
f 693/1261/1197 687/1260/1196 688/1262/1198
f 693/1261/1197 688/1262/1198 692/1263/1199
f 692/1263/1199 688/1262/1198 689/1264/1200
f 692/1263/1199 689/1264/1200 691/1265/1201
f 691/1265/1201 689/1264/1200 690/1266/1202
f 697/1267/1203 686/1268/1204 696/1269/1205
f 696/1269/1205 686/1268/1204 693/1270/1206
f 696/1269/1205 693/1270/1206 695/1271/1207
f 695/1271/1207 693/1270/1206 692/1272/1208
f 695/1271/1207 692/1272/1208 694/1273/1209
f 694/1273/1209 692/1272/1208 691/1274/1210
f 691/1275/1211 690/1276/1212 694/1277/1213
f 694/1277/1213 690/1276/1212 699/1278/1214
f 699/1278/1214 690/1276/1212 698/1279/1215
f 601/1280/1094 719/1281/1216 26/1282/1098
f 26/1282/1098 719/1281/1216 720/1283/1217
f 26/1282/1098 720/1283/1217 440/1284/1218
f 440/1284/1218 720/1283/1217 721/1285/1219
f 440/1284/1218 721/1285/1219 722/1286/1220
f 600/1287/1092 717/1288/1221 601/1280/1094
f 601/1280/1094 717/1288/1221 718/1289/1222
f 601/1280/1094 718/1289/1222 719/1281/1216
f 717/1288/1221 600/1287/1092 716/1290/1223
f 716/1290/1223 600/1287/1092 599/1291/1091
f 716/1290/1223 599/1291/1091 715/1292/1224
f 715/1292/1224 599/1291/1091 598/1293/1069
f 715/1292/1224 598/1293/1069 714/1294/1225
f 714/1294/1225 598/1293/1069 713/1295/1226
f 713/1295/1226 598/1293/1069 76/1296/1068
f 713/1295/1226 76/1296/1068 712/1297/1227
f 712/1297/1227 76/1296/1068 519/1298/1228
f 712/1297/1227 519/1298/1228 711/1299/1229
f 711/1299/1229 519/1298/1228 710/1300/1230
f 710/1300/1230 519/1298/1228 518/1301/1231
f 710/1300/1230 518/1301/1231 709/1302/1232
f 709/1302/1232 518/1301/1231 517/1303/1233
f 709/1302/1232 517/1303/1233 708/1304/1234
f 708/1304/1234 517/1303/1233 707/1305/1235
f 707/1305/1235 517/1303/1233 516/1306/1236
f 707/1305/1235 516/1306/1236 706/1307/1237
f 706/1307/1237 516/1306/1236 705/1308/1238
f 705/1308/1238 516/1306/1236 515/1309/1239
f 705/1308/1238 515/1309/1239 704/1310/1240
f 704/1310/1240 515/1309/1239 514/1311/1241
f 704/1310/1240 514/1311/1241 703/1312/1242
f 703/1312/1242 514/1311/1241 702/1313/1243
f 702/1313/1243 514/1311/1241 513/1314/1244
f 702/1313/1243 513/1314/1244 701/1315/1245
f 701/1316/1245 513/1317/1244 512/1318/1246
f 701/1316/1245 512/1318/1246 700/1319/1247
f 700/1319/1247 512/1318/1246 763/1320/1248
f 763/1320/1248 512/1318/1246 60/1321/873
f 763/1320/1248 60/1321/873 762/1322/1249
f 762/1322/1249 60/1321/873 761/1323/1250
f 761/1323/1250 60/1321/873 495/1324/872
f 761/1323/1250 495/1324/872 760/1325/1251
f 760/1325/1251 495/1324/872 494/1326/878
f 760/1325/1251 494/1326/878 759/1327/1252
f 759/1327/1252 494/1326/878 493/1328/874
f 759/1327/1252 493/1328/874 758/1329/1253
f 758/1329/1253 493/1328/874 757/1330/1254
f 757/1330/1254 493/1328/874 492/1331/853
f 757/1330/1254 492/1331/853 756/1332/1255
f 756/1332/1255 492/1331/853 110/1333/852
f 756/1332/1255 110/1333/852 755/1334/1256
f 755/1334/1256 110/1333/852 754/1335/1257
f 754/1335/1257 110/1333/852 473/1336/1258
f 754/1335/1257 473/1336/1258 753/1337/1259
f 753/1337/1259 473/1336/1258 472/1338/1260
f 753/1337/1259 472/1338/1260 752/1339/1261
f 752/1339/1261 472/1338/1260 751/1340/1262
f 751/1340/1262 472/1338/1260 471/1341/1263
f 751/1340/1262 471/1341/1263 750/1342/1264
f 750/1342/1264 471/1341/1263 470/1343/1265
f 750/1342/1264 470/1343/1265 749/1344/1266
f 749/1344/1266 470/1343/1265 748/1345/1267
f 748/1345/1267 470/1343/1265 469/1346/1268
f 748/1345/1267 469/1346/1268 747/1347/1269
f 747/1347/1269 469/1346/1268 96/1348/744
f 747/1347/1269 96/1348/744 746/1349/1270
f 746/1349/1270 96/1348/744 745/1350/1271
f 745/1350/1271 96/1348/744 464/1351/743
f 745/1350/1271 464/1351/743 744/1352/1272
f 744/1352/1272 464/1351/743 463/1353/746
f 744/1352/1272 463/1353/746 743/1354/1273
f 743/1354/1273 463/1353/746 462/1355/745
f 743/1354/1273 462/1355/745 742/1356/1274
f 742/1356/1274 462/1355/745 741/1357/1275
f 741/1357/1275 462/1355/745 461/1358/732
f 741/1357/1275 461/1358/732 740/1359/1276
f 740/1359/1276 461/1358/732 16/1360/731
f 740/1359/1276 16/1360/731 739/1361/1277
f 739/1361/1277 16/1360/731 451/1362/1278
f 739/1361/1277 451/1362/1278 738/1363/1279
f 738/1363/1279 451/1362/1278 737/1364/1280
f 737/1364/1280 451/1362/1278 450/1365/1281
f 737/1364/1280 450/1365/1281 736/1366/1282
f 736/1366/1282 450/1365/1281 2/1367/617
f 736/1366/1282 2/1367/617 735/1368/1283
f 735/1368/1283 2/1367/617 427/1369/616
f 735/1368/1283 427/1369/616 734/1370/1284
f 734/1370/1284 427/1369/616 733/1371/1285
f 733/1371/1285 427/1369/616 426/1372/621
f 733/1371/1285 426/1372/621 732/1373/1286
f 732/1373/1286 426/1372/621 425/1374/619
f 732/1373/1286 425/1374/619 731/1375/1287
f 731/1375/1287 425/1374/619 424/1376/601
f 731/1375/1287 424/1376/601 730/1377/1288
f 730/1377/1288 424/1376/601 729/1378/1289
f 729/1378/1289 424/1376/601 50/1379/600
f 729/1378/1289 50/1379/600 728/1380/1290
f 728/1380/1290 50/1379/600 444/1381/1291
f 728/1380/1290 444/1381/1291 727/1382/1292
f 727/1382/1292 444/1381/1291 726/1383/1293
f 726/1383/1293 444/1381/1291 443/1384/1294
f 726/1383/1293 443/1384/1294 725/1385/1295
f 725/1385/1295 443/1384/1294 442/1386/1296
f 725/1385/1295 442/1386/1296 724/1387/1297
f 724/1387/1297 442/1386/1296 723/1388/1298
f 723/1388/1298 442/1386/1296 441/1389/1299
f 723/1388/1298 441/1389/1299 722/1286/1220
f 722/1286/1220 441/1389/1299 440/1284/1218
f 764/1390/1300 765/1391/1301 844/1392/1302
f 844/1392/1302 765/1391/1301 766/1393/1303
f 844/1392/1302 766/1393/1303 843/1394/1304
f 843/1394/1304 766/1393/1303 768/1395/1305
f 843/1394/1304 768/1395/1305 842/1396/1306
f 842/1396/1306 768/1395/1305 769/1397/1307
f 842/1396/1306 769/1397/1307 841/1398/1308
f 841/1398/1308 769/1397/1307 770/1399/1309
f 841/1398/1308 770/1399/1309 840/1400/1310
f 840/1400/1310 770/1399/1309 771/1401/1311
f 840/1400/1310 771/1401/1311 839/1402/1312
f 839/1402/1312 771/1401/1311 772/1403/1313
f 839/1402/1312 772/1403/1313 838/1404/1314
f 838/1404/1314 772/1403/1313 773/1405/1315
f 838/1404/1314 773/1405/1315 837/1406/1316
f 837/1406/1316 773/1405/1315 774/1407/1317
f 837/1406/1316 774/1407/1317 775/1408/1318
f 766/1393/1303 767/1409/1319 768/1395/1305
f 776/1410/1320 835/1411/1321 775/1408/1318
f 775/1408/1318 835/1411/1321 836/1412/1322
f 775/1408/1318 836/1412/1322 837/1406/1316
f 835/1411/1321 776/1410/1320 834/1413/1323
f 834/1413/1323 776/1410/1320 777/1414/1324
f 834/1413/1323 777/1414/1324 833/1415/1325
f 833/1415/1325 777/1414/1324 778/1416/1326
f 833/1415/1325 778/1416/1326 832/1417/1327
f 832/1417/1327 778/1416/1326 779/1418/1328
f 832/1417/1327 779/1418/1328 831/1419/1329
f 831/1419/1329 779/1418/1328 780/1420/1330
f 831/1419/1329 780/1420/1330 830/1421/1331
f 830/1421/1331 780/1420/1330 781/1422/1332
f 830/1421/1331 781/1422/1332 782/1423/1333
f 830/1421/1331 782/1423/1333 829/1424/1334
f 829/1424/1334 782/1423/1333 783/1425/1335
f 829/1424/1334 783/1425/1335 828/1426/1336
f 828/1426/1336 783/1425/1335 784/1427/1337
f 828/1426/1336 784/1427/1337 827/1428/1338
f 827/1428/1338 784/1427/1337 785/1429/1339
f 827/1428/1338 785/1429/1339 826/1430/1340
f 826/1430/1340 785/1429/1339 786/1431/1341
f 826/1430/1340 786/1431/1341 825/1432/1342
f 825/1432/1342 786/1431/1341 787/1433/1343
f 825/1432/1342 787/1433/1343 824/1434/1344
f 824/1434/1344 787/1433/1343 823/1435/1345
f 823/1435/1345 787/1433/1343 788/1436/1346
f 823/1435/1345 788/1436/1346 789/1437/1347
f 823/1435/1345 789/1437/1347 822/1438/1348
f 822/1438/1348 789/1437/1347 790/1439/1349
f 822/1438/1348 790/1439/1349 821/1440/1350
f 821/1440/1350 790/1439/1349 791/1441/1351
f 821/1440/1350 791/1441/1351 820/1442/1352
f 820/1442/1352 791/1441/1351 792/1443/1353
f 820/1442/1352 792/1443/1353 819/1444/1354
f 819/1444/1354 792/1443/1353 793/1445/1355
f 819/1444/1354 793/1445/1355 818/1446/1356
f 818/1446/1356 793/1445/1355 794/1447/1357
f 818/1446/1356 794/1447/1357 817/1448/1358
f 817/1448/1358 794/1447/1357 795/1449/1359
f 817/1448/1358 795/1449/1359 816/1450/1360
f 816/1450/1360 795/1449/1359 796/1451/1361
f 816/1450/1360 796/1451/1361 815/1452/1362
f 815/1452/1362 796/1451/1361 797/1453/1363
f 815/1452/1362 797/1453/1363 814/1454/1364
f 814/1454/1364 797/1453/1363 798/1455/1365
f 814/1454/1364 798/1455/1365 813/1456/1366
f 813/1456/1366 798/1455/1365 812/1457/1367
f 812/1457/1367 798/1455/1365 811/1458/1368
f 811/1458/1368 798/1455/1365 803/1459/1369
f 811/1458/1368 803/1459/1369 810/1460/1370
f 810/1460/1370 803/1459/1369 804/1461/1371
f 810/1460/1370 804/1461/1371 809/1462/1372
f 809/1462/1372 804/1461/1371 805/1463/1373
f 809/1462/1372 805/1463/1373 808/1464/1374
f 808/1464/1374 805/1463/1373 806/1465/1375
f 808/1464/1374 806/1465/1375 807/1466/1376
f 803/1459/1369 798/1455/1365 802/1467/1377
f 802/1467/1377 798/1455/1365 799/1468/1378
f 802/1467/1377 799/1468/1378 800/1469/1379
f 800/1469/1379 801/1470/1380 802/1467/1377
f 852/1471/1381 845/1472/1382 851/1473/1383
f 851/1473/1383 845/1472/1382 846/1474/1384
f 851/1473/1383 846/1474/1384 850/1475/1385
f 850/1475/1385 846/1474/1384 847/1476/1386
f 850/1475/1385 847/1476/1386 849/1477/1387
f 849/1477/1387 847/1476/1386 848/1478/1388
f 854/1479/1389 733/1480/1390 853/1481/1391
f 853/1481/1391 733/1480/1390 732/1482/1392
f 853/1481/1391 732/1482/1392 731/1483/1393
f 733/1480/1390 854/1479/1389 734/1484/1394
f 734/1484/1394 854/1479/1389 855/1485/1395
f 734/1484/1394 855/1485/1395 735/1486/1396
f 735/1486/1396 855/1485/1395 856/1487/1397
f 735/1486/1396 856/1487/1397 736/1488/1398
f 736/1488/1398 856/1487/1397 857/1489/1399
f 736/1488/1398 857/1489/1399 737/1490/1400
f 737/1490/1400 857/1489/1399 858/1491/1401
f 737/1490/1400 858/1491/1401 738/1492/1402
f 738/1492/1402 858/1491/1401 859/1493/1403
f 738/1492/1402 859/1493/1403 739/1494/1404
f 739/1494/1404 859/1493/1403 860/1495/1405
f 739/1494/1404 860/1495/1405 740/1496/1406
f 740/1496/1406 860/1495/1405 861/1497/1407
f 740/1496/1406 861/1497/1407 741/1498/1408
f 741/1498/1408 861/1497/1407 862/1499/1409
f 741/1498/1408 862/1499/1409 742/1500/1410
f 742/1500/1410 862/1499/1409 863/1501/1411
f 742/1500/1410 863/1501/1411 743/1502/1412
f 743/1502/1412 863/1501/1411 864/1503/1413
f 743/1502/1412 864/1503/1413 744/1504/1414
f 744/1504/1414 864/1503/1413 865/1505/1415
f 744/1504/1414 865/1505/1415 745/1506/1416
f 745/1506/1416 865/1505/1415 866/1507/1417
f 745/1506/1416 866/1507/1417 746/1508/1418
f 746/1508/1418 866/1507/1417 867/1509/1419
f 746/1508/1418 867/1509/1419 747/1510/1420
f 747/1510/1420 867/1509/1419 868/1511/1421
f 747/1510/1420 868/1511/1421 748/1512/1422
f 748/1512/1422 868/1511/1421 869/1513/1423
f 748/1512/1422 869/1513/1423 870/1514/1424
f 748/1512/1422 870/1514/1424 749/1515/1425
f 749/1515/1425 870/1514/1424 871/1516/1426
f 749/1515/1425 871/1516/1426 750/1517/1427
f 750/1517/1427 871/1516/1426 872/1518/1428
f 750/1517/1427 872/1518/1428 751/1519/1429
f 751/1519/1429 872/1518/1428 873/1520/1430
f 751/1519/1429 873/1520/1430 752/1521/1431
f 752/1521/1431 873/1520/1430 874/1522/1432
f 752/1521/1431 874/1522/1432 753/1523/1433
f 753/1523/1433 874/1522/1432 875/1524/1434
f 753/1523/1433 875/1524/1434 754/1525/1435
f 754/1525/1435 875/1524/1434 876/1526/1436
f 754/1525/1435 876/1526/1436 755/1527/1437
f 755/1527/1437 876/1526/1436 877/1528/1438
f 755/1527/1437 877/1528/1438 756/1529/1439
f 756/1529/1439 877/1528/1438 878/1530/1440
f 756/1529/1439 878/1530/1440 757/1531/1441
f 757/1531/1441 878/1530/1440 879/1532/1442
f 757/1531/1441 879/1532/1442 758/1533/1443
f 758/1533/1443 879/1532/1442 880/1534/1444
f 758/1533/1443 880/1534/1444 759/1535/1445
f 759/1535/1445 880/1534/1444 881/1536/1446
f 759/1535/1445 881/1536/1446 760/1537/1447
f 760/1537/1447 881/1536/1446 882/1538/1448
f 760/1537/1447 882/1538/1448 761/1539/1449
f 761/1539/1449 882/1538/1448 883/1540/1450
f 761/1539/1449 883/1540/1450 762/1541/1451
f 762/1541/1451 883/1540/1450 884/1542/1452
f 762/1541/1451 884/1542/1452 763/1543/1453
f 763/1543/1453 884/1542/1452 700/1544/1454
f 700/1544/1454 884/1542/1452 885/1545/1455
f 700/1544/1454 885/1545/1455 701/1546/1456
f 701/1546/1456 885/1545/1455 886/1547/1457
f 701/1546/1456 886/1547/1457 702/1548/1458
f 702/1548/1458 886/1547/1457 887/1549/1459
f 702/1548/1458 887/1549/1459 703/1550/1460
f 703/1550/1460 887/1549/1459 888/1551/1461
f 703/1550/1460 888/1551/1461 704/1552/1462
f 704/1552/1462 888/1551/1461 889/1553/1463
f 704/1552/1462 889/1553/1463 705/1554/1464
f 705/1554/1464 889/1553/1463 890/1555/1465
f 705/1554/1464 890/1555/1465 706/1556/1466
f 706/1556/1466 890/1555/1465 891/1557/1467
f 706/1556/1466 891/1557/1467 707/1558/1468
f 707/1558/1468 891/1557/1467 892/1559/1469
f 707/1558/1468 892/1559/1469 708/1560/1470
f 708/1560/1470 892/1559/1469 893/1561/1471
f 708/1560/1470 893/1561/1471 709/1562/1472
f 709/1562/1472 893/1561/1471 894/1563/1473
f 709/1562/1472 894/1563/1473 710/1564/1474
f 710/1564/1474 894/1563/1473 895/1565/1475
f 710/1564/1474 895/1565/1475 711/1566/1476
f 711/1566/1476 895/1565/1475 896/1567/1477
f 711/1566/1476 896/1567/1477 712/1568/1478
f 712/1568/1478 896/1567/1477 897/1569/1479
f 712/1568/1478 897/1569/1479 713/1570/1480
f 713/1570/1480 897/1569/1479 898/1571/1481
f 713/1570/1480 898/1571/1481 714/1572/1482
f 714/1572/1482 898/1571/1481 899/1573/1483
f 714/1572/1482 899/1573/1483 715/1574/1484
f 715/1574/1484 899/1573/1483 900/1575/1485
f 715/1574/1484 900/1575/1485 716/1576/1486
f 716/1576/1486 900/1575/1485 901/1577/1487
f 716/1576/1486 901/1577/1487 902/1578/1488
f 716/1576/1486 902/1578/1488 717/1579/1489
f 717/1579/1489 902/1578/1488 903/1580/1490
f 717/1579/1489 903/1580/1490 718/1581/1491
f 718/1581/1491 903/1580/1490 904/1582/1492
f 718/1581/1491 904/1582/1492 719/1583/1493
f 719/1583/1493 904/1582/1492 905/1584/1494
f 719/1583/1493 905/1584/1494 720/1585/1495
f 720/1585/1495 905/1584/1494 906/1586/1496
f 720/1585/1495 906/1586/1496 721/1587/1497
f 721/1587/1497 906/1586/1496 907/1588/1498
f 721/1587/1497 907/1588/1498 722/1589/1499
f 722/1589/1499 907/1588/1498 908/1590/1500
f 722/1589/1499 908/1590/1500 723/1591/1501
f 723/1591/1501 908/1590/1500 909/1592/1502
f 723/1591/1501 909/1592/1502 724/1593/1503
f 724/1593/1503 909/1592/1502 910/1594/1504
f 724/1593/1503 910/1594/1504 725/1595/1505
f 725/1595/1505 910/1594/1504 911/1596/1506
f 725/1595/1505 911/1596/1506 726/1597/1507
f 726/1597/1507 911/1596/1506 912/1598/1508
f 726/1597/1507 912/1598/1508 727/1599/1509
f 727/1599/1509 912/1598/1508 913/1600/1510
f 727/1599/1509 913/1600/1510 728/1601/1511
f 728/1601/1511 913/1600/1510 914/1602/1512
f 728/1601/1511 914/1602/1512 729/1603/1513
f 729/1603/1513 914/1602/1512 915/1604/1514
f 729/1603/1513 915/1604/1514 730/1605/1515
f 730/1605/1515 915/1604/1514 916/1606/1516
f 730/1605/1515 916/1606/1516 731/1483/1393
f 731/1483/1393 916/1606/1516 853/1481/1391
f 767/1607/1517 917/1608/1518 768/1609/1519
f 768/1609/1519 917/1608/1518 918/1610/1520
f 768/1609/1519 918/1610/1520 769/1611/1521
f 769/1611/1521 918/1610/1520 919/1612/1522
f 769/1611/1521 919/1612/1522 770/1613/1523
f 770/1613/1523 919/1612/1522 920/1614/1524
f 770/1613/1523 920/1614/1524 771/1615/1525
f 771/1615/1525 920/1614/1524 921/1616/1526
f 771/1615/1525 921/1616/1526 772/1617/1527
f 772/1617/1527 921/1616/1526 922/1618/1528
f 772/1617/1527 922/1618/1528 773/1619/1529
f 773/1619/1529 922/1618/1528 923/1620/1530
f 773/1619/1529 923/1620/1530 774/1621/1531
f 774/1621/1531 923/1620/1530 924/1622/1532
f 933/1623/1533 925/1624/1534 934/1625/1535
f 934/1625/1535 925/1624/1534 764/1626/1536
f 934/1625/1535 764/1626/1536 844/1627/1537
f 934/1625/1535 844/1627/1537 935/1628/1538
f 935/1628/1538 844/1627/1537 843/1629/1539
f 935/1628/1538 843/1629/1539 936/1630/1540
f 936/1630/1540 843/1629/1539 842/1631/1541
f 936/1630/1540 842/1631/1541 937/1632/1542
f 937/1632/1542 842/1631/1541 841/1633/1543
f 937/1632/1542 841/1633/1543 938/1634/1544
f 938/1634/1544 841/1633/1543 840/1635/1545
f 938/1634/1544 840/1635/1545 939/1636/1546
f 939/1636/1546 840/1635/1545 839/1637/1547
f 939/1636/1546 839/1637/1547 940/1638/1548
f 940/1638/1548 839/1637/1547 838/1639/1549
f 940/1638/1548 838/1639/1549 837/1640/1550
f 837/1640/1550 926/1641/1551 940/1638/1548
f 940/1638/1548 926/1641/1551 927/1642/1552
f 940/1638/1548 927/1642/1552 939/1636/1546
f 939/1636/1546 927/1642/1552 928/1643/1553
f 939/1636/1546 928/1643/1553 938/1634/1544
f 938/1634/1544 928/1643/1553 929/1644/1554
f 938/1634/1544 929/1644/1554 937/1632/1542
f 937/1632/1542 929/1644/1554 930/1645/1555
f 937/1632/1542 930/1645/1555 936/1630/1540
f 936/1630/1540 930/1645/1555 931/1646/1556
f 936/1630/1540 931/1646/1556 935/1628/1538
f 935/1628/1538 931/1646/1556 932/1647/1557
f 935/1628/1538 932/1647/1557 934/1625/1535
f 934/1625/1535 932/1647/1557 933/1623/1533
f 811/1648/1558 941/1649/1559 954/1650/1560
f 954/1650/1560 941/1649/1559 942/1651/1561
f 954/1650/1560 942/1651/1561 955/1652/1562
f 955/1652/1562 942/1651/1561 943/1653/1563
f 955/1652/1562 943/1653/1563 956/1654/1564
f 956/1654/1564 943/1653/1563 944/1655/1565
f 956/1654/1564 944/1655/1565 957/1656/1566
f 957/1656/1566 944/1655/1565 945/1657/1567
f 957/1656/1566 945/1657/1567 958/1658/1568
f 958/1658/1568 945/1657/1567 946/1659/1569
f 958/1658/1568 946/1659/1569 959/1660/1570
f 959/1660/1570 946/1659/1569 947/1661/1571
f 959/1660/1570 947/1661/1571 960/1662/1572
f 960/1662/1572 947/1661/1571 948/1663/1573
f 960/1662/1572 948/1663/1573 961/1664/1574
f 961/1664/1574 948/1663/1573 949/1665/1575
f 961/1664/1574 949/1665/1575 962/1666/1576
f 962/1666/1576 949/1665/1575 950/1667/1577
f 962/1666/1576 950/1667/1577 963/1668/1578
f 963/1668/1578 950/1667/1577 951/1669/1579
f 963/1668/1578 951/1669/1579 964/1670/1580
f 964/1670/1580 951/1669/1579 952/1671/1581
f 964/1670/1580 952/1671/1581 953/1672/1582
f 953/1672/1582 823/1673/1583 964/1670/1580
f 964/1670/1580 823/1673/1583 822/1674/1584
f 964/1670/1580 822/1674/1584 963/1668/1578
f 963/1668/1578 822/1674/1584 821/1675/1585
f 963/1668/1578 821/1675/1585 962/1666/1576
f 962/1666/1576 821/1675/1585 820/1676/1586
f 962/1666/1576 820/1676/1586 961/1664/1574
f 961/1664/1574 820/1676/1586 819/1677/1587
f 961/1664/1574 819/1677/1587 960/1662/1572
f 960/1662/1572 819/1677/1587 818/1678/1588
f 960/1662/1572 818/1678/1588 959/1660/1570
f 959/1660/1570 818/1678/1588 817/1679/1589
f 959/1660/1570 817/1679/1589 958/1658/1568
f 958/1658/1568 817/1679/1589 816/1680/1590
f 958/1658/1568 816/1680/1590 957/1656/1566
f 957/1656/1566 816/1680/1590 815/1681/1591
f 957/1656/1566 815/1681/1591 956/1654/1564
f 956/1654/1564 815/1681/1591 814/1682/1592
f 956/1654/1564 814/1682/1592 955/1652/1562
f 955/1652/1562 814/1682/1592 813/1683/1593
f 955/1652/1562 813/1683/1593 954/1650/1560
f 954/1650/1560 813/1683/1593 812/1684/1594
f 954/1650/1560 812/1684/1594 811/1648/1558
f 965/1685/1595 941/1686/1559 810/1687/1596
f 810/1687/1596 941/1686/1559 811/1688/1558
f 788/1689/1597 966/1690/1598 789/1691/1599
f 789/1691/1599 966/1690/1598 967/1692/1600
f 789/1691/1599 967/1692/1600 790/1693/1601
f 790/1693/1601 967/1692/1600 968/1694/1602
f 790/1693/1601 968/1694/1602 791/1695/1603
f 791/1695/1603 968/1694/1602 969/1696/1604
f 791/1695/1603 969/1696/1604 792/1697/1605
f 792/1697/1605 969/1696/1604 970/1698/1606
f 792/1697/1605 970/1698/1606 793/1699/1607
f 793/1699/1607 970/1698/1606 971/1700/1608
f 793/1699/1607 971/1700/1608 794/1701/1609
f 794/1701/1609 971/1700/1608 972/1702/1610
f 794/1701/1609 972/1702/1610 795/1703/1611
f 795/1703/1611 972/1702/1610 973/1704/1612
f 795/1703/1611 973/1704/1612 796/1705/1613
f 796/1705/1613 973/1704/1612 974/1706/1614
f 796/1705/1613 974/1706/1614 797/1707/1615
f 797/1707/1615 974/1706/1614 975/1708/1616
f 797/1707/1615 975/1708/1616 798/1709/1617
f 798/1709/1617 975/1708/1616 976/1710/1618
f 977/1711/1619 966/1712/1598 787/1713/1620
f 787/1713/1620 966/1712/1598 788/1714/1597
f 775/1715/1621 978/1716/1622 990/1717/1623
f 990/1717/1623 978/1716/1622 979/1718/1624
f 990/1717/1623 979/1718/1624 991/1719/1625
f 991/1719/1625 979/1718/1624 980/1720/1626
f 991/1719/1625 980/1720/1626 992/1721/1627
f 992/1721/1627 980/1720/1626 981/1722/1628
f 992/1721/1627 981/1722/1628 993/1723/1629
f 993/1723/1629 981/1722/1628 982/1724/1630
f 993/1723/1629 982/1724/1630 994/1725/1631
f 994/1725/1631 982/1724/1630 983/1726/1632
f 994/1725/1631 983/1726/1632 995/1727/1633
f 995/1727/1633 983/1726/1632 984/1728/1634
f 995/1727/1633 984/1728/1634 996/1729/1635
f 996/1729/1635 984/1728/1634 985/1730/1636
f 996/1729/1635 985/1730/1636 997/1731/1637
f 997/1731/1637 985/1730/1636 986/1732/1638
f 997/1731/1637 986/1732/1638 998/1733/1639
f 998/1733/1639 986/1732/1638 987/1734/1640
f 998/1733/1639 987/1734/1640 999/1735/1641
f 999/1735/1641 987/1734/1640 988/1736/1642
f 999/1735/1641 988/1736/1642 1000/1737/1643
f 1000/1737/1643 988/1736/1642 989/1738/1644
f 1000/1737/1643 989/1738/1644 977/1739/1619
f 977/1739/1619 787/1740/1620 1000/1737/1643
f 1000/1737/1643 787/1740/1620 786/1741/1645
f 1000/1737/1643 786/1741/1645 999/1735/1641
f 999/1735/1641 786/1741/1645 785/1742/1646
f 999/1735/1641 785/1742/1646 998/1733/1639
f 998/1733/1639 785/1742/1646 784/1743/1647
f 998/1733/1639 784/1743/1647 997/1731/1637
f 997/1731/1637 784/1743/1647 783/1744/1648
f 997/1731/1637 783/1744/1648 996/1729/1635
f 996/1729/1635 783/1744/1648 782/1745/1649
f 996/1729/1635 782/1745/1649 995/1727/1633
f 995/1727/1633 782/1745/1649 781/1746/1650
f 995/1727/1633 781/1746/1650 994/1725/1631
f 994/1725/1631 781/1746/1650 780/1747/1651
f 994/1725/1631 780/1747/1651 993/1723/1629
f 993/1723/1629 780/1747/1651 779/1748/1652
f 993/1723/1629 779/1748/1652 992/1721/1627
f 992/1721/1627 779/1748/1652 778/1749/1653
f 992/1721/1627 778/1749/1653 991/1719/1625
f 991/1719/1625 778/1749/1653 777/1750/1654
f 991/1719/1625 777/1750/1654 990/1717/1623
f 990/1717/1623 777/1750/1654 776/1751/1655
f 990/1717/1623 776/1751/1655 775/1715/1621
f 924/1752/1532 978/1753/1622 774/1754/1531
f 774/1754/1531 978/1753/1622 775/1755/1621
f 1001/1756/1656 926/1757/1551 836/1758/1657
f 836/1758/1657 926/1757/1551 837/1759/1550
f 824/1760/1658 1002/1761/1659 825/1762/1660
f 825/1762/1660 1002/1761/1659 1003/1763/1661
f 825/1762/1660 1003/1763/1661 826/1764/1662
f 826/1764/1662 1003/1763/1661 1004/1765/1663
f 826/1764/1662 1004/1765/1663 827/1766/1664
f 827/1766/1664 1004/1765/1663 1005/1767/1665
f 827/1766/1664 1005/1767/1665 828/1768/1666
f 828/1768/1666 1005/1767/1665 1006/1769/1667
f 828/1768/1666 1006/1769/1667 829/1770/1668
f 829/1770/1668 1006/1769/1667 1007/1771/1669
f 829/1770/1668 1007/1771/1669 830/1772/1670
f 830/1772/1670 1007/1771/1669 1008/1773/1671
f 830/1772/1670 1008/1773/1671 831/1774/1672
f 831/1774/1672 1008/1773/1671 1009/1775/1673
f 831/1774/1672 1009/1775/1673 832/1776/1674
f 832/1776/1674 1009/1775/1673 1010/1777/1675
f 832/1776/1674 1010/1777/1675 833/1778/1676
f 833/1778/1676 1010/1777/1675 1011/1779/1677
f 833/1778/1676 1011/1779/1677 834/1780/1678
f 834/1780/1678 1011/1779/1677 1012/1781/1679
f 834/1780/1678 1012/1781/1679 835/1782/1680
f 835/1782/1680 1012/1781/1679 1013/1783/1681
f 835/1782/1680 1013/1783/1681 836/1784/1657
f 836/1784/1657 1013/1783/1681 1001/1785/1656
f 953/1786/1582 1002/1787/1659 823/1788/1583
f 823/1788/1583 1002/1787/1659 824/1789/1658
f 965/1790/1682 810/1791/1683 1016/1792/1684
f 1016/1792/1684 810/1791/1683 809/1793/1685
f 1016/1792/1684 809/1793/1685 1015/1794/1686
f 1015/1794/1686 809/1793/1685 808/1795/1687
f 1015/1794/1686 808/1795/1687 1014/1796/1688
f 1014/1796/1688 808/1795/1687 807/1797/1689
f 798/1798/1690 976/1799/1691 799/1800/1692
f 799/1800/1692 976/1799/1691 1017/1801/1693
f 799/1800/1692 1017/1801/1693 800/1802/1694
f 800/1802/1694 1017/1801/1693 1018/1803/1695
f 800/1802/1694 1018/1803/1695 801/1804/1696
f 801/1804/1696 1018/1803/1695 1019/1805/1697
f 1020/1806/1698 1014/1807/1699 806/1808/1700
f 806/1808/1700 1014/1807/1699 807/1809/1701
f 802/1810/1702 1021/1811/1703 803/1812/1704
f 803/1812/1704 1021/1811/1703 1022/1813/1705
f 803/1812/1704 1022/1813/1705 804/1814/1706
f 804/1814/1706 1022/1813/1705 1023/1815/1707
f 804/1814/1706 1023/1815/1707 805/1816/1708
f 805/1816/1708 1023/1815/1707 1024/1817/1709
f 805/1816/1708 1024/1817/1709 806/1818/1710
f 806/1818/1710 1024/1817/1709 1020/1819/1711
f 1019/1820/1712 1021/1821/1713 801/1822/1714
f 801/1822/1714 1021/1821/1713 802/1823/1715
f 1026/1824/1716 854/1825/1717 1025/1826/1718
f 1025/1826/1718 854/1825/1717 853/1827/1719
f 1025/1828/1718 853/1829/1719 916/1830/1720
f 854/1825/1717 1026/1824/1716 855/1831/1721
f 855/1831/1721 1026/1824/1716 1027/1832/1722
f 855/1831/1721 1027/1832/1722 856/1833/1723
f 856/1833/1723 1027/1832/1722 857/1834/1724
f 857/1834/1724 1027/1832/1722 1028/1835/1725
f 857/1834/1724 1028/1835/1725 858/1836/1726
f 858/1836/1726 1028/1835/1725 859/1837/1727
f 859/1837/1727 1028/1835/1725 1029/1838/1728
f 859/1837/1727 1029/1838/1728 860/1839/1729
f 860/1839/1729 1029/1838/1728 1030/1840/1730
f 860/1839/1729 1030/1840/1730 861/1841/1731
f 861/1841/1731 1030/1840/1730 862/1842/1732
f 862/1842/1732 1030/1840/1730 1031/1843/1733
f 862/1842/1732 1031/1843/1733 863/1844/1734
f 863/1844/1734 1031/1843/1733 864/1845/1735
f 864/1845/1735 1031/1843/1733 1032/1846/1736
f 864/1845/1735 1032/1846/1736 865/1847/1737
f 865/1847/1737 1032/1846/1736 1033/1848/1738
f 865/1847/1737 1033/1848/1738 866/1849/1739
f 866/1849/1739 1033/1848/1738 867/1850/1740
f 867/1850/1740 1033/1848/1738 1034/1851/1741
f 867/1850/1740 1034/1851/1741 868/1852/1742
f 868/1852/1742 1034/1851/1741 869/1853/1743
f 869/1853/1743 1034/1851/1741 1035/1854/1744
f 869/1853/1743 1035/1854/1744 870/1855/1745
f 870/1855/1745 1035/1854/1744 1036/1856/1746
f 870/1855/1745 1036/1856/1746 871/1857/1747
f 871/1857/1747 1036/1856/1746 872/1858/1748
f 872/1858/1748 1036/1856/1746 1037/1859/1749
f 872/1858/1748 1037/1859/1749 873/1860/1750
f 873/1860/1750 1037/1859/1749 874/1861/1751
f 874/1861/1751 1037/1859/1749 1038/1862/1752
f 874/1861/1751 1038/1862/1752 875/1863/1753
f 875/1863/1753 1038/1862/1752 1039/1864/1754
f 875/1863/1753 1039/1864/1754 876/1865/1755
f 876/1865/1755 1039/1864/1754 877/1866/1756
f 877/1866/1756 1039/1864/1754 1040/1867/1757
f 877/1866/1756 1040/1867/1757 878/1868/1758
f 878/1868/1758 1040/1867/1757 1041/1869/1759
f 878/1868/1758 1041/1869/1759 879/1870/1760
f 879/1870/1760 1041/1869/1759 880/1871/1761
f 880/1871/1761 1041/1869/1759 1042/1872/1762
f 880/1871/1761 1042/1872/1762 881/1873/1763
f 881/1873/1763 1042/1872/1762 882/1874/1764
f 882/1874/1764 1042/1872/1762 1043/1875/1765
f 882/1874/1764 1043/1875/1765 883/1876/1766
f 883/1876/1766 1043/1875/1765 1044/1877/1767
f 883/1876/1766 1044/1877/1767 884/1878/1768
f 884/1878/1768 1044/1877/1767 885/1879/1769
f 885/1879/1769 1044/1877/1767 1045/1880/1770
f 885/1879/1769 1045/1880/1770 886/1881/1771
f 886/1881/1771 1045/1880/1770 887/1882/1772
f 887/1882/1772 1045/1880/1770 1046/1883/1773
f 887/1882/1772 1046/1883/1773 888/1884/1774
f 888/1884/1774 1046/1883/1773 1047/1885/1775
f 888/1884/1774 1047/1885/1775 889/1886/1776
f 889/1886/1776 1047/1885/1775 890/1887/1777
f 890/1887/1777 1047/1885/1775 1048/1888/1778
f 890/1887/1777 1048/1888/1778 891/1889/1779
f 891/1889/1779 1048/1888/1778 892/1890/1780
f 892/1890/1780 1048/1888/1778 1049/1891/1781
f 892/1890/1780 1049/1891/1781 893/1892/1782
f 893/1892/1782 1049/1891/1781 1050/1893/1783
f 893/1892/1782 1050/1893/1783 894/1894/1784
f 894/1894/1784 1050/1893/1783 895/1895/1785
f 895/1895/1785 1050/1893/1783 1051/1896/1786
f 895/1895/1785 1051/1896/1786 896/1897/1787
f 896/1897/1787 1051/1896/1786 1052/1898/1788
f 896/1897/1787 1052/1898/1788 897/1899/1789
f 897/1899/1789 1052/1898/1788 898/1900/1790
f 898/1900/1790 1052/1898/1788 1053/1901/1791
f 898/1900/1790 1053/1901/1791 899/1902/1792
f 899/1902/1792 1053/1901/1791 900/1903/1793
f 900/1903/1793 1053/1901/1791 1054/1904/1794
f 900/1903/1793 1054/1904/1794 901/1905/1795
f 901/1905/1795 1054/1904/1794 1055/1906/1796
f 901/1905/1795 1055/1906/1796 902/1907/1797
f 902/1907/1797 1055/1906/1796 903/1908/1798
f 903/1908/1798 1055/1906/1796 1056/1909/1799
f 903/1908/1798 1056/1909/1799 904/1910/1800
f 904/1910/1800 1056/1909/1799 905/1911/1801
f 905/1911/1801 1056/1909/1799 1057/1912/1802
f 905/1911/1801 1057/1912/1802 906/1913/1803
f 906/1913/1803 1057/1912/1802 1058/1914/1804
f 906/1913/1803 1058/1914/1804 907/1915/1805
f 907/1915/1805 1058/1914/1804 908/1916/1806
f 908/1916/1806 1058/1914/1804 1059/1917/1807
f 908/1916/1806 1059/1917/1807 909/1918/1808
f 909/1918/1808 1059/1917/1807 910/1919/1809
f 910/1919/1809 1059/1917/1807 1060/1920/1810
f 910/1919/1809 1060/1920/1810 911/1921/1811
f 911/1921/1811 1060/1920/1810 1061/1922/1812
f 911/1921/1811 1061/1922/1812 912/1923/1813
f 912/1923/1813 1061/1922/1812 913/1924/1814
f 913/1924/1814 1061/1922/1812 1062/1925/1815
f 913/1924/1814 1062/1925/1815 914/1926/1816
f 914/1926/1816 1062/1925/1815 915/1927/1817
f 915/1927/1817 1062/1925/1815 1063/1928/1818
f 915/1927/1817 1063/1928/1818 916/1830/1720
f 916/1830/1720 1063/1928/1818 1025/1828/1718
f 925/1929/1819 1064/1930/1820 764/1931/1821
f 764/1931/1821 1064/1930/1820 477/1932/1822
f 764/1931/1821 477/1932/1822 476/1933/1823
f 477/1932/1822 1064/1930/1820 478/1934/1824
f 478/1934/1824 1064/1930/1820 1065/1935/1825
f 478/1934/1824 1065/1935/1825 98/1936/716
f 98/1936/716 1065/1935/1825 1066/1937/1826
f 98/1936/716 1066/1937/1826 454/1938/717
f 454/1938/717 1066/1937/1826 1067/1939/1827
f 454/1938/717 1067/1939/1827 455/1940/722
f 455/1940/722 1067/1939/1827 456/1941/730
f 456/1941/730 1067/1939/1827 1068/1942/1828
f 456/1941/730 1068/1942/1828 457/1943/728
f 457/1943/728 1068/1942/1828 1069/1944/1829
f 457/1943/728 1069/1944/1829 14/1945/729
f 14/1945/729 1069/1944/1829 1070/1946/1830
f 14/1945/729 1070/1946/1830 452/1947/1831
f 452/1947/1831 1070/1946/1830 1071/1948/1832
f 452/1947/1831 1071/1948/1832 453/1949/1833
f 453/1949/1833 1071/1948/1832 4/1950/582
f 4/1950/582 1071/1948/1832 1072/1951/1834
f 4/1950/582 1072/1951/1834 414/1952/583
f 414/1952/583 1072/1951/1834 1073/1953/1835
f 414/1952/583 1073/1953/1835 415/1954/589
f 415/1955/589 1073/1956/1835 1074/1957/1836
f 415/1955/589 1074/1957/1836 416/1958/599
f 416/1958/599 1074/1957/1836 417/1959/597
f 417/1959/597 1074/1957/1836 1075/1960/1837
f 417/1959/597 1075/1960/1837 48/1961/598
f 48/1961/598 1075/1960/1837 1076/1962/1838
f 48/1961/598 1076/1962/1838 445/1963/1839
f 445/1963/1839 1076/1962/1838 1077/1964/1840
f 445/1963/1839 1077/1964/1840 446/1965/1841
f 446/1965/1841 1077/1964/1840 1078/1966/1842
f 446/1965/1841 1078/1966/1842 447/1967/1843
f 447/1967/1843 1078/1966/1842 1079/1968/1844
f 447/1967/1843 1079/1968/1844 448/1969/1845
f 448/1969/1845 1079/1968/1844 1107/1970/1846
f 448/1969/1845 1107/1970/1846 1100/1971/1847
f 1079/1968/1844 1080/1972/1848 1107/1970/1846
f 1107/1970/1846 1080/1972/1848 1106/1973/1849
f 1106/1973/1849 1080/1972/1848 1105/1974/1850
f 1105/1974/1850 1080/1972/1848 1104/1975/1851
f 1104/1975/1851 1080/1972/1848 1081/1976/1852
f 1104/1975/1851 1081/1976/1852 1103/1977/1853
f 1103/1977/1853 1081/1976/1852 28/1978/1015
f 1103/1977/1853 28/1978/1015 449/1979/1854
f 28/1978/1015 1081/1976/1852 563/1980/1016
f 563/1980/1016 1081/1976/1852 1082/1981/1855
f 563/1980/1016 1082/1981/1855 564/1982/1035
f 564/1982/1035 1082/1981/1855 1083/1983/1856
f 564/1982/1035 1083/1983/1856 565/1984/1042
f 565/1984/1042 1083/1983/1856 1084/1985/1857
f 565/1984/1042 1084/1985/1857 566/1986/1045
f 566/1986/1045 1084/1985/1857 1085/1987/1858
f 566/1986/1045 1085/1987/1858 74/1988/1047
f 74/1988/1047 1085/1987/1858 1111/1989/1859
f 74/1988/1047 1111/1989/1859 848/1990/1860
f 1085/1987/1858 1086/1991/1861 1111/1989/1859
f 1111/1989/1859 1086/1991/1861 1110/1992/1862
f 1110/1992/1862 1086/1991/1861 1109/1993/1863
f 1109/1993/1863 1086/1991/1861 1108/1994/1864
f 1108/1994/1864 1086/1991/1861 1087/1995/1865
f 1108/1994/1864 1087/1995/1865 845/1996/1866
f 845/1996/1866 1087/1995/1865 521/1997/1867
f 845/1996/1866 521/1997/1867 846/1998/1868
f 846/1998/1868 521/1997/1867 520/1999/1869
f 846/1998/1868 520/1999/1869 847/2000/1870
f 847/2000/1870 520/1999/1869 848/1990/1860
f 848/1990/1860 520/1999/1869 74/1988/1047
f 521/1997/1867 1087/1995/1865 522/2001/1871
f 522/2001/1871 1087/1995/1865 1088/2002/1872
f 522/2001/1871 1088/2002/1872 523/2003/1873
f 523/2003/1873 1088/2002/1872 1089/2004/1874
f 523/2003/1873 1089/2004/1874 524/2005/1875
f 524/2005/1875 1089/2004/1874 1090/2006/1876
f 524/2005/1875 1090/2006/1876 525/2007/1877
f 525/2007/1877 1090/2006/1876 1091/2008/1878
f 525/2007/1877 1091/2008/1878 526/2009/1879
f 526/2009/1879 1091/2008/1878 1092/2010/1880
f 526/2009/1879 1092/2010/1880 527/2011/1881
f 527/2011/1881 1092/2010/1880 1093/2012/1882
f 527/2011/1881 1093/2012/1882 62/2013/829
f 62/2013/829 1093/2012/1882 1094/2014/1883
f 62/2013/829 1094/2014/1883 479/2015/830
f 479/2015/830 1094/2014/1883 1095/2016/1884
f 479/2015/830 1095/2016/1884 480/2017/848
f 480/2017/848 1095/2016/1884 481/2018/851
f 481/2018/851 1095/2016/1884 1096/2019/1885
f 481/2018/851 1096/2019/1885 482/2020/846
f 482/2020/846 1096/2019/1885 1097/2021/1886
f 482/2020/846 1097/2021/1886 108/2022/847
f 108/2022/847 1097/2021/1886 1098/2023/1887
f 108/2022/847 1098/2023/1887 474/2024/1888
f 474/2024/1888 1098/2023/1887 1099/2025/1889
f 474/2024/1888 1099/2025/1889 475/2026/1890
f 475/2026/1890 1099/2025/1889 917/2027/1891
f 475/2026/1890 917/2027/1891 767/2028/1892
f 475/2026/1890 767/2028/1892 476/1933/1823
f 476/1933/1823 767/2028/1892 766/2029/1893
f 476/1933/1823 766/2029/1893 765/2030/1894
f 765/2030/1894 764/1931/1821 476/1933/1823
f 1100/1971/1847 1101/2031/1895 448/1969/1845
f 448/1969/1845 1101/2031/1895 449/1979/1854
f 449/1979/1854 1101/2031/1895 1102/2032/1896
f 449/1979/1854 1102/2032/1896 1103/1977/1853
f 1099/2033/1897 1037/2034/1898 917/2035/1899
f 917/2035/1899 1037/2034/1898 1036/2036/1900
f 917/2035/1899 1036/2036/1900 925/2037/1901
f 925/2037/1901 1036/2036/1900 1064/2038/1902
f 1064/2038/1902 1036/2036/1900 1035/2039/1903
f 1064/2038/1902 1035/2039/1903 1065/2040/1904
f 1065/2040/1904 1035/2039/1903 1034/2041/1905
f 1065/2040/1904 1034/2041/1905 1066/2042/1906
f 1066/2042/1906 1034/2041/1905 1033/2043/1907
f 1066/2042/1906 1033/2043/1907 1032/2044/1908
f 1037/2034/1898 1099/2033/1897 1038/2045/1909
f 1038/2045/1909 1099/2033/1897 1098/2046/1910
f 1038/2045/1909 1098/2046/1910 1039/2047/1911
f 1039/2047/1911 1098/2046/1910 1097/2048/1912
f 1039/2047/1911 1097/2048/1912 1040/2049/1913
f 1040/2049/1913 1097/2048/1912 1096/2050/1914
f 1040/2049/1913 1096/2050/1914 1041/2051/1915
f 1041/2051/1915 1096/2050/1914 1095/2052/1916
f 1041/2051/1915 1095/2052/1916 1042/2053/1917
f 1042/2053/1917 1095/2052/1916 1094/2054/1918
f 1042/2053/1917 1094/2054/1918 1043/2055/1919
f 1043/2055/1919 1094/2054/1918 1093/2056/1920
f 1043/2055/1919 1093/2056/1920 1044/2057/1921
f 1044/2057/1921 1093/2056/1920 1092/2058/1922
f 1044/2057/1921 1092/2058/1922 1045/2059/1923
f 1045/2059/1923 1092/2058/1922 1091/2060/1924
f 1045/2059/1923 1091/2060/1924 1046/2061/1925
f 1046/2061/1925 1091/2060/1924 1090/2062/1926
f 1046/2061/1925 1090/2062/1926 1047/2063/1927
f 1047/2063/1927 1090/2062/1926 1089/2064/1928
f 1047/2063/1927 1089/2064/1928 1048/2065/1929
f 1048/2065/1929 1089/2064/1928 1088/2066/1930
f 1048/2065/1929 1088/2066/1930 1049/2067/1931
f 1049/2067/1931 1088/2066/1930 1050/2068/1932
f 1050/2068/1932 1088/2066/1930 1087/2069/1933
f 1050/2068/1932 1087/2069/1933 1051/2070/1934
f 1051/2070/1934 1087/2069/1933 1086/2071/1935
f 1051/2070/1934 1086/2071/1935 1052/2072/1936
f 1052/2072/1936 1086/2071/1935 1085/2073/1937
f 1052/2072/1936 1085/2073/1937 1053/2074/1938
f 1053/2074/1938 1085/2073/1937 1084/2075/1939
f 1053/2074/1938 1084/2075/1939 1054/2076/1940
f 1054/2076/1940 1084/2075/1939 1083/2077/1941
f 1054/2076/1940 1083/2077/1941 1055/2078/1942
f 1055/2078/1942 1083/2077/1941 1082/2079/1943
f 1055/2078/1942 1082/2079/1943 1056/2080/1944
f 1056/2080/1944 1082/2079/1943 1081/2081/1945
f 1056/2080/1944 1081/2081/1945 1057/2082/1946
f 1057/2082/1946 1081/2081/1945 1080/2083/1947
f 1057/2082/1946 1080/2083/1947 1058/2084/1948
f 1058/2084/1948 1080/2083/1947 1079/2085/1949
f 1058/2084/1948 1079/2085/1949 1059/2086/1950
f 1059/2086/1950 1079/2085/1949 1078/2087/1951
f 1059/2086/1950 1078/2087/1951 1060/2088/1952
f 1060/2088/1952 1078/2087/1951 1077/2089/1953
f 1060/2088/1952 1077/2089/1953 1061/2090/1954
f 1061/2090/1954 1077/2089/1953 1076/2091/1955
f 1061/2090/1954 1076/2091/1955 1062/2092/1956
f 1062/2092/1956 1076/2091/1955 1075/2093/1957
f 1062/2092/1956 1075/2093/1957 1063/2094/1958
f 1063/2094/1958 1075/2093/1957 1074/2095/1959
f 1063/2094/1958 1074/2095/1959 1025/2096/1960
f 1025/2096/1960 1074/2095/1959 1073/2097/1961
f 1025/2096/1960 1073/2097/1961 1026/2098/1962
f 1026/2098/1962 1073/2097/1961 1072/2099/1963
f 1026/2098/1962 1072/2099/1963 1027/2100/1964
f 1027/2100/1964 1072/2099/1963 1071/2101/1965
f 1027/2100/1964 1071/2101/1965 1028/2102/1966
f 1028/2102/1966 1071/2101/1965 1070/2103/1967
f 1028/2102/1966 1070/2103/1967 1029/2104/1968
f 1029/2104/1968 1070/2103/1967 1069/2105/1969
f 1029/2104/1968 1069/2105/1969 1030/2106/1970
f 1030/2106/1970 1069/2105/1969 1068/2107/1971
f 1030/2106/1970 1068/2107/1971 1031/2108/1972
f 1031/2108/1972 1068/2107/1971 1067/2109/1973
f 1031/2108/1972 1067/2109/1973 1032/2044/1908
f 1032/2044/1908 1067/2109/1973 1066/2042/1906
f 925/2037/1901 933/2110/1974 917/2035/1899
f 917/2035/1899 933/2110/1974 932/2111/1975
f 917/2035/1899 932/2111/1975 918/2112/1976
f 918/2112/1976 932/2111/1975 931/2113/1977
f 918/2112/1976 931/2113/1977 919/2114/1978
f 919/2114/1978 931/2113/1977 930/2115/1979
f 919/2114/1978 930/2115/1979 920/2116/1980
f 920/2116/1980 930/2115/1979 929/2117/1981
f 920/2116/1980 929/2117/1981 921/2118/1982
f 921/2118/1982 929/2117/1981 928/2119/1983
f 921/2118/1982 928/2119/1983 922/2120/1984
f 922/2120/1984 928/2119/1983 927/2121/1985
f 922/2120/1984 927/2121/1985 923/2122/1986
f 923/2122/1986 927/2121/1985 926/2123/1987
f 923/2122/1986 926/2123/1987 924/2124/1988
f 924/2124/1988 926/2123/1987 978/2125/1989
f 978/2125/1989 926/2123/1987 1001/2126/1990
f 978/2125/1989 1001/2126/1990 979/2127/1991
f 979/2127/1991 1001/2126/1990 1013/2128/1992
f 979/2127/1991 1013/2128/1992 980/2129/1993
f 980/2129/1993 1013/2128/1992 1012/2130/1994
f 980/2129/1993 1012/2130/1994 981/2131/1995
f 981/2131/1995 1012/2130/1994 1011/2132/1996
f 981/2131/1995 1011/2132/1996 982/2133/1997
f 982/2133/1997 1011/2132/1996 1010/2134/1998
f 982/2133/1997 1010/2134/1998 983/2135/1999
f 983/2135/1999 1010/2134/1998 1009/2136/2000
f 983/2135/1999 1009/2136/2000 984/2137/2001
f 984/2137/2001 1009/2136/2000 1008/2138/2002
f 984/2137/2001 1008/2138/2002 1007/2139/2003
f 984/2137/2001 1007/2139/2003 985/2140/2004
f 985/2140/2004 1007/2139/2003 1006/2141/2005
f 985/2140/2004 1006/2141/2005 986/2142/2006
f 986/2142/2006 1006/2141/2005 1005/2143/2007
f 986/2142/2006 1005/2143/2007 987/2144/2008
f 987/2144/2008 1005/2143/2007 1004/2145/2009
f 987/2144/2008 1004/2145/2009 988/2146/2010
f 988/2146/2010 1004/2145/2009 1003/2147/2011
f 988/2146/2010 1003/2147/2011 989/2148/2012
f 989/2148/2012 1003/2147/2011 1002/2149/2013
f 989/2148/2012 1002/2149/2013 977/2150/2014
f 977/2150/2014 1002/2149/2013 953/2151/2015
f 977/2150/2014 953/2151/2015 966/2152/2016
f 966/2152/2016 953/2151/2015 967/2153/2017
f 967/2153/2017 953/2151/2015 952/2154/2018
f 967/2153/2017 952/2154/2018 968/2155/2019
f 968/2155/2019 952/2154/2018 951/2156/2020
f 968/2155/2019 951/2156/2020 969/2157/2021
f 969/2157/2021 951/2156/2020 950/2158/2022
f 969/2157/2021 950/2158/2022 970/2159/2023
f 970/2159/2023 950/2158/2022 949/2160/2024
f 970/2159/2023 949/2160/2024 971/2161/2025
f 971/2161/2025 949/2160/2024 948/2162/2026
f 971/2161/2025 948/2162/2026 972/2163/2027
f 972/2163/2027 948/2162/2026 947/2164/2028
f 972/2163/2027 947/2164/2028 973/2165/2029
f 973/2165/2029 947/2164/2028 946/2166/2030
f 973/2165/2029 946/2166/2030 974/2167/2031
f 974/2167/2031 946/2166/2030 945/2168/2032
f 974/2167/2031 945/2168/2032 975/2169/2033
f 975/2169/2033 945/2168/2032 944/2170/2034
f 975/2169/2033 944/2170/2034 976/2171/2035
f 976/2171/2035 944/2170/2034 943/2172/2036
f 976/2171/2035 943/2172/2036 942/2173/2037
f 942/2173/2037 941/2174/2038 976/2171/2035
f 976/2171/2035 941/2174/2038 1022/2175/2039
f 976/2171/2035 1022/2175/2039 1021/2176/2040
f 941/2174/2038 965/2177/2041 1022/2175/2039
f 1022/2175/2039 965/2177/2041 1023/2178/2042
f 1023/2178/2042 965/2177/2041 1016/2179/2043
f 1023/2178/2042 1016/2179/2043 1024/2180/2044
f 1024/2180/2044 1016/2179/2043 1015/2181/2045
f 1024/2180/2044 1015/2181/2045 1020/2182/2046
f 1020/2182/2046 1015/2181/2045 1014/2183/2047
f 1019/2184/2048 1018/2185/2049 1021/2176/2040
f 1021/2176/2040 1018/2185/2049 1017/2186/2050
f 1021/2176/2040 1017/2186/2050 976/2171/2035
f 1103/2187/2051 1102/2188/2052 1115/2189/2053
f 1115/2189/2053 1102/2188/2052 1114/2190/2054
f 1114/2190/2054 1102/2188/2052 1101/2191/2055
f 1114/2190/2054 1101/2191/2055 1113/2192/2056
f 1113/2192/2056 1101/2191/2055 1100/2193/2057
f 1113/2192/2056 1100/2193/2057 1112/2194/2058
f 1111/2195/2059 1116/2196/2060 848/2197/2061
f 848/2197/2061 1116/2196/2060 849/2198/2062
f 849/2198/2062 1116/2196/2060 1117/2199/2063
f 849/2198/2062 1117/2199/2063 1118/2200/2064
f 1107/2201/2065 1119/2202/2066 1100/2203/2067
f 1100/2203/2067 1119/2202/2066 1112/2204/2068
f 1112/2204/2068 1119/2202/2066 1120/2205/2069
f 1112/2204/2068 1120/2205/2069 1121/2206/2070
f 658/2207/2071 669/2208/2072 659/2209/2073
f 659/2209/2073 669/2208/2072 1122/2210/2074
f 659/2209/2073 1122/2210/2074 1123/2211/2075
f 670/2212/2076 662/2213/2077 1125/2214/2078
f 1125/2214/2078 662/2213/2077 661/2215/2079
f 1125/2214/2078 661/2215/2079 1124/2216/2080
f 1124/2216/2080 661/2215/2079 660/2217/2081
f 1124/2216/2080 660/2217/2081 1123/2218/2082
f 1123/2218/2082 660/2217/2081 659/2219/2083
f 1174/2220/2084 671/2221/2085 1160/2222/2086
f 1160/2222/2086 671/2221/2085 670/2223/2087
f 1160/2222/2086 670/2223/2087 1159/2224/2088
f 1159/2224/2088 670/2223/2087 1125/2225/2089
f 1159/2224/2088 1125/2225/2089 1158/2226/2090
f 1158/2226/2090 1125/2225/2089 1124/2227/2091
f 1158/2226/2090 1124/2227/2091 1157/2228/2092
f 1157/2228/2092 1124/2227/2091 1123/2229/2093
f 1157/2228/2092 1123/2229/2093 1122/2230/2094
f 1122/2230/2094 1126/2231/2095 1157/2228/2092
f 1157/2228/2092 1126/2231/2095 1156/2232/2096
f 1156/2232/2096 1126/2231/2095 1127/2233/2097
f 1156/2232/2096 1127/2233/2097 1155/2234/2098
f 1155/2234/2098 1127/2233/2097 1128/2235/2099
f 1155/2234/2098 1128/2235/2099 1154/2236/2100
f 1154/2236/2100 1128/2235/2099 1153/2237/2101
f 1153/2237/2101 1128/2235/2099 1129/2238/2102
f 1153/2237/2101 1129/2238/2102 1152/2239/2103
f 1152/2239/2103 1129/2238/2102 1130/2240/2104
f 1152/2239/2103 1130/2240/2104 1151/2241/2105
f 1151/2241/2105 1130/2240/2104 699/2242/2106
f 1151/2241/2105 699/2242/2106 698/2243/2107
f 698/2243/2107 1131/2244/2108 1151/2241/2105
f 1151/2241/2105 1131/2244/2108 1150/2245/2109
f 1150/2245/2109 1131/2244/2108 1132/2246/2110
f 1150/2245/2109 1132/2246/2110 1149/2247/2111
f 1149/2247/2111 1132/2246/2110 1133/2248/2112
f 1149/2247/2111 1133/2248/2112 1148/2249/2113
f 1148/2249/2113 1133/2248/2112 1134/2250/2114
f 1148/2249/2113 1134/2250/2114 1135/2251/2115
f 1148/2249/2113 1135/2251/2115 1147/2252/2116
f 1147/2252/2116 1135/2251/2115 1136/2253/2117
f 1147/2252/2116 1136/2253/2117 1146/2254/2118
f 1146/2254/2118 1136/2253/2117 1137/2255/2119
f 1146/2254/2118 1137/2255/2119 1145/2256/2120
f 1145/2256/2120 1137/2255/2119 1138/2257/2121
f 1145/2256/2120 1138/2257/2121 1144/2258/2122
f 1144/2258/2122 1138/2257/2121 685/2259/2123
f 1144/2258/2122 685/2259/2123 684/2260/2124
f 1144/2258/2122 684/2260/2124 1143/2261/2125
f 1143/2261/2125 684/2260/2124 1139/2262/2126
f 1143/2261/2125 1139/2262/2126 1140/2263/2127
f 1141/2264/2128 1142/2265/2129 1140/2263/2127
f 1140/2263/2127 1142/2265/2129 1143/2261/2125
f 1160/2222/2086 1161/2266/2130 1174/2220/2084
f 1174/2220/2084 1161/2266/2130 1173/2267/2131
f 1173/2267/2131 1161/2266/2130 1162/2268/2132
f 1173/2267/2131 1162/2268/2132 1172/2269/2133
f 1172/2269/2133 1162/2268/2132 1163/2270/2134
f 1172/2269/2133 1163/2270/2134 1171/2271/2135
f 1171/2271/2135 1163/2270/2134 1164/2272/2136
f 1171/2271/2135 1164/2272/2136 1170/2273/2137
f 1170/2273/2137 1164/2272/2136 1169/2274/2138
f 1169/2274/2138 1164/2272/2136 1165/2275/2139
f 1169/2274/2138 1165/2275/2139 1168/2276/2140
f 1168/2276/2140 1165/2275/2139 1167/2277/2141
f 1167/2277/2141 1165/2275/2139 1166/2278/2142
f 1167/2277/2141 1166/2278/2142 656/2279/2143
f 672/2280/2144 683/2281/2145 673/2282/2146
f 673/2282/2146 683/2281/2145 1175/2283/2147
f 673/2282/2146 1175/2283/2147 1141/2284/2148
f 684/2285/2149 676/2286/2150 1139/2287/2151
f 1139/2287/2151 676/2286/2150 675/2288/2152
f 1139/2287/2151 675/2288/2152 1140/2289/2153
f 1140/2289/2153 675/2288/2152 674/2290/2154
f 1140/2289/2153 674/2290/2154 1141/2291/2155
f 1141/2291/2155 674/2290/2154 673/2292/2156
f 686/2293/2157 697/2294/2158 687/2295/2159
f 687/2295/2159 697/2294/2158 1134/2296/2160
f 687/2295/2159 1134/2296/2160 1133/2297/2161
f 690/2298/2162 689/2299/2163 698/2300/2164
f 698/2300/2164 689/2299/2163 1131/2301/2165
f 1131/2301/2165 689/2299/2163 688/2302/2166
f 1131/2301/2165 688/2302/2166 1132/2303/2167
f 1132/2303/2167 688/2302/2166 687/2304/2168
f 1132/2303/2167 687/2304/2168 1133/2305/2169
f 644/2306/2170 655/2307/2171 645/2308/2172
f 645/2308/2172 655/2307/2171 1170/2309/2173
f 645/2308/2172 1170/2309/2173 1169/2310/2174
f 648/2311/2175 647/2312/2176 656/2313/2177
f 656/2313/2177 647/2312/2176 1167/2314/2178
f 1167/2314/2178 647/2312/2176 646/2315/2179
f 1167/2314/2178 646/2315/2179 1168/2316/2180
f 1168/2316/2180 646/2315/2179 645/2317/2181
f 1168/2316/2180 645/2317/2181 1169/2318/2182
f 1176/2319/2183 1115/2320/2184 1178/2321/2185
f 1178/2321/2185 1115/2320/2184 1114/2322/2186
f 1178/2321/2185 1114/2322/2186 1177/2323/2187
f 1177/2323/2187 1114/2322/2186 1113/2324/2188
f 1177/2323/2187 1113/2324/2188 1121/2325/2189
f 1121/2325/2189 1113/2324/2188 1112/2326/2190
f 1179/2327/2191 852/2328/2192 1181/2329/2193
f 1181/2329/2193 852/2328/2192 851/2330/2194
f 1181/2329/2193 851/2330/2194 1180/2331/2195
f 1180/2331/2195 851/2330/2194 850/2332/2196
f 1180/2331/2195 850/2332/2196 1118/2333/2197
f 1118/2333/2197 850/2332/2196 849/2334/2198
f 1117/2335/2199 1116/2336/2200 1187/2337/2201
f 1187/2337/2201 1116/2336/2200 1182/2338/2202
f 1187/2337/2201 1182/2338/2202 1186/2339/2203
f 1186/2339/2203 1182/2338/2202 1183/2340/2204
f 1186/2339/2203 1183/2340/2204 1185/2341/2205
f 1185/2341/2205 1183/2340/2204 1184/2342/2206
f 1111/2343/2207 1110/2344/2208 1116/2345/2209
f 1116/2345/2209 1110/2344/2208 1182/2346/2210
f 1182/2346/2210 1110/2344/2208 1109/2347/2211
f 1182/2346/2210 1109/2347/2211 1183/2348/2212
f 1183/2348/2212 1109/2347/2211 1108/2349/2213
f 1183/2348/2212 1108/2349/2213 1184/2350/2214
f 1120/2351/2215 1119/2352/2216 1193/2353/2217
f 1193/2353/2217 1119/2352/2216 1188/2354/2218
f 1193/2353/2217 1188/2354/2218 1192/2355/2219
f 1192/2355/2219 1188/2354/2218 1189/2356/2220
f 1192/2355/2219 1189/2356/2220 1191/2357/2221
f 1191/2357/2221 1189/2356/2220 1190/2358/2222
f 1119/2359/2223 1107/2360/2224 1188/2361/2225
f 1188/2361/2225 1107/2360/2224 1106/2362/2226
f 1188/2361/2225 1106/2362/2226 1189/2363/2227
f 1189/2363/2227 1106/2362/2226 1105/2364/2228
f 1189/2363/2227 1105/2364/2228 1190/2365/2229
f 1190/2365/2229 1105/2364/2228 1104/2366/2230
f 1103/2367/2231 1115/2368/2232 1104/2369/2233
f 1104/2369/2233 1115/2368/2232 1190/2370/2234
f 1190/2370/2234 1115/2368/2232 1191/2371/2235
f 1191/2371/2235 1115/2368/2232 1176/2372/2236
f 845/2373/2237 852/2374/2238 1108/2375/2239
f 1108/2375/2239 852/2374/2238 1184/2376/2240
f 1184/2376/2240 852/2374/2238 1185/2377/2241
f 1185/2377/2241 852/2374/2238 1179/2378/2242
f 1194/2379/2243 1195/2380/2244 1142/2381/2245
f 1142/2381/2245 1195/2380/2244 1143/2382/2246
f 1143/2382/2246 1195/2380/2244 1196/2383/2247
f 1143/2382/2246 1196/2383/2247 1144/2384/2248
f 1144/2384/2248 1196/2383/2247 1197/2385/2249
f 1144/2384/2248 1197/2385/2249 1145/2386/2250
f 1145/2386/2250 1197/2385/2249 1198/2387/2251
f 1145/2386/2250 1198/2387/2251 1146/2388/2252
f 1146/2388/2252 1198/2387/2251 1199/2389/2253
f 1146/2388/2252 1199/2389/2253 1147/2390/2254
f 1147/2390/2254 1199/2389/2253 1200/2391/2255
f 1147/2390/2254 1200/2391/2255 1148/2392/2256
f 1148/2392/2256 1200/2391/2255 1201/2393/2257
f 1148/2392/2256 1201/2393/2257 1149/2394/2258
f 1149/2394/2258 1201/2393/2257 1202/2395/2259
f 1149/2394/2258 1202/2395/2259 1150/2396/2260
f 1150/2396/2260 1202/2395/2259 1203/2397/2261
f 1150/2396/2260 1203/2397/2261 1151/2398/2262
f 1151/2398/2262 1203/2397/2261 1204/2399/2263
f 1151/2398/2262 1204/2399/2263 1152/2400/2264
f 1152/2400/2264 1204/2399/2263 1205/2401/2265
f 1152/2400/2264 1205/2401/2265 1153/2402/2266
f 1153/2402/2266 1205/2401/2265 1206/2403/2267
f 1153/2402/2266 1206/2403/2267 1154/2404/2268
f 1154/2404/2268 1206/2403/2267 1207/2405/2269
f 1154/2404/2268 1207/2405/2269 1155/2406/2270
f 1155/2406/2270 1207/2405/2269 1208/2407/2271
f 1155/2406/2270 1208/2407/2271 1156/2408/2272
f 1156/2408/2272 1208/2407/2271 1209/2409/2273
f 1156/2408/2272 1209/2409/2273 1157/2410/2274
f 1157/2410/2274 1209/2409/2273 1210/2411/2275
f 1157/2410/2274 1210/2411/2275 1158/2412/2276
f 1158/2412/2276 1210/2411/2275 1211/2413/2277
f 1158/2412/2276 1211/2413/2277 1159/2414/2278
f 1159/2414/2278 1211/2413/2277 1212/2415/2279
f 1159/2414/2278 1212/2415/2279 1160/2416/2280
f 1160/2416/2280 1212/2415/2279 1213/2417/2281
f 1160/2416/2280 1213/2417/2281 1161/2418/2282
f 1161/2418/2282 1213/2417/2281 1214/2419/2283
f 1161/2418/2282 1214/2419/2283 1162/2420/2284
f 1162/2420/2284 1214/2419/2283 1215/2421/2285
f 1162/2420/2284 1215/2421/2285 1163/2422/2286
f 1163/2422/2286 1215/2421/2285 1216/2423/2287
f 1163/2422/2286 1216/2423/2287 1164/2424/2288
f 1164/2424/2288 1216/2423/2287 1217/2425/2289
f 1164/2424/2288 1217/2425/2289 1218/2426/2290
f 1164/2424/2288 1218/2426/2290 1165/2427/2291
f 1165/2427/2291 1218/2426/2290 1219/2428/2292
f 1165/2427/2291 1219/2428/2292 1166/2429/2293
f 1142/2430/2294 1141/2431/2295 1194/2432/2296
f 1194/2432/2296 1141/2431/2295 1220/2433/2297
f 1220/2433/2297 1141/2431/2295 1175/2434/2298
f 1120/2435/2299 1203/2436/2300 1121/2437/2301
f 1121/2437/2301 1203/2436/2300 1229/2438/2302
f 1121/2437/2301 1229/2438/2302 1177/2439/2303
f 1177/2439/2303 1229/2438/2302 1230/2440/2304
f 1177/2439/2303 1230/2440/2304 1178/2441/2305
f 1178/2441/2305 1230/2440/2304 1176/2442/2306
f 1176/2442/2306 1230/2440/2304 1204/2443/2307
f 1176/2442/2306 1204/2443/2307 1191/2444/2308
f 1191/2444/2308 1204/2443/2307 1192/2445/2309
f 1192/2445/2309 1204/2443/2307 1193/2446/2310
f 1193/2446/2310 1204/2443/2307 1203/2436/2300
f 1193/2446/2310 1203/2436/2300 1120/2435/2299
f 1180/2447/2311 1118/2448/2312 1235/2449/2313
f 1235/2449/2313 1118/2448/2312 1117/2450/2314
f 1235/2449/2313 1117/2450/2314 1209/2451/2315
f 1209/2451/2315 1117/2450/2314 1187/2452/2316
f 1209/2451/2315 1187/2452/2316 1186/2453/2317
f 1209/2451/2315 1186/2453/2317 1210/2454/2318
f 1210/2454/2318 1186/2453/2317 1185/2455/2319
f 1210/2454/2318 1185/2455/2319 1179/2456/2320
f 1210/2454/2318 1179/2456/2320 1236/2457/2321
f 1236/2457/2321 1179/2456/2320 1181/2458/2322
f 1236/2457/2321 1181/2458/2322 1235/2449/2313
f 1235/2449/2313 1181/2458/2322 1180/2447/2311
f 1220/2459/2323 1221/2460/2324 1194/2461/2325
f 1194/2461/2325 1221/2460/2324 1195/2462/2326
f 1195/2462/2326 1221/2460/2324 1222/2463/2327
f 1195/2462/2326 1222/2463/2327 1196/2464/2328
f 1196/2464/2328 1222/2463/2327 1223/2465/2329
f 1196/2464/2328 1223/2465/2329 1197/2466/2330
f 1197/2466/2330 1223/2465/2329 1224/2467/2331
f 1197/2466/2330 1224/2467/2331 1198/2468/2332
f 1198/2468/2332 1224/2467/2331 1225/2469/2333
f 1198/2468/2332 1225/2469/2333 1199/2470/2334
f 1199/2471/2334 1225/2472/2333 1226/2473/2335
f 1199/2471/2334 1226/2473/2335 1200/2474/2336
f 1200/2474/2336 1226/2473/2335 1227/2475/2337
f 1200/2474/2336 1227/2475/2337 1201/2476/2338
f 1201/2476/2338 1227/2475/2337 1228/2477/2339
f 1201/2476/2338 1228/2477/2339 1202/2478/2340
f 1202/2478/2340 1228/2477/2339 1229/2438/2302
f 1202/2478/2340 1229/2438/2302 1203/2436/2300
f 1230/2440/2304 1231/2479/2341 1204/2443/2307
f 1204/2443/2307 1231/2479/2341 1205/2480/2342
f 1205/2480/2342 1231/2479/2341 1232/2481/2343
f 1205/2480/2342 1232/2481/2343 1206/2482/2344
f 1206/2482/2344 1232/2481/2343 1233/2483/2345
f 1206/2482/2344 1233/2483/2345 1207/2484/2346
f 1207/2484/2346 1233/2483/2345 1234/2485/2347
f 1207/2484/2346 1234/2485/2347 1208/2486/2348
f 1208/2486/2348 1234/2485/2347 1235/2449/2313
f 1208/2486/2348 1235/2449/2313 1209/2451/2315
f 1236/2457/2321 1237/2487/2349 1210/2454/2318
f 1210/2454/2318 1237/2487/2349 1211/2488/2350
f 1211/2488/2350 1237/2487/2349 1238/2489/2351
f 1211/2488/2350 1238/2489/2351 1212/2490/2352
f 1212/2490/2352 1238/2489/2351 1239/2491/2353
f 1212/2490/2352 1239/2491/2353 1213/2492/2354
f 1213/2492/2354 1239/2491/2353 1240/2493/2355
f 1213/2492/2354 1240/2493/2355 1214/2494/2356
f 1214/2494/2356 1240/2493/2355 1241/2495/2357
f 1214/2494/2356 1241/2495/2357 1215/2496/2358
f 1215/2496/2358 1241/2495/2357 1242/2497/2359
f 1215/2496/2358 1242/2497/2359 1216/2498/2360
f 1216/2498/2360 1242/2497/2359 1243/2499/2361
f 1216/2498/2360 1243/2499/2361 1217/2500/2362
f 1217/2500/2362 1243/2499/2361 1244/2501/2363
f 1217/2500/2362 1244/2501/2363 1218/2502/2364
f 1218/2502/2364 1244/2501/2363 1245/2503/2365
f 1218/2502/2364 1245/2503/2365 1219/2504/2366
f 1166/2505/2367 1219/2506/2368 656/2507/2369
f 656/2507/2369 1219/2506/2368 1245/2508/2370
f 656/2507/2369 1245/2508/2370 657/2509/2371
f 1245/2510/2372 1244/2511/2373 657/2512/2374
f 657/2512/2374 1244/2511/2373 653/2513/2375
f 657/2512/2374 653/2513/2375 652/2514/2376
f 1243/2515/2377 1170/2516/2378 1244/2511/2373
f 1244/2511/2373 1170/2516/2378 654/2517/2379
f 1244/2511/2373 654/2517/2379 653/2513/2375
f 1170/2516/2378 1243/2515/2377 1171/2518/2380
f 1171/2518/2380 1243/2515/2377 1242/2519/2381
f 1171/2518/2380 1242/2519/2381 1172/2520/2382
f 1172/2520/2382 1242/2519/2381 1241/2521/2383
f 1172/2520/2382 1241/2521/2383 1173/2522/2384
f 1173/2522/2384 1241/2521/2383 1240/2523/2385
f 1173/2522/2384 1240/2523/2385 1174/2524/2386
f 1174/2524/2386 1240/2523/2385 1239/2525/2387
f 1174/2524/2386 1239/2525/2387 671/2526/2388
f 671/2526/2388 1239/2525/2387 1238/2527/2389
f 671/2526/2388 1238/2527/2389 667/2528/2390
f 667/2528/2390 1238/2527/2389 1237/2529/2391
f 667/2528/2390 1237/2529/2391 668/2530/2392
f 668/2530/2392 1237/2529/2391 1122/2531/2393
f 668/2530/2392 1122/2531/2393 669/2532/2394
f 1237/2529/2391 1236/2533/2395 1122/2531/2393
f 1122/2531/2393 1236/2533/2395 1235/2534/2396
f 1122/2531/2393 1235/2534/2396 1126/2535/2397
f 1126/2535/2397 1235/2534/2396 1234/2536/2398
f 1126/2535/2397 1234/2536/2398 1127/2537/2399
f 1127/2537/2399 1234/2536/2398 1233/2538/2400
f 1127/2537/2399 1233/2538/2400 1128/2539/2401
f 1128/2539/2401 1233/2538/2400 1232/2540/2402
f 1128/2539/2401 1232/2540/2402 1129/2541/2403
f 1129/2541/2403 1232/2540/2402 1231/2542/2404
f 1129/2541/2403 1231/2542/2404 1130/2543/2405
f 1130/2543/2405 1231/2542/2404 1230/2544/2406
f 1130/2543/2405 1230/2544/2406 699/2545/2407
f 699/2545/2407 1230/2544/2406 1229/2546/2408
f 699/2545/2407 1229/2546/2408 695/2547/2409
f 695/2547/2409 1229/2546/2408 1228/2548/2410
f 695/2547/2409 1228/2548/2410 696/2549/2411
f 696/2549/2411 1228/2548/2410 1227/2550/2412
f 696/2549/2411 1227/2550/2412 1134/2551/2413
f 1134/2551/2413 1227/2550/2412 1226/2552/2414
f 1134/2551/2413 1226/2552/2414 1135/2553/2415
f 1135/2553/2415 1226/2552/2414 1225/2554/2416
f 1135/2553/2415 1225/2554/2416 1136/2555/2417
f 1136/2555/2417 1225/2554/2416 1224/2556/2418
f 1136/2555/2417 1224/2556/2418 1137/2557/2419
f 1137/2557/2419 1224/2556/2418 1223/2558/2420
f 1137/2557/2419 1223/2558/2420 1138/2559/2421
f 1138/2559/2421 1223/2558/2420 1222/2560/2422
f 1138/2559/2421 1222/2560/2422 685/2561/2423
f 685/2561/2423 1222/2560/2422 1221/2562/2424
f 685/2561/2423 1221/2562/2424 681/2563/2425
f 681/2563/2425 1221/2562/2424 682/2564/2426
f 682/2564/2426 1221/2562/2424 1175/2565/2427
f 682/2564/2426 1175/2565/2427 683/2566/2428
f 1221/2562/2424 1220/2567/2429 1175/2565/2427
f 681/2563/2425 680/2568/2430 685/2561/2423
f 1134/2551/2413 697/2569/2431 696/2549/2411
f 695/2547/2409 694/2570/2432 699/2545/2407
f 667/2528/2390 666/2571/2433 671/2526/2388
f 1170/2516/2378 655/2572/2434 654/2517/2379
# 1245 vertices
# 2572 texture params
# 2434 normals
# 2510 facets

# 1 groups
